2026-17-08 00:00:00;7809.25;7809.25;7804.00;7808.25
2026-17-08 00:05:00;7808.50;7810.00;7807.75;7809.50
2026-17-08 00:10:00;7809.75;7811.25;7809.25;7810.75
2026-17-08 00:15:00;7810.75;7811.00;7810.00;7810.50
2026-17-08 00:20:00;7810.25;7811.00;7809.25;7810.00
2026-17-08 00:25:00;7810.00;7810.25;7809.75;7809.75
2026-17-08 00:30:00;7810.00;7810.25;7808.50;7809.50
2026-17-08 00:35:00;7809.25;7809.50;7808.50;7809.25
2026-17-08 00:40:00;7809.25;7809.75;7809.25;7809.50
2026-17-08 00:45:00;7809.50;7810.75;7809.00;7810.50
2026-17-08 00:50:00;7810.50;7811.00;7810.25;7810.75
2026-17-08 00:55:00;7810.75;7810.75;7809.75;7810.25
2026-17-08 01:00:00;7810.50;7810.50;7809.25;7809.75
2026-17-08 01:05:00;7810.00;7810.25;7809.75;7810.00
2026-17-08 01:10:00;7810.00;7810.00;7809.00;7809.50
2026-17-08 01:15:00;7809.25;7809.25;7808.75;7809.00
2026-17-08 01:20:00;7809.25;7810.25;7809.00;7810.25
2026-17-08 01:25:00;7810.25;7810.25;7809.50;7809.75
2026-17-08 01:30:00;7809.75;7809.75;7809.00;7809.00
2026-17-08 01:35:00;7809.00;7810.50;7809.00;7810.50
2026-17-08 01:40:00;7810.25;7811.25;7810.25;7811.25
2026-17-08 01:45:00;7811.00;7812.75;7811.00;7812.50
2026-17-08 01:50:00;7812.25;7813.25;7812.25;7812.25
2026-17-08 01:55:00;7812.25;7812.75;7812.00;7812.25
2026-17-08 02:00:00;7812.25;7814.00;7811.75;7812.75
2026-17-08 02:05:00;7812.75;7813.25;7811.50;7811.50
2026-17-08 02:10:00;7811.75;7813.00;7811.50;7812.50
2026-17-08 02:15:00;7812.75;7812.75;7808.50;7809.00
2026-17-08 02:20:00;7809.00;7809.25;7808.25;7809.00
2026-17-08 02:25:00;7809.00;7810.00;7808.75;7809.25
2026-17-08 02:30:00;7809.25;7809.25;7808.00;7808.50
2026-17-08 02:35:00;7808.50;7809.00;7808.00;7808.50
2026-17-08 02:40:00;7808.50;7810.00;7808.50;7809.00
2026-17-08 02:45:00;7809.25;7810.00;7808.75;7809.75
2026-17-08 02:50:00;7809.75;7810.00;7809.50;7810.00
2026-17-08 02:55:00;7809.75;7811.00;7809.75;7810.75
2026-17-08 03:00:00;7810.75;7812.25;7810.50;7812.25
2026-17-08 03:05:00;7812.25;7812.75;7811.50;7811.75
2026-17-08 03:10:00;7811.75;7811.75;7810.50;7810.75
2026-17-08 03:15:00;7810.75;7812.50;7810.25;7812.25
2026-17-08 03:20:00;7812.25;7813.25;7812.25;7812.50
2026-17-08 03:25:00;7812.50;7813.50;7812.50;7813.25
2026-17-08 03:30:00;7813.00;7813.25;7809.50;7810.00
2026-17-08 03:35:00;7810.00;7811.50;7809.75;7811.25
2026-17-08 03:40:00;7811.50;7811.50;7808.50;7809.50
2026-17-08 03:45:00;7809.50;7809.50;7808.25;7809.00
2026-17-08 03:50:00;7808.75;7808.75;7807.00;7807.50
2026-17-08 03:55:00;7807.50;7808.00;7807.25;7807.75
2026-17-08 04:00:00;7807.50;7807.75;7806.50;7806.75
2026-17-08 04:05:00;7806.75;7807.50;7806.25;7807.50
2026-17-08 04:10:00;7807.50;7807.50;7806.50;7807.50
2026-17-08 04:15:00;7807.75;7808.50;7807.50;7808.00
2026-17-08 04:20:00;7808.00;7810.00;7808.00;7809.50
2026-17-08 04:25:00;7809.75;7809.75;7809.25;7809.50
2026-17-08 04:30:00;7809.25;7809.75;7808.75;7808.75
2026-17-08 04:35:00;7809.00;7809.25;7808.25;7808.75
2026-17-08 04:40:00;7808.75;7809.75;7808.75;7809.25
2026-17-08 04:45:00;7809.25;7809.75;7809.00;7809.75
2026-17-08 04:50:00;7809.75;7809.75;7809.00;7809.25
2026-17-08 04:55:00;7809.25;7809.25;7808.50;7808.50
2026-17-08 05:00:00;7808.75;7809.25;7808.50;7809.00
2026-17-08 05:05:00;7809.00;7809.50;7808.50;7809.50
2026-17-08 05:10:00;7809.50;7809.50;7808.00;7808.50
2026-17-08 05:15:00;7808.50;7809.75;7808.50;7809.50
2026-17-08 05:20:00;7809.50;7810.00;7809.50;7810.00
2026-17-08 05:25:00;7809.75;7810.25;7809.75;7810.00
2026-17-08 05:30:00;7810.25;7810.50;7809.25;7810.00
2026-17-08 05:35:00;7810.25;7810.75;7810.25;7810.75
2026-17-08 05:40:00;7810.75;7811.25;7810.75;7811.25
2026-17-08 05:45:00;7811.25;7812.00;7811.25;7812.00
2026-17-08 05:50:00;7811.75;7812.25;7811.50;7812.25
2026-17-08 05:55:00;7812.00;7812.75;7811.75;7812.75
2026-17-08 06:00:00;7812.75;7813.25;7812.50;7812.75
2026-17-08 06:05:00;7813.00;7813.50;7812.75;7813.00
2026-17-08 06:10:00;7813.00;7813.50;7813.00;7813.25
2026-17-08 06:15:00;7813.00;7813.00;7812.25;7812.75
2026-17-08 06:20:00;7813.00;7813.25;7812.75;7813.00
2026-17-08 06:25:00;7813.00;7813.25;7812.25;7812.25
2026-17-08 06:30:00;7812.25;7812.25;7811.50;7812.00
2026-17-08 06:35:00;7812.00;7812.50;7812.00;7812.25
2026-17-08 06:40:00;7812.50;7813.25;7812.50;7813.00
2026-17-08 06:45:00;7813.00;7813.25;7812.75;7812.75
2026-17-08 06:50:00;7812.75;7812.75;7812.00;7812.25
2026-17-08 06:55:00;7812.25;7812.50;7812.25;7812.25
2026-17-08 07:00:00;7812.25;7813.75;7812.00;7813.00
2026-17-08 07:05:00;7813.00;7814.00;7813.00;7813.75
2026-17-08 07:10:00;7814.00;7814.00;7813.25;7813.75
2026-17-08 07:15:00;7813.75;7814.00;7813.25;7813.50
2026-17-08 07:20:00;7813.50;7813.50;7812.50;7812.50
2026-17-08 07:25:00;7812.75;7813.75;7812.25;7813.75
2026-17-08 07:30:00;7813.75;7816.50;7813.75;7815.50
2026-17-08 07:35:00;7815.50;7815.75;7814.50;7815.50
2026-17-08 07:40:00;7815.50;7816.25;7815.50;7816.00
2026-17-08 07:45:00;7816.00;7817.50;7816.00;7817.50
2026-17-08 07:50:00;7817.25;7817.50;7816.75;7816.75
2026-17-08 07:55:00;7816.75;7817.50;7816.75;7817.25
2026-17-08 08:00:00;7817.50;7819.00;7816.75;7818.75
2026-17-08 08:05:00;7818.75;7819.25;7818.25;7818.50
2026-17-08 08:10:00;7818.75;7818.75;7818.25;7818.50
2026-17-08 08:15:00;7818.50;7818.50;7816.50;7817.00
2026-17-08 08:20:00;7817.00;7817.75;7816.50;7817.50
2026-17-08 08:25:00;7817.50;7819.00;7817.50;7818.75
2026-17-08 08:30:00;7818.50;7819.00;7818.00;7818.75
2026-17-08 08:35:00;7819.00;7820.00;7818.75;7819.75
2026-17-08 08:40:00;7819.50;7820.00;7818.50;7818.50
2026-17-08 08:45:00;7818.75;7819.75;7818.25;7819.75
2026-17-08 08:50:00;7819.75;7819.75;7819.25;7819.50
2026-17-08 08:55:00;7819.25;7820.25;7819.00;7819.75
2026-17-08 09:00:00;7820.00;7821.25;7819.00;7819.75
2026-17-08 09:05:00;7819.75;7820.00;7819.25;7819.50
2026-17-08 09:10:00;7819.50;7819.50;7815.50;7815.75
2026-17-08 09:15:00;7815.75;7816.00;7814.00;7814.75
2026-17-08 09:20:00;7814.75;7815.50;7814.25;7814.50
2026-17-08 09:25:00;7814.25;7817.25;7813.25;7817.25
2026-17-08 09:30:00;7817.25;7817.25;7815.75;7817.00
2026-17-08 09:35:00;7817.00;7819.25;7817.00;7818.50
2026-17-08 09:40:00;7818.75;7819.25;7818.50;7819.00
2026-17-08 09:45:00;7819.00;7820.00;7819.00;7819.50
2026-17-08 09:50:00;7819.75;7820.00;7818.25;7818.25
2026-17-08 09:55:00;7818.50;7819.00;7818.25;7819.00
2026-17-08 10:00:00;7819.00;7819.25;7816.75;7817.00
2026-17-08 10:05:00;7816.75;7817.50;7815.75;7817.00
2026-17-08 10:10:00;7817.00;7817.00;7815.50;7815.75
2026-17-08 10:15:00;7815.75;7816.50;7814.75;7815.00
2026-17-08 10:20:00;7815.00;7816.50;7814.75;7816.00
2026-17-08 10:25:00;7816.25;7817.00;7815.50;7816.25
2026-17-08 10:30:00;7816.25;7817.00;7816.00;7816.25
2026-17-08 10:35:00;7816.25;7817.00;7816.00;7816.50
2026-17-08 10:40:00;7816.50;7816.75;7814.00;7814.25
2026-17-08 10:45:00;7814.25;7815.25;7814.00;7814.50
2026-17-08 10:50:00;7814.50;7815.00;7813.75;7815.00
2026-17-08 10:55:00;7815.00;7816.50;7814.75;7816.00
2026-17-08 11:00:00;7816.25;7816.75;7815.50;7816.50
2026-17-08 11:05:00;7816.50;7817.50;7816.00;7817.50
2026-17-08 11:10:00;7817.50;7818.00;7816.75;7817.50
2026-17-08 11:15:00;7817.50;7817.75;7816.50;7816.75
2026-17-08 11:20:00;7816.75;7817.00;7816.25;7816.75
2026-17-08 11:25:00;7816.75;7817.00;7814.75;7815.25
2026-17-08 11:30:00;7815.50;7815.75;7814.00;7814.50
2026-17-08 11:35:00;7814.50;7815.75;7814.25;7814.50
2026-17-08 11:40:00;7814.75;7815.75;7814.50;7815.75
2026-17-08 11:45:00;7815.50;7817.00;7815.25;7816.00
2026-17-08 11:50:00;7816.00;7816.50;7814.75;7815.50
2026-17-08 11:55:00;7815.50;7815.75;7814.25;7815.00
2026-17-08 12:00:00;7815.00;7815.75;7814.75;7815.25
2026-17-08 12:05:00;7815.25;7816.00;7814.75;7814.75
2026-17-08 12:10:00;7814.75;7816.75;7814.75;7816.50
2026-17-08 12:15:00;7816.75;7817.75;7815.75;7816.50
2026-17-08 12:20:00;7816.50;7816.50;7814.25;7814.25
2026-17-08 12:25:00;7814.50;7824.50;7812.75;7824.00
2026-17-08 12:30:00;7824.00;7824.50;7815.50;7815.75
2026-17-08 12:35:00;7815.75;7816.75;7814.75;7816.50
2026-17-08 12:40:00;7816.50;7817.50;7816.25;7817.00
2026-17-08 12:45:00;7817.25;7817.50;7816.25;7816.25
2026-17-08 12:50:00;7816.50;7817.25;7816.25;7816.75
2026-17-08 12:55:00;7816.50;7816.75;7816.00;7816.50
2026-17-08 13:00:00;7816.25;7816.75;7815.00;7816.50
2026-17-08 13:05:00;7816.75;7818.50;7816.25;7817.75
2026-17-08 13:10:00;7817.50;7817.50;7815.50;7816.00
2026-17-08 13:15:00;7816.00;7816.00;7813.25;7813.50
2026-17-08 13:20:00;7813.50;7816.00;7813.50;7816.00
2026-17-08 13:25:00;7816.00;7816.25;7814.50;7815.50
2026-17-08 13:30:00;7815.50;7817.00;7815.00;7816.25
2026-17-08 13:35:00;7816.25;7816.50;7815.50;7816.00
2026-17-08 13:40:00;7815.75;7816.00;7814.75;7815.75
2026-17-08 13:45:00;7815.75;7816.00;7814.75;7815.25
2026-17-08 13:50:00;7815.25;7815.25;7813.25;7814.00
2026-17-08 13:55:00;7813.75;7814.25;7813.25;7813.25
2026-17-08 14:00:00;7813.50;7813.75;7809.75;7809.75
2026-17-08 14:05:00;7810.00;7813.00;7809.25;7813.00
2026-17-08 14:10:00;7813.00;7814.25;7813.00;7813.75
2026-17-08 14:15:00;7813.75;7814.25;7812.75;7813.50
2026-17-08 14:20:00;7813.50;7815.00;7813.00;7813.25
2026-17-08 14:25:00;7813.25;7814.50;7805.75;7808.00
2026-17-08 14:30:00;7808.25;7809.75;7805.50;7807.50
2026-17-08 14:35:00;7807.75;7808.00;7803.50;7803.75
2026-17-08 14:40:00;7803.75;7806.00;7802.25;7804.00
2026-17-08 14:45:00;7804.00;7804.25;7801.25;7802.50
2026-17-08 14:50:00;7802.50;7804.00;7802.00;7803.00
2026-17-08 14:55:00;7803.00;7805.00;7802.00;7803.75
2026-17-08 15:00:00;7803.50;7805.00;7803.25;7804.00
2026-17-08 15:05:00;7804.00;7806.50;7804.00;7806.00
2026-17-08 15:10:00;7806.25;7806.50;7805.00;7806.00
2026-17-08 15:15:00;7806.00;7807.25;7805.50;7806.25
2026-17-08 15:20:00;7806.25;7806.50;7804.75;7805.50
2026-17-08 15:25:00;7805.25;7808.00;7802.75;7803.00
2026-17-08 15:30:00;7803.00;7809.50;7796.25;7796.50
2026-17-08 15:35:00;7796.50;7800.25;7794.50;7796.00
2026-17-08 15:40:00;7796.00;7800.00;7794.75;7797.25
2026-17-08 15:45:00;7797.00;7802.00;7793.25;7801.00
2026-17-08 15:50:00;7801.25;7801.75;7797.00;7799.75
2026-17-08 15:55:00;7800.00;7800.00;7793.25;7794.25
2026-17-08 16:00:00;7794.50;7798.00;7791.50;7795.50
2026-17-08 16:05:00;7795.75;7796.50;7792.50;7795.75
2026-17-08 16:10:00;7795.75;7799.00;7795.00;7798.00
2026-17-08 16:15:00;7797.75;7798.00;7793.75;7795.00
2026-17-08 16:20:00;7794.75;7795.25;7791.50;7793.75
2026-17-08 16:25:00;7794.00;7796.50;7791.00;7795.75
2026-17-08 16:30:00;7795.75;7797.25;7794.75;7797.00
2026-17-08 16:35:00;7797.00;7797.00;7790.50;7791.75
2026-17-08 16:40:00;7792.00;7794.75;7791.75;7792.75
2026-17-08 16:45:00;7792.50;7795.00;7792.50;7794.25
2026-17-08 16:50:00;7794.25;7796.25;7790.00;7790.75
2026-17-08 16:55:00;7790.75;7794.00;7790.00;7794.00
2026-17-08 17:00:00;7794.00;7797.25;7792.75;7796.25
2026-17-08 17:05:00;7796.25;7797.25;7794.25;7795.00
2026-17-08 17:10:00;7795.00;7797.00;7794.50;7794.75
2026-17-08 17:15:00;7794.75;7799.00;7794.25;7798.50
2026-17-08 17:20:00;7798.50;7800.00;7797.25;7798.00
2026-17-08 17:25:00;7798.25;7799.00;7796.50;7798.50
2026-17-08 17:30:00;7798.75;7799.50;7793.25;7793.50
2026-17-08 17:35:00;7793.50;7794.50;7790.75;7791.25
2026-17-08 17:40:00;7791.25;7792.25;7788.25;7792.25
2026-17-08 17:45:00;7792.25;7793.50;7791.25;7792.00
2026-17-08 17:50:00;7792.00;7795.25;7791.25;7794.50
2026-17-08 17:55:00;7794.50;7795.50;7793.75;7794.25
2026-17-08 18:00:00;7794.25;7795.00;7792.50;7793.25
2026-17-08 18:05:00;7793.25;7794.50;7791.75;7792.25
2026-17-08 18:10:00;7792.25;7796.00;7792.25;7795.00
2026-17-08 18:15:00;7795.00;7797.25;7795.00;7796.25
2026-17-08 18:20:00;7796.25;7797.50;7795.00;7795.25
2026-17-08 18:25:00;7795.25;7795.50;7793.00;7794.00
2026-17-08 18:30:00;7794.00;7795.25;7792.00;7792.25
2026-17-08 18:35:00;7792.25;7794.25;7792.00;7794.25
2026-17-08 18:40:00;7794.25;7794.25;7790.50;7790.75
2026-17-08 18:45:00;7791.00;7792.00;7789.75;7791.25
2026-17-08 18:50:00;7791.25;7791.75;7787.50;7790.00
2026-17-08 18:55:00;7790.00;7790.25;7787.00;7788.00
2026-17-08 19:00:00;7787.75;7789.00;7786.50;7787.75
2026-17-08 19:05:00;7788.00;7788.00;7786.25;7786.75
2026-17-08 19:10:00;7786.75;7787.75;7784.00;7784.00
2026-17-08 19:15:00;7784.00;7785.75;7782.00;7783.75
2026-17-08 19:20:00;7783.75;7784.50;7777.50;7778.75
2026-17-08 19:25:00;7778.75;7779.25;7775.75;7776.75
2026-17-08 19:30:00;7776.75;7779.75;7775.00;7775.25
2026-17-08 19:35:00;7775.25;7776.50;7772.25;7772.50
2026-17-08 19:40:00;7772.25;7779.50;7772.00;7778.50
2026-17-08 19:45:00;7778.75;7779.50;7775.75;7776.25
2026-17-08 19:50:00;7776.00;7777.50;7774.75;7776.25
2026-17-08 19:55:00;7776.25;7776.75;7774.00;7775.00
2026-17-08 20:00:00;7775.25;7777.00;7773.75;7775.25
2026-17-08 20:05:00;7775.25;7777.50;7773.75;7775.00
2026-17-08 20:10:00;7775.00;7778.50;7774.25;7778.00
2026-17-08 20:15:00;7777.75;7779.00;7776.00;7776.50
2026-17-08 20:20:00;7776.50;7778.50;7775.00;7778.00
2026-17-08 20:25:00;7778.00;7779.00;7775.25;7776.50
2026-17-08 20:30:00;7776.75;7777.25;7773.25;7773.25
2026-17-08 20:35:00;7773.25;7775.75;7773.25;7775.50
2026-17-08 20:40:00;7775.25;7777.75;7774.75;7776.75
2026-17-08 20:45:00;7776.75;7778.75;7776.25;7778.00
2026-17-08 20:50:00;7778.00;7779.25;7776.00;7776.75
2026-17-08 20:55:00;7776.75;7777.00;7775.50;7776.00
2026-17-08 21:00:00;7776.00;7776.75;7773.75;7774.00
2026-17-08 21:05:00;7773.75;7775.00;7773.00;7773.50
2026-17-08 21:10:00;7773.50;7774.75;7772.00;7772.50
2026-17-08 21:15:00;7772.50;7775.75;7772.25;7774.75
2026-17-08 21:20:00;7774.75;7775.50;7773.25;7773.50
2026-17-08 21:25:00;7773.50;7775.00;7772.00;7772.00
2026-17-08 21:30:00;7772.25;7772.50;7767.75;7770.50
2026-17-08 21:35:00;7770.50;7772.25;7769.50;7771.25
2026-17-08 21:40:00;7771.00;7771.75;7769.00;7770.75
2026-17-08 21:45:00;7770.75;7774.25;7770.50;7774.00
2026-17-08 21:50:00;7774.00;7774.75;7767.00;7768.75
2026-17-08 21:55:00;7769.00;7771.25;7766.25;7768.75
2026-17-08 22:00:00;7768.75;7769.50;7766.00;7766.75
2026-17-08 22:05:00;7766.75;7768.00;7765.25;7767.50
2026-17-08 22:10:00;7767.50;7768.00;7766.75;7767.25
2026-17-08 22:15:00;7767.00;7767.50;7764.75;7767.25
2026-17-08 22:20:00;7767.25;7767.50;7766.75;7766.75
2026-17-08 22:25:00;7766.50;7766.75;7765.25;7765.75
2026-17-08 22:30:00;7765.75;7766.00;7765.00;7765.75
2026-17-08 22:35:00;7765.50;7765.75;7764.25;7764.50
2026-17-08 22:40:00;7764.50;7765.75;7764.50;7764.50
2026-17-08 22:45:00;7764.50;7764.50;7763.50;7764.25
2026-17-08 22:50:00;7764.25;7766.00;7763.50;7766.00
2026-17-08 22:55:00;7766.00;7766.50;7764.50;7765.50
2026-18-08 00:00:00;7766.00;7768.50;7766.00;7767.50
2026-18-08 00:05:00;7767.25;7768.00;7766.00;7767.75
2026-18-08 00:10:00;7767.75;7768.00;7765.00;7766.00
2026-18-08 00:15:00;7766.00;7766.50;7762.50;7764.75
2026-18-08 00:20:00;7764.75;7765.50;7763.50;7765.00
2026-18-08 00:25:00;7765.25;7766.00;7764.50;7765.25
2026-18-08 00:30:00;7765.00;7765.50;7764.00;7764.50
2026-18-08 00:35:00;7764.50;7765.00;7764.25;7764.50
2026-18-08 00:40:00;7764.50;7765.25;7764.25;7764.75
2026-18-08 00:45:00;7764.75;7765.50;7764.75;7765.25
2026-18-08 00:50:00;7765.00;7765.75;7764.75;7765.75
2026-18-08 00:55:00;7765.75;7766.00;7765.00;7765.25
2026-18-08 01:00:00;7765.25;7765.25;7763.50;7764.00
2026-18-08 01:05:00;7764.25;7765.75;7764.25;7765.25
2026-18-08 01:10:00;7765.50;7766.00;7765.00;7765.25
2026-18-08 01:15:00;7765.25;7765.25;7763.75;7764.75
2026-18-08 01:20:00;7764.75;7764.75;7764.00;7764.50
2026-18-08 01:25:00;7764.25;7765.50;7764.00;7765.25
2026-18-08 01:30:00;7765.00;7767.75;7765.00;7767.25
2026-18-08 01:35:00;7767.25;7768.25;7767.00;7768.00
2026-18-08 01:40:00;7767.75;7768.00;7767.00;7767.25
2026-18-08 01:45:00;7767.50;7767.75;7764.50;7765.75
2026-18-08 01:50:00;7765.50;7768.00;7765.50;7768.00
2026-18-08 01:55:00;7768.00;7768.50;7767.25;7768.25
2026-18-08 02:00:00;7768.00;7769.75;7767.00;7769.25
2026-18-08 02:05:00;7769.25;7769.50;7768.50;7768.75
2026-18-08 02:10:00;7769.00;7769.75;7768.25;7769.50
2026-18-08 02:15:00;7769.50;7770.50;7768.00;7770.25
2026-18-08 02:20:00;7770.00;7770.50;7768.75;7769.00
2026-18-08 02:25:00;7769.00;7769.50;7766.75;7767.50
2026-18-08 02:30:00;7767.50;7768.25;7766.75;7768.25
2026-18-08 02:35:00;7768.00;7768.50;7767.50;7767.75
2026-18-08 02:40:00;7767.50;7767.75;7766.25;7767.50
2026-18-08 02:45:00;7767.50;7767.75;7767.00;7767.75
2026-18-08 02:50:00;7767.75;7769.25;7766.25;7766.75
2026-18-08 02:55:00;7766.50;7767.25;7766.25;7766.75
2026-18-08 03:00:00;7767.00;7767.75;7766.00;7766.25
2026-18-08 03:05:00;7766.00;7767.00;7765.50;7765.75
2026-18-08 03:10:00;7766.00;7767.50;7766.00;7767.50
2026-18-08 03:15:00;7767.50;7767.50;7766.00;7766.25
2026-18-08 03:20:00;7766.50;7768.00;7765.75;7768.00
2026-18-08 03:25:00;7768.00;7768.00;7765.75;7765.75
2026-18-08 03:30:00;7766.00;7766.00;7765.00;7765.25
2026-18-08 03:35:00;7765.50;7767.00;7765.00;7765.25
2026-18-08 03:40:00;7765.25;7765.25;7761.75;7762.25
2026-18-08 03:45:00;7762.50;7762.75;7759.00;7760.75
2026-18-08 03:50:00;7760.50;7760.75;7755.25;7757.75
2026-18-08 03:55:00;7757.75;7761.50;7757.75;7761.50
2026-18-08 04:00:00;7761.50;7762.00;7760.00;7760.50
2026-18-08 04:05:00;7760.25;7760.50;7758.50;7759.50
2026-18-08 04:10:00;7759.50;7759.50;7754.50;7754.75
2026-18-08 04:15:00;7754.75;7755.50;7748.00;7752.00
2026-18-08 04:20:00;7752.00;7753.00;7749.25;7750.00
2026-18-08 04:25:00;7750.00;7750.50;7748.00;7749.25
2026-18-08 04:30:00;7749.25;7750.50;7748.75;7749.00
2026-18-08 04:35:00;7749.25;7753.25;7749.00;7752.00
2026-18-08 04:40:00;7752.25;7752.75;7747.25;7747.25
2026-18-08 04:45:00;7747.25;7749.25;7742.75;7749.00
2026-18-08 04:50:00;7749.00;7749.75;7747.50;7747.75
2026-18-08 04:55:00;7747.75;7749.75;7746.25;7749.00
2026-18-08 05:00:00;7749.25;7749.75;7748.50;7748.75
2026-18-08 05:05:00;7748.75;7749.25;7748.25;7748.50
2026-18-08 05:10:00;7748.50;7748.50;7746.75;7747.25
2026-18-08 05:15:00;7747.25;7747.50;7745.50;7746.25
2026-18-08 05:20:00;7746.25;7746.50;7742.25;7743.25
2026-18-08 05:25:00;7743.25;7745.25;7742.75;7744.25
2026-18-08 05:30:00;7744.25;7744.25;7741.25;7741.25
2026-18-08 05:35:00;7741.25;7745.50;7741.00;7745.00
2026-18-08 05:40:00;7745.00;7746.00;7744.50;7745.25
2026-18-08 05:45:00;7745.00;7746.50;7744.00;7744.00
2026-18-08 05:50:00;7744.00;7746.25;7743.75;7745.25
2026-18-08 05:55:00;7745.25;7745.50;7743.00;7743.75
2026-18-08 06:00:00;7743.75;7743.75;7741.50;7741.50
2026-18-08 06:05:00;7741.50;7744.50;7741.25;7743.50
2026-18-08 06:10:00;7743.50;7743.50;7742.00;7742.75
2026-18-08 06:15:00;7742.75;7743.50;7742.25;7743.00
2026-18-08 06:20:00;7742.75;7743.00;7740.50;7741.00
2026-18-08 06:25:00;7741.00;7744.25;7739.50;7743.75
2026-18-08 06:30:00;7743.75;7744.75;7742.75;7743.25
2026-18-08 06:35:00;7743.50;7744.75;7740.75;7741.25
2026-18-08 06:40:00;7741.50;7742.50;7741.50;7741.75
2026-18-08 06:45:00;7741.75;7742.75;7741.25;7742.75
2026-18-08 06:50:00;7742.75;7744.25;7742.50;7743.75
2026-18-08 06:55:00;7743.75;7744.50;7743.50;7743.50
2026-18-08 07:00:00;7743.50;7743.50;7736.75;7738.50
2026-18-08 07:05:00;7738.50;7741.25;7738.50;7740.00
2026-18-08 07:10:00;7740.00;7740.00;7737.00;7738.25
2026-18-08 07:15:00;7738.25;7740.25;7738.25;7740.00
2026-18-08 07:20:00;7740.25;7740.25;7738.75;7739.50
2026-18-08 07:25:00;7739.25;7740.00;7738.00;7738.00
2026-18-08 07:30:00;7738.25;7738.50;7736.75;7737.50
2026-18-08 07:35:00;7737.50;7738.25;7735.50;7736.75
2026-18-08 07:40:00;7736.75;7737.25;7736.25;7736.50
2026-18-08 07:45:00;7736.25;7737.50;7736.00;7737.50
2026-18-08 07:50:00;7737.75;7738.25;7736.25;7736.75
2026-18-08 07:55:00;7736.75;7738.50;7734.25;7735.00
2026-18-08 08:00:00;7735.25;7735.25;7726.00;7729.25
2026-18-08 08:05:00;7729.50;7730.50;7727.25;7730.50
2026-18-08 08:10:00;7730.75;7736.50;7730.75;7735.50
2026-18-08 08:15:00;7735.25;7736.25;7733.00;7735.75
2026-18-08 08:20:00;7735.75;7738.25;7734.75;7735.25
2026-18-08 08:25:00;7735.00;7737.25;7733.75;7736.25
2026-18-08 08:30:00;7736.00;7736.75;7734.25;7735.75
2026-18-08 08:35:00;7736.00;7737.50;7734.50;7737.00
2026-18-08 08:40:00;7737.00;7737.75;7736.75;7737.00
2026-18-08 08:45:00;7737.00;7738.75;7737.00;7738.00
2026-18-08 08:50:00;7738.00;7739.25;7737.25;7738.00
2026-18-08 08:55:00;7738.00;7742.25;7738.00;7742.00
2026-18-08 09:00:00;7741.75;7742.25;7738.00;7738.50
2026-18-08 09:05:00;7738.50;7741.75;7738.25;7739.25
2026-18-08 09:10:00;7739.25;7739.75;7737.00;7737.00
2026-18-08 09:15:00;7736.75;7738.50;7736.00;7737.50
2026-18-08 09:20:00;7737.50;7738.75;7737.00;7737.75
2026-18-08 09:25:00;7738.00;7738.50;7735.25;7735.50
2026-18-08 09:30:00;7735.75;7736.50;7731.50;7732.00
2026-18-08 09:35:00;7732.25;7735.75;7731.00;7735.00
2026-18-08 09:40:00;7735.25;7736.00;7730.50;7730.75
2026-18-08 09:45:00;7730.50;7731.50;7729.75;7731.25
2026-18-08 09:50:00;7731.25;7732.25;7728.50;7729.75
2026-18-08 09:55:00;7729.75;7730.25;7726.00;7726.25
2026-18-08 10:00:00;7726.50;7727.25;7716.50;7722.00
2026-18-08 10:05:00;7722.00;7723.50;7719.50;7722.50
2026-18-08 10:10:00;7722.25;7726.75;7720.75;7725.75
2026-18-08 10:15:00;7725.75;7728.50;7725.25;7726.25
2026-18-08 10:20:00;7726.75;7726.75;7722.75;7724.00
2026-18-08 10:25:00;7723.75;7727.25;7723.50;7726.25
2026-18-08 10:30:00;7726.25;7729.00;7725.25;7728.50
2026-18-08 10:35:00;7728.75;7731.75;7728.75;7731.00
2026-18-08 10:40:00;7731.00;7731.75;7729.50;7730.75
2026-18-08 10:45:00;7730.75;7730.75;7726.50;7726.50
2026-18-08 10:50:00;7726.25;7729.50;7725.75;7728.75
2026-18-08 10:55:00;7728.75;7730.25;7728.00;7729.75
2026-18-08 11:00:00;7729.75;7731.25;7727.50;7730.25
2026-18-08 11:05:00;7730.25;7730.25;7727.00;7727.25
2026-18-08 11:10:00;7727.25;7729.25;7727.00;7727.25
2026-18-08 11:15:00;7727.25;7728.00;7724.50;7725.00
2026-18-08 11:20:00;7725.00;7726.25;7724.00;7724.00
2026-18-08 11:25:00;7723.75;7727.50;7723.75;7726.50
2026-18-08 11:30:00;7726.25;7729.00;7725.25;7727.75
2026-18-08 11:35:00;7727.75;7729.00;7726.50;7726.75
2026-18-08 11:40:00;7726.75;7727.25;7722.50;7725.50
2026-18-08 11:45:00;7725.25;7726.50;7722.75;7724.50
2026-18-08 11:50:00;7724.50;7728.75;7723.25;7728.50
2026-18-08 11:55:00;7728.25;7730.75;7728.00;7729.50
2026-18-08 12:00:00;7729.50;7731.50;7728.50;7730.50
2026-18-08 12:05:00;7730.50;7732.25;7730.00;7731.50
2026-18-08 12:10:00;7731.75;7732.25;7729.25;7730.00
2026-18-08 12:15:00;7730.25;7732.00;7729.00;7729.00
2026-18-08 12:20:00;7729.00;7729.75;7728.25;7728.75
2026-18-08 12:25:00;7728.75;7731.00;7728.25;7730.75
2026-18-08 12:30:00;7730.75;7732.75;7730.50;7732.00
2026-18-08 12:35:00;7731.75;7734.00;7731.50;7732.00
2026-18-08 12:40:00;7732.00;7732.00;7729.25;7729.75
2026-18-08 12:45:00;7729.75;7734.00;7729.50;7733.75
2026-18-08 12:50:00;7733.75;7734.25;7733.25;7733.75
2026-18-08 12:55:00;7733.75;7734.00;7731.50;7731.75
2026-18-08 13:00:00;7731.75;7735.50;7730.75;7734.50
2026-18-08 13:05:00;7734.50;7735.25;7734.00;7734.25
2026-18-08 13:10:00;7734.50;7736.00;7734.25;7735.75
2026-18-08 13:15:00;7735.50;7736.25;7735.00;7736.00
2026-18-08 13:20:00;7736.00;7736.75;7734.50;7735.00
2026-18-08 13:25:00;7735.00;7736.25;7734.50;7735.25
2026-18-08 13:30:00;7735.25;7735.75;7732.75;7734.00
2026-18-08 13:35:00;7733.75;7735.00;7732.50;7732.50
2026-18-08 13:40:00;7732.50;7736.50;7732.25;7736.25
2026-18-08 13:45:00;7736.25;7738.50;7736.25;7737.75
2026-18-08 13:50:00;7737.75;7737.75;7733.75;7734.00
2026-18-08 13:55:00;7734.25;7736.75;7734.00;7734.75
2026-18-08 14:00:00;7734.75;7738.75;7733.50;7738.50
2026-18-08 14:05:00;7738.50;7738.75;7734.00;7735.00
2026-18-08 14:10:00;7734.75;7735.00;7732.75;7733.75
2026-18-08 14:15:00;7734.00;7735.25;7733.00;7735.25
2026-18-08 14:20:00;7735.25;7739.25;7734.25;7734.50
2026-18-08 14:25:00;7734.75;7734.75;7732.25;7732.75
2026-18-08 14:30:00;7732.75;7734.25;7730.25;7731.25
2026-18-08 14:35:00;7731.00;7731.50;7728.50;7729.75
2026-18-08 14:40:00;7729.75;7730.50;7729.00;7729.50
2026-18-08 14:45:00;7729.75;7732.50;7729.00;7732.25
2026-18-08 14:50:00;7732.25;7734.75;7731.75;7734.00
2026-18-08 14:55:00;7733.75;7735.75;7733.00;7735.75
2026-18-08 15:00:00;7735.50;7736.50;7732.50;7732.50
2026-18-08 15:05:00;7732.50;7733.50;7731.50;7731.75
2026-18-08 15:10:00;7731.75;7732.00;7730.00;7730.75
2026-18-08 15:15:00;7730.75;7732.00;7729.25;7729.75
2026-18-08 15:20:00;7729.50;7730.25;7725.50;7726.50
2026-18-08 15:25:00;7726.75;7729.75;7724.25;7726.50
2026-18-08 15:30:00;7726.25;7734.75;7719.00;7725.50
2026-18-08 15:35:00;7725.50;7732.00;7722.75;7731.25
2026-18-08 15:40:00;7731.25;7735.25;7727.25;7727.50
2026-18-08 15:45:00;7727.50;7731.25;7723.50;7724.75
2026-18-08 15:50:00;7724.50;7728.25;7722.00;7725.75
2026-18-08 15:55:00;7726.00;7728.50;7721.25;7724.75
2026-18-08 16:00:00;7725.00;7732.75;7721.75;7729.75
2026-18-08 16:05:00;7729.75;7732.50;7724.25;7725.50
2026-18-08 16:10:00;7725.25;7726.00;7716.50;7721.25
2026-18-08 16:15:00;7721.50;7728.75;7720.25;7725.50
2026-18-08 16:20:00;7725.75;7730.00;7720.00;7728.00
2026-18-08 16:25:00;7728.25;7730.75;7725.25;7726.50
2026-18-08 16:30:00;7726.50;7732.75;7725.50;7727.50
2026-18-08 16:35:00;7727.50;7731.75;7727.25;7731.00
2026-18-08 16:40:00;7731.00;7732.25;7723.75;7724.25
2026-18-08 16:45:00;7724.25;7726.00;7721.75;7724.75
2026-18-08 16:50:00;7724.75;7728.00;7719.00;7719.50
2026-18-08 16:55:00;7719.50;7721.75;7717.25;7719.25
2026-18-08 17:00:00;7719.50;7723.25;7714.25;7722.25
2026-18-08 17:05:00;7722.25;7724.25;7717.50;7718.25
2026-18-08 17:10:00;7718.00;7719.50;7716.25;7717.25
2026-18-08 17:15:00;7717.50;7719.50;7714.75;7714.75
2026-18-08 17:20:00;7714.50;7717.25;7713.25;7715.50
2026-18-08 17:25:00;7715.25;7720.25;7714.00;7718.50
2026-18-08 17:30:00;7718.25;7721.75;7717.00;7718.75
2026-18-08 17:35:00;7719.00;7719.00;7716.00;7718.25
2026-18-08 17:40:00;7718.25;7722.75;7716.75;7720.50
2026-18-08 17:45:00;7720.75;7725.50;7720.75;7724.00
2026-18-08 17:50:00;7724.00;7726.50;7720.75;7724.75
2026-18-08 17:55:00;7724.75;7725.00;7720.50;7723.25
2026-18-08 18:00:00;7723.25;7726.25;7722.50;7725.50
2026-18-08 18:05:00;7725.25;7727.00;7722.00;7723.50
2026-18-08 18:10:00;7723.50;7727.25;7723.50;7725.50
2026-18-08 18:15:00;7725.25;7726.25;7722.25;7723.00
2026-18-08 18:20:00;7723.00;7728.75;7723.00;7726.50
2026-18-08 18:25:00;7726.50;7727.25;7721.25;7721.75
2026-18-08 18:30:00;7721.75;7724.00;7720.50;7723.00
2026-18-08 18:35:00;7723.00;7725.50;7721.50;7724.25
2026-18-08 18:40:00;7724.25;7725.75;7721.75;7723.50
2026-18-08 18:45:00;7723.50;7728.25;7721.50;7727.75
2026-18-08 18:50:00;7727.75;7728.50;7726.00;7727.75
2026-18-08 18:55:00;7728.00;7728.00;7726.00;7726.00
2026-18-08 19:00:00;7726.00;7726.75;7723.25;7725.50
2026-18-08 19:05:00;7725.25;7727.50;7724.25;7727.50
2026-18-08 19:10:00;7727.25;7728.00;7724.75;7726.00
2026-18-08 19:15:00;7726.00;7726.25;7722.75;7723.00
2026-18-08 19:20:00;7722.75;7725.50;7722.25;7722.75
2026-18-08 19:25:00;7722.50;7723.25;7720.75;7722.75
2026-18-08 19:30:00;7722.50;7723.75;7720.75;7722.00
2026-18-08 19:35:00;7721.75;7724.00;7720.00;7722.25
2026-18-08 19:40:00;7722.00;7723.00;7720.25;7720.75
2026-18-08 19:45:00;7720.75;7722.00;7720.00;7720.00
2026-18-08 19:50:00;7720.00;7721.75;7719.50;7720.50
2026-18-08 19:55:00;7720.50;7720.50;7715.75;7716.00
2026-18-08 20:00:00;7715.75;7717.25;7715.00;7716.25
2026-18-08 20:05:00;7716.50;7717.75;7714.25;7715.00
2026-18-08 20:10:00;7715.00;7721.25;7714.50;7720.75
2026-18-08 20:15:00;7720.75;7725.25;7720.25;7723.75
2026-18-08 20:20:00;7724.00;7726.00;7722.00;7722.75
2026-18-08 20:25:00;7722.75;7724.25;7721.00;7723.75
2026-18-08 20:30:00;7723.50;7724.25;7721.50;7723.50
2026-18-08 20:35:00;7723.50;7724.50;7723.25;7723.50
2026-18-08 20:40:00;7723.25;7723.75;7721.00;7721.25
2026-18-08 20:45:00;7721.25;7722.25;7720.50;7720.75
2026-18-08 20:50:00;7720.75;7721.25;7718.00;7718.00
2026-18-08 20:55:00;7718.00;7719.25;7716.75;7717.00
2026-18-08 21:00:00;7717.00;7718.75;7716.25;7717.75
2026-18-08 21:05:00;7717.50;7719.50;7716.50;7718.50
2026-18-08 21:10:00;7718.50;7719.25;7715.50;7716.50
2026-18-08 21:15:00;7716.25;7719.00;7716.00;7719.00
2026-18-08 21:20:00;7718.75;7721.75;7717.75;7721.75
2026-18-08 21:25:00;7721.75;7722.25;7720.50;7720.75
2026-18-08 21:30:00;7720.75;7722.75;7718.75;7719.50
2026-18-08 21:35:00;7719.50;7721.00;7719.00;7720.25
2026-18-08 21:40:00;7720.00;7720.25;7717.75;7719.50
2026-18-08 21:45:00;7719.50;7720.25;7717.25;7719.50
2026-18-08 21:50:00;7719.50;7720.25;7713.25;7714.75
2026-18-08 21:55:00;7715.00;7717.75;7710.25;7715.25
2026-18-08 22:00:00;7715.25;7716.00;7712.75;7715.25
2026-18-08 22:05:00;7715.25;7716.00;7713.25;7713.50
2026-18-08 22:10:00;7713.50;7715.25;7713.25;7714.25
2026-18-08 22:15:00;7714.50;7715.25;7713.75;7714.00
2026-18-08 22:20:00;7714.25;7714.50;7712.25;7712.50
2026-18-08 22:25:00;7712.50;7714.75;7712.25;7714.50
2026-18-08 22:30:00;7714.50;7715.50;7714.00;7715.25
2026-18-08 22:35:00;7715.25;7716.00;7715.25;7715.75
2026-18-08 22:40:00;7715.75;7716.00;7714.50;7714.75
2026-18-08 22:45:00;7714.50;7715.25;7711.25;7711.50
2026-18-08 22:50:00;7711.75;7713.00;7711.50;7712.50
2026-18-08 22:55:00;7712.50;7713.50;7712.25;7713.25
2026-19-08 00:00:00;7714.00;7716.25;7712.25;7714.00
2026-19-08 00:05:00;7713.75;7715.00;7712.50;7714.00
2026-19-08 00:10:00;7714.00;7714.00;7713.00;7713.25
2026-19-08 00:15:00;7713.50;7715.50;7713.50;7715.50
2026-19-08 00:20:00;7715.50;7717.50;7715.00;7715.25
2026-19-08 00:25:00;7715.25;7715.25;7711.25;7711.25
2026-19-08 00:30:00;7711.50;7712.50;7711.00;7712.25
2026-19-08 00:35:00;7712.00;7712.25;7710.00;7710.25
2026-19-08 00:40:00;7710.00;7711.00;7709.50;7711.00
2026-19-08 00:45:00;7711.00;7711.25;7709.25;7709.75
2026-19-08 00:50:00;7710.00;7710.50;7707.50;7708.50
2026-19-08 00:55:00;7708.25;7708.50;7707.50;7707.75
2026-19-08 01:00:00;7707.75;7709.25;7706.75;7708.75
2026-19-08 01:05:00;7708.75;7711.75;7708.00;7710.50
2026-19-08 01:10:00;7710.75;7711.00;7709.50;7710.50
2026-19-08 01:15:00;7710.50;7710.75;7708.50;7709.25
2026-19-08 01:20:00;7709.25;7714.50;7709.25;7712.25
2026-19-08 01:25:00;7712.25;7712.75;7711.25;7711.25
2026-19-08 01:30:00;7711.50;7712.25;7710.75;7711.75
2026-19-08 01:35:00;7711.75;7712.25;7710.75;7711.50
2026-19-08 01:40:00;7711.75;7712.25;7711.25;7711.75
2026-19-08 01:45:00;7711.50;7712.00;7710.75;7711.50
2026-19-08 01:50:00;7711.25;7714.25;7710.75;7713.00
2026-19-08 01:55:00;7712.75;7712.75;7710.50;7710.75
2026-19-08 02:00:00;7710.50;7710.75;7702.75;7705.00
2026-19-08 02:05:00;7705.00;7706.75;7702.50;7705.00
2026-19-08 02:10:00;7705.00;7705.25;7702.00;7703.50
2026-19-08 02:15:00;7703.50;7707.00;7702.25;7706.75
2026-19-08 02:20:00;7707.00;7710.50;7705.75;7709.00
2026-19-08 02:25:00;7708.50;7711.00;7708.00;7711.00
2026-19-08 02:30:00;7711.00;7713.75;7711.00;7711.75
2026-19-08 02:35:00;7712.00;7715.50;7712.00;7715.00
2026-19-08 02:40:00;7715.00;7716.00;7714.00;7714.75
2026-19-08 02:45:00;7714.75;7715.50;7713.50;7713.75
2026-19-08 02:50:00;7713.75;7714.00;7712.00;7712.00
2026-19-08 02:55:00;7712.00;7712.75;7710.50;7711.00
2026-19-08 03:00:00;7711.00;7713.50;7709.50;7713.25
2026-19-08 03:05:00;7713.25;7715.25;7713.25;7715.00
2026-19-08 03:10:00;7715.00;7715.00;7713.50;7713.75
2026-19-08 03:15:00;7714.00;7715.00;7711.75;7715.00
2026-19-08 03:20:00;7715.00;7717.00;7714.50;7715.25
2026-19-08 03:25:00;7715.25;7716.25;7714.00;7715.75
2026-19-08 03:30:00;7715.75;7716.00;7711.75;7711.75
2026-19-08 03:35:00;7711.50;7714.50;7711.50;7714.00
2026-19-08 03:40:00;7714.00;7714.25;7710.00;7711.25
2026-19-08 03:45:00;7710.75;7711.50;7709.75;7711.00
2026-19-08 03:50:00;7711.25;7712.25;7710.50;7712.00
2026-19-08 03:55:00;7712.00;7713.00;7710.75;7711.25
2026-19-08 04:00:00;7711.25;7712.00;7709.75;7710.00
2026-19-08 04:05:00;7710.00;7710.00;7708.00;7708.75
2026-19-08 04:10:00;7708.50;7708.75;7706.00;7706.75
2026-19-08 04:15:00;7706.75;7709.75;7706.25;7707.00
2026-19-08 04:20:00;7707.00;7711.00;7706.75;7710.25
2026-19-08 04:25:00;7710.50;7711.50;7709.25;7709.50
2026-19-08 04:30:00;7709.50;7709.75;7706.50;7706.75
2026-19-08 04:35:00;7706.75;7708.25;7706.50;7708.00
2026-19-08 04:40:00;7708.00;7708.50;7707.25;7707.75
2026-19-08 04:45:00;7708.00;7710.75;7707.75;7710.00
2026-19-08 04:50:00;7710.00;7710.50;7707.75;7708.00
2026-19-08 04:55:00;7708.00;7709.75;7707.50;7709.25
2026-19-08 05:00:00;7709.50;7710.75;7709.25;7710.00
2026-19-08 05:05:00;7710.00;7710.25;7707.50;7707.75
2026-19-08 05:10:00;7707.75;7709.00;7707.00;7708.50
2026-19-08 05:15:00;7708.50;7710.25;7708.50;7709.00
2026-19-08 05:20:00;7709.25;7709.25;7707.50;7708.50
2026-19-08 05:25:00;7708.75;7709.00;7708.00;7708.75
2026-19-08 05:30:00;7708.50;7710.50;7708.00;7710.00
2026-19-08 05:35:00;7710.00;7712.00;7708.75;7709.00
2026-19-08 05:40:00;7709.25;7709.25;7708.00;7708.25
2026-19-08 05:45:00;7708.00;7708.00;7705.75;7707.00
2026-19-08 05:50:00;7707.25;7709.00;7707.00;7707.00
2026-19-08 05:55:00;7707.00;7707.50;7706.25;7706.75
2026-19-08 06:00:00;7706.50;7706.75;7705.50;7706.50
2026-19-08 06:05:00;7706.50;7706.50;7705.00;7705.25
2026-19-08 06:10:00;7705.25;7706.00;7704.50;7705.75
2026-19-08 06:15:00;7705.50;7705.75;7704.75;7705.50
2026-19-08 06:20:00;7705.50;7709.00;7705.00;7707.50
2026-19-08 06:25:00;7707.75;7708.50;7707.25;7707.50
2026-19-08 06:30:00;7707.75;7708.50;7703.75;7704.75
2026-19-08 06:35:00;7704.75;7706.25;7704.00;7704.00
2026-19-08 06:40:00;7704.25;7705.25;7703.75;7704.00
2026-19-08 06:45:00;7704.00;7704.75;7701.00;7701.50
2026-19-08 06:50:00;7701.25;7701.50;7699.50;7700.50
2026-19-08 06:55:00;7700.50;7704.50;7699.50;7704.25
2026-19-08 07:00:00;7704.25;7708.00;7703.75;7707.75
2026-19-08 07:05:00;7707.75;7708.25;7704.25;7705.50
2026-19-08 07:10:00;7705.75;7706.00;7702.00;7703.00
2026-19-08 07:15:00;7702.75;7703.50;7699.50;7700.00
2026-19-08 07:20:00;7700.00;7702.50;7699.75;7701.75
2026-19-08 07:25:00;7702.00;7704.50;7701.25;7704.25
2026-19-08 07:30:00;7704.25;7704.75;7701.75;7701.75
2026-19-08 07:35:00;7702.00;7702.75;7699.50;7701.25
2026-19-08 07:40:00;7701.00;7701.25;7698.75;7700.25
2026-19-08 07:45:00;7700.25;7701.00;7699.50;7700.25
2026-19-08 07:50:00;7700.25;7700.50;7698.50;7699.00
2026-19-08 07:55:00;7698.75;7700.00;7698.25;7699.75
2026-19-08 08:00:00;7699.50;7701.25;7699.25;7699.50
2026-19-08 08:05:00;7699.75;7700.50;7698.25;7698.50
2026-19-08 08:10:00;7698.75;7700.00;7698.25;7698.75
2026-19-08 08:15:00;7699.00;7705.75;7699.00;7705.50
2026-19-08 08:20:00;7705.25;7708.00;7705.25;7707.50
2026-19-08 08:25:00;7707.75;7708.50;7704.75;7705.75
2026-19-08 08:30:00;7705.75;7707.75;7704.75;7706.00
2026-19-08 08:35:00;7706.25;7707.25;7706.00;7706.50
2026-19-08 08:40:00;7706.50;7707.25;7703.75;7707.25
2026-19-08 08:45:00;7707.50;7711.00;7707.50;7709.75
2026-19-08 08:50:00;7710.00;7712.50;7709.50;7712.00
2026-19-08 08:55:00;7712.00;7715.00;7711.50;7714.50
2026-19-08 09:00:00;7714.50;7714.75;7709.75;7711.00
2026-19-08 09:05:00;7711.00;7713.75;7709.50;7712.75
2026-19-08 09:10:00;7713.00;7715.00;7712.75;7714.50
2026-19-08 09:15:00;7714.50;7714.75;7711.75;7712.50
2026-19-08 09:20:00;7712.50;7715.50;7712.50;7715.00
2026-19-08 09:25:00;7715.25;7715.75;7714.50;7715.75
2026-19-08 09:30:00;7715.75;7718.50;7715.75;7717.75
2026-19-08 09:35:00;7717.50;7719.00;7716.25;7716.25
2026-19-08 09:40:00;7716.50;7716.50;7713.75;7715.50
2026-19-08 09:45:00;7715.50;7717.25;7715.25;7715.50
2026-19-08 09:50:00;7715.50;7716.00;7714.50;7715.25
2026-19-08 09:55:00;7715.25;7718.75;7715.25;7718.50
2026-19-08 10:00:00;7718.25;7720.25;7716.75;7719.75
2026-19-08 10:05:00;7719.50;7720.75;7719.00;7719.50
2026-19-08 10:10:00;7719.25;7720.75;7718.50;7718.75
2026-19-08 10:15:00;7718.75;7721.25;7718.00;7720.75
2026-19-08 10:20:00;7720.75;7722.00;7719.50;7721.00
2026-19-08 10:25:00;7721.00;7721.50;7720.25;7721.50
2026-19-08 10:30:00;7721.50;7721.50;7718.50;7719.00
2026-19-08 10:35:00;7719.00;7720.25;7719.00;7720.00
2026-19-08 10:40:00;7719.75;7721.25;7719.50;7720.50
2026-19-08 10:45:00;7720.50;7721.00;7720.25;7720.50
2026-19-08 10:50:00;7720.50;7720.75;7719.00;7719.25
2026-19-08 10:55:00;7719.50;7719.75;7717.75;7718.25
2026-19-08 11:00:00;7718.00;7720.25;7717.75;7720.25
2026-19-08 11:05:00;7720.25;7720.75;7716.75;7716.75
2026-19-08 11:10:00;7716.50;7717.75;7716.50;7716.50
2026-19-08 11:15:00;7716.50;7716.50;7714.75;7715.50
2026-19-08 11:20:00;7715.50;7717.00;7715.00;7715.50
2026-19-08 11:25:00;7715.75;7716.00;7714.00;7714.25
2026-19-08 11:30:00;7714.50;7716.00;7714.00;7715.50
2026-19-08 11:35:00;7715.50;7716.50;7714.50;7715.00
2026-19-08 11:40:00;7715.00;7715.75;7713.50;7714.00
2026-19-08 11:45:00;7713.75;7715.00;7713.50;7714.25
2026-19-08 11:50:00;7714.00;7714.25;7712.25;7713.00
2026-19-08 11:55:00;7713.00;7713.75;7711.75;7713.50
2026-19-08 12:00:00;7713.50;7714.25;7711.25;7711.50
2026-19-08 12:05:00;7711.50;7712.00;7710.25;7711.25
2026-19-08 12:10:00;7711.25;7713.75;7710.75;7713.50
2026-19-08 12:15:00;7713.25;7713.25;7711.50;7711.50
2026-19-08 12:20:00;7711.50;7712.25;7709.50;7711.00
2026-19-08 12:25:00;7711.25;7713.50;7710.50;7713.00
2026-19-08 12:30:00;7713.25;7713.75;7712.00;7713.25
2026-19-08 12:35:00;7713.00;7715.50;7712.50;7715.25
2026-19-08 12:40:00;7715.00;7716.25;7714.75;7716.00
2026-19-08 12:45:00;7716.00;7716.25;7714.25;7714.25
2026-19-08 12:50:00;7714.25;7714.50;7713.25;7714.25
2026-19-08 12:55:00;7714.00;7714.25;7713.25;7713.50
2026-19-08 13:00:00;7713.50;7718.00;7713.25;7717.75
2026-19-08 13:05:00;7717.75;7719.25;7715.75;7715.75
2026-19-08 13:10:00;7715.75;7718.25;7715.75;7717.50
2026-19-08 13:15:00;7717.75;7718.50;7717.00;7718.25
2026-19-08 13:20:00;7718.00;7719.00;7716.50;7718.50
2026-19-08 13:25:00;7718.50;7718.75;7716.50;7717.50
2026-19-08 13:30:00;7717.25;7717.75;7715.50;7716.00
2026-19-08 13:35:00;7716.00;7716.75;7715.50;7716.25
2026-19-08 13:40:00;7716.00;7716.50;7713.25;7715.50
2026-19-08 13:45:00;7715.75;7717.00;7715.00;7716.00
2026-19-08 13:50:00;7716.00;7717.00;7715.50;7715.50
2026-19-08 13:55:00;7715.75;7718.00;7715.75;7718.00
2026-19-08 14:00:00;7718.00;7718.25;7715.00;7715.75
2026-19-08 14:05:00;7715.50;7718.25;7715.25;7716.25
2026-19-08 14:10:00;7716.50;7718.50;7716.50;7717.75
2026-19-08 14:15:00;7717.50;7719.00;7716.50;7718.75
2026-19-08 14:20:00;7718.75;7720.00;7718.50;7719.75
2026-19-08 14:25:00;7719.75;7720.25;7715.75;7717.00
2026-19-08 14:30:00;7717.00;7725.50;7714.75;7724.75
2026-19-08 14:35:00;7724.75;7735.00;7720.50;7734.00
2026-19-08 14:40:00;7734.00;7740.75;7733.00;7740.50
2026-19-08 14:45:00;7740.75;7751.75;7740.75;7751.75
2026-19-08 14:50:00;7751.50;7758.25;7751.25;7755.00
2026-19-08 14:55:00;7755.25;7755.25;7746.50;7748.25
2026-19-08 15:00:00;7748.00;7748.25;7740.50;7740.75
2026-19-08 15:05:00;7740.75;7746.50;7740.25;7745.25
2026-19-08 15:10:00;7745.00;7749.50;7745.00;7748.50
2026-19-08 15:15:00;7748.50;7749.00;7746.50;7748.00
2026-19-08 15:20:00;7748.00;7750.75;7747.25;7748.75
2026-19-08 15:25:00;7748.75;7750.75;7743.25;7743.75
2026-19-08 15:30:00;7743.50;7746.00;7738.25;7739.75
2026-19-08 15:35:00;7739.75;7742.00;7733.00;7734.75
2026-19-08 15:40:00;7734.75;7742.50;7732.00;7740.50
2026-19-08 15:45:00;7740.75;7745.75;7723.25;7725.25
2026-19-08 15:50:00;7725.00;7736.75;7720.75;7736.00
2026-19-08 15:55:00;7736.00;7743.25;7733.50;7739.50
2026-19-08 16:00:00;7739.75;7742.25;7735.25;7736.00
2026-19-08 16:05:00;7736.00;7740.25;7734.50;7737.75
2026-19-08 16:10:00;7737.75;7739.25;7726.50;7727.50
2026-19-08 16:15:00;7727.75;7741.00;7726.75;7737.25
2026-19-08 16:20:00;7737.25;7741.25;7733.50;7735.50
2026-19-08 16:25:00;7735.25;7740.25;7731.50;7739.50
2026-19-08 16:30:00;7739.50;7744.25;7737.75;7741.75
2026-19-08 16:35:00;7741.50;7752.75;7741.00;7751.50
2026-19-08 16:40:00;7751.50;7753.25;7748.00;7750.50
2026-19-08 16:45:00;7750.50;7752.50;7746.50;7747.25
2026-19-08 16:50:00;7747.00;7754.00;7746.75;7753.25
2026-19-08 16:55:00;7753.25;7762.25;7752.50;7761.75
2026-19-08 17:00:00;7762.00;7764.75;7760.00;7761.75
2026-19-08 17:05:00;7761.75;7762.50;7754.50;7754.75
2026-19-08 17:10:00;7755.00;7759.50;7754.50;7758.00
2026-19-08 17:15:00;7757.75;7758.25;7753.50;7754.50
2026-19-08 17:20:00;7754.50;7755.50;7751.25;7751.50
2026-19-08 17:25:00;7751.50;7752.00;7748.25;7750.75
2026-19-08 17:30:00;7750.75;7751.25;7747.00;7747.25
2026-19-08 17:35:00;7747.50;7748.75;7743.00;7744.75
2026-19-08 17:40:00;7744.75;7744.75;7740.00;7744.25
2026-19-08 17:45:00;7744.25;7748.25;7743.00;7743.25
2026-19-08 17:50:00;7743.25;7744.75;7740.00;7740.75
2026-19-08 17:55:00;7740.50;7745.75;7739.75;7745.75
2026-19-08 18:00:00;7745.75;7752.50;7743.25;7752.50
2026-19-08 18:05:00;7752.50;7755.50;7751.50;7754.75
2026-19-08 18:10:00;7754.50;7756.25;7754.25;7755.00
2026-19-08 18:15:00;7755.00;7759.50;7753.75;7758.00
2026-19-08 18:20:00;7757.75;7758.00;7753.00;7753.75
2026-19-08 18:25:00;7753.75;7753.75;7745.75;7746.00
2026-19-08 18:30:00;7746.00;7747.00;7743.50;7746.75
2026-19-08 18:35:00;7746.50;7746.75;7742.00;7744.50
2026-19-08 18:40:00;7744.50;7744.75;7741.75;7743.25
2026-19-08 18:45:00;7743.00;7743.75;7740.25;7741.00
2026-19-08 18:50:00;7741.00;7741.00;7736.50;7738.00
2026-19-08 18:55:00;7737.75;7737.75;7734.25;7736.00
2026-19-08 19:00:00;7736.00;7740.50;7735.25;7738.50
2026-19-08 19:05:00;7738.50;7741.50;7733.75;7734.25
2026-19-08 19:10:00;7734.50;7740.00;7734.25;7737.75
2026-19-08 19:15:00;7737.50;7739.25;7733.75;7733.75
2026-19-08 19:20:00;7734.00;7734.50;7729.75;7732.25
2026-19-08 19:25:00;7732.25;7736.00;7731.50;7735.00
2026-19-08 19:30:00;7734.75;7736.00;7731.25;7731.50
2026-19-08 19:35:00;7731.25;7734.25;7730.75;7731.75
2026-19-08 19:40:00;7732.00;7737.00;7731.50;7735.00
2026-19-08 19:45:00;7735.00;7737.25;7734.25;7734.75
2026-19-08 19:50:00;7734.75;7738.50;7734.00;7735.50
2026-19-08 19:55:00;7735.50;7735.50;7732.75;7734.75
2026-19-08 20:00:00;7734.50;7745.00;7733.25;7740.75
2026-19-08 20:05:00;7740.50;7742.00;7729.00;7729.25
2026-19-08 20:10:00;7729.00;7736.50;7729.00;7734.00
2026-19-08 20:15:00;7734.00;7734.25;7730.00;7732.25
2026-19-08 20:20:00;7732.50;7734.25;7731.25;7732.00
2026-19-08 20:25:00;7732.25;7735.75;7731.75;7735.00
2026-19-08 20:30:00;7735.00;7739.75;7735.00;7738.50
2026-19-08 20:35:00;7738.50;7738.75;7736.00;7737.00
2026-19-08 20:40:00;7737.25;7740.50;7736.50;7737.25
2026-19-08 20:45:00;7737.50;7737.75;7735.25;7737.50
2026-19-08 20:50:00;7737.75;7738.00;7734.00;7736.25
2026-19-08 20:55:00;7736.00;7737.00;7734.50;7734.75
2026-19-08 21:00:00;7734.75;7737.50;7733.75;7735.75
2026-19-08 21:05:00;7736.00;7739.25;7734.50;7738.50
2026-19-08 21:10:00;7738.50;7739.00;7736.25;7736.50
2026-19-08 21:15:00;7736.50;7739.75;7735.75;7739.75
2026-19-08 21:20:00;7739.50;7740.00;7736.25;7739.00
2026-19-08 21:25:00;7738.75;7740.00;7735.25;7735.75
2026-19-08 21:30:00;7735.75;7743.50;7735.50;7741.50
2026-19-08 21:35:00;7741.50;7741.75;7731.25;7731.50
2026-19-08 21:40:00;7731.25;7733.75;7729.25;7729.50
2026-19-08 21:45:00;7729.25;7730.50;7724.75;7727.25
2026-19-08 21:50:00;7727.25;7728.50;7722.25;7727.00
2026-19-08 21:55:00;7727.00;7731.75;7721.75;7731.25
2026-19-08 22:00:00;7731.25;7732.75;7729.00;7730.00
2026-19-08 22:05:00;7730.00;7730.25;7725.75;7729.25
2026-19-08 22:10:00;7729.25;7730.25;7728.50;7728.50
2026-19-08 22:15:00;7728.50;7728.75;7726.25;7727.25
2026-19-08 22:20:00;7727.50;7728.00;7727.00;7727.25
2026-19-08 22:25:00;7727.50;7729.50;7727.25;7729.50
2026-19-08 22:30:00;7729.25;7730.00;7727.75;7729.50
2026-19-08 22:35:00;7729.75;7730.00;7728.25;7728.25
2026-19-08 22:40:00;7728.25;7729.75;7727.50;7728.75
2026-19-08 22:45:00;7729.00;7730.50;7729.00;7730.00
2026-19-08 22:50:00;7730.00;7731.50;7730.00;7731.00
2026-19-08 22:55:00;7731.00;7731.25;7730.00;7730.50
2026-20-08 00:00:00;7733.00;7739.25;7731.50;7737.75
2026-20-08 00:05:00;7737.75;7738.25;7734.75;7738.25
2026-20-08 00:10:00;7738.00;7743.25;7735.75;7741.00
2026-20-08 00:15:00;7741.00;7741.00;7739.00;7739.50
2026-20-08 00:20:00;7739.25;7740.75;7738.25;7740.75
2026-20-08 00:25:00;7740.50;7740.50;7738.25;7739.00
2026-20-08 00:30:00;7738.75;7739.00;7737.75;7738.50
2026-20-08 00:35:00;7738.50;7741.25;7738.25;7741.00
2026-20-08 00:40:00;7740.75;7742.00;7740.25;7740.50
2026-20-08 00:45:00;7740.50;7741.50;7740.25;7740.75
2026-20-08 00:50:00;7740.75;7742.00;7740.75;7741.50
2026-20-08 00:55:00;7741.50;7742.50;7739.25;7742.00
2026-20-08 01:00:00;7742.25;7746.50;7740.00;7741.25
2026-20-08 01:05:00;7741.25;7744.50;7740.75;7743.50
2026-20-08 01:10:00;7743.50;7743.75;7742.00;7742.25
2026-20-08 01:15:00;7742.00;7743.00;7742.00;7742.25
2026-20-08 01:20:00;7742.25;7742.25;7740.50;7741.25
2026-20-08 01:25:00;7741.50;7741.75;7741.00;7741.75
2026-20-08 01:30:00;7741.75;7742.00;7740.25;7741.00
2026-20-08 01:35:00;7741.25;7742.25;7740.50;7741.50
2026-20-08 01:40:00;7741.50;7743.75;7741.50;7743.00
2026-20-08 01:45:00;7742.75;7743.00;7741.75;7741.75
2026-20-08 01:50:00;7742.00;7743.75;7740.50;7741.75
2026-20-08 01:55:00;7741.50;7742.00;7739.75;7740.00
2026-20-08 02:00:00;7740.00;7740.00;7735.25;7737.50
2026-20-08 02:05:00;7737.50;7738.75;7734.00;7735.25
2026-20-08 02:10:00;7735.25;7739.75;7734.25;7739.50
2026-20-08 02:15:00;7739.50;7742.25;7739.00;7741.25
2026-20-08 02:20:00;7741.25;7742.75;7738.75;7741.00
2026-20-08 02:25:00;7740.50;7740.50;7738.50;7739.00
2026-20-08 02:30:00;7739.00;7740.00;7737.25;7739.75
2026-20-08 02:35:00;7740.00;7742.00;7738.00;7742.00
2026-20-08 02:40:00;7741.75;7742.00;7740.25;7740.50
2026-20-08 02:45:00;7740.75;7742.00;7739.75;7740.25
2026-20-08 02:50:00;7740.25;7742.25;7740.25;7742.25
2026-20-08 02:55:00;7742.50;7742.75;7741.75;7742.25
2026-20-08 03:00:00;7742.25;7744.00;7741.50;7743.25
2026-20-08 03:05:00;7743.50;7743.50;7741.25;7741.50
2026-20-08 03:10:00;7741.25;7741.50;7739.00;7740.50
2026-20-08 03:15:00;7740.25;7743.25;7739.50;7743.00
2026-20-08 03:20:00;7743.00;7743.00;7738.75;7739.50
2026-20-08 03:25:00;7739.50;7740.75;7738.00;7739.75
2026-20-08 03:30:00;7739.75;7741.00;7737.50;7739.50
2026-20-08 03:35:00;7739.50;7740.75;7738.75;7740.75
2026-20-08 03:40:00;7740.50;7742.25;7740.25;7742.00
2026-20-08 03:45:00;7742.00;7742.50;7740.00;7740.75
2026-20-08 03:50:00;7741.00;7742.00;7739.00;7741.00
2026-20-08 03:55:00;7740.50;7740.50;7737.00;7738.75
2026-20-08 04:00:00;7738.75;7743.00;7738.50;7742.00
2026-20-08 04:05:00;7742.25;7743.00;7741.50;7741.50
2026-20-08 04:10:00;7741.50;7741.75;7740.00;7741.75
2026-20-08 04:15:00;7741.25;7741.50;7738.75;7739.50
2026-20-08 04:20:00;7739.50;7739.50;7735.50;7737.00
2026-20-08 04:25:00;7737.00;7737.75;7736.25;7736.75
2026-20-08 04:30:00;7736.75;7740.50;7735.00;7740.25
2026-20-08 04:35:00;7740.50;7740.75;7737.75;7739.00
2026-20-08 04:40:00;7739.00;7740.00;7738.50;7739.25
2026-20-08 04:45:00;7739.00;7739.75;7736.75;7736.75
2026-20-08 04:50:00;7736.75;7737.25;7735.75;7736.50
2026-20-08 04:55:00;7736.50;7737.75;7736.00;7737.75
2026-20-08 05:00:00;7737.75;7739.25;7737.00;7738.75
2026-20-08 05:05:00;7738.75;7741.25;7738.50;7738.75
2026-20-08 05:10:00;7738.75;7739.00;7736.25;7738.50
2026-20-08 05:15:00;7738.75;7740.75;7738.25;7740.50
2026-20-08 05:20:00;7740.50;7742.00;7740.25;7740.75
2026-20-08 05:25:00;7740.75;7740.75;7739.75;7739.75
2026-20-08 05:30:00;7739.50;7739.75;7737.00;7737.50
2026-20-08 05:35:00;7737.25;7738.25;7736.25;7738.00
2026-20-08 05:40:00;7738.25;7740.00;7737.75;7739.00
2026-20-08 05:45:00;7739.25;7740.00;7738.00;7739.75
2026-20-08 05:50:00;7739.50;7740.75;7739.00;7739.00
2026-20-08 05:55:00;7739.50;7740.50;7738.75;7739.50
2026-20-08 06:00:00;7739.25;7740.50;7738.75;7740.50
2026-20-08 06:05:00;7740.50;7742.25;7740.50;7742.25
2026-20-08 06:10:00;7742.50;7742.75;7742.00;7742.50
2026-20-08 06:15:00;7742.50;7742.75;7741.75;7742.50
2026-20-08 06:20:00;7742.50;7742.50;7740.75;7741.25
2026-20-08 06:25:00;7741.00;7742.00;7741.00;7741.25
2026-20-08 06:30:00;7741.00;7741.25;7738.50;7738.50
2026-20-08 06:35:00;7738.25;7739.50;7737.75;7739.50
2026-20-08 06:40:00;7739.75;7741.25;7739.25;7740.50
2026-20-08 06:45:00;7740.25;7741.25;7740.00;7740.50
2026-20-08 06:50:00;7740.50;7741.75;7740.25;7740.25
2026-20-08 06:55:00;7740.25;7740.25;7738.75;7739.25
2026-20-08 07:00:00;7739.25;7739.25;7738.00;7738.50
2026-20-08 07:05:00;7738.50;7738.50;7737.25;7737.50
2026-20-08 07:10:00;7737.25;7737.25;7734.75;7735.50
2026-20-08 07:15:00;7735.50;7739.25;7735.25;7739.00
2026-20-08 07:20:00;7739.00;7740.25;7737.00;7740.25
2026-20-08 07:25:00;7740.00;7740.75;7737.25;7737.50
2026-20-08 07:30:00;7737.50;7739.50;7736.50;7737.00
2026-20-08 07:35:00;7736.75;7737.00;7735.75;7737.00
2026-20-08 07:40:00;7737.00;7738.00;7736.25;7736.75
2026-20-08 07:45:00;7736.50;7737.00;7735.50;7736.50
2026-20-08 07:50:00;7736.25;7736.50;7734.25;7734.25
2026-20-08 07:55:00;7734.25;7735.50;7734.25;7735.00
2026-20-08 08:00:00;7734.75;7739.25;7734.75;7739.00
2026-20-08 08:05:00;7739.25;7742.25;7739.25;7742.00
2026-20-08 08:10:00;7742.00;7743.25;7740.75;7741.25
2026-20-08 08:15:00;7741.25;7741.25;7738.25;7739.75
2026-20-08 08:20:00;7739.75;7740.75;7738.75;7740.50
2026-20-08 08:25:00;7740.50;7741.25;7739.25;7741.00
2026-20-08 08:30:00;7740.75;7744.00;7740.00;7744.00
2026-20-08 08:35:00;7744.00;7744.25;7741.75;7742.00
2026-20-08 08:40:00;7741.75;7743.75;7741.75;7743.50
2026-20-08 08:45:00;7743.50;7745.25;7743.50;7744.25
2026-20-08 08:50:00;7744.25;7745.25;7743.25;7744.00
2026-20-08 08:55:00;7743.75;7744.00;7742.25;7742.50
2026-20-08 09:00:00;7742.50;7742.50;7735.75;7737.75
2026-20-08 09:05:00;7737.75;7740.25;7736.50;7739.75
2026-20-08 09:10:00;7740.00;7740.75;7736.25;7736.50
2026-20-08 09:15:00;7736.25;7737.00;7735.25;7736.00
2026-20-08 09:20:00;7736.25;7737.25;7732.50;7733.50
2026-20-08 09:25:00;7733.50;7734.50;7731.25;7732.75
2026-20-08 09:30:00;7733.00;7735.00;7730.00;7734.25
2026-20-08 09:35:00;7734.50;7736.00;7733.25;7733.75
2026-20-08 09:40:00;7734.00;7734.75;7732.00;7732.50
2026-20-08 09:45:00;7732.25;7735.50;7732.25;7735.00
2026-20-08 09:50:00;7735.00;7735.00;7731.00;7732.50
2026-20-08 09:55:00;7732.50;7733.25;7730.00;7730.00
2026-20-08 10:00:00;7730.25;7733.50;7728.25;7728.25
2026-20-08 10:05:00;7728.25;7730.75;7727.75;7729.25
2026-20-08 10:10:00;7729.00;7729.00;7724.50;7726.75
2026-20-08 10:15:00;7726.75;7729.50;7725.25;7727.50
2026-20-08 10:20:00;7727.75;7728.75;7723.00;7724.50
2026-20-08 10:25:00;7724.50;7725.25;7721.75;7723.00
2026-20-08 10:30:00;7723.00;7723.25;7717.25;7717.25
2026-20-08 10:35:00;7717.00;7723.75;7716.50;7723.50
2026-20-08 10:40:00;7723.75;7724.50;7720.50;7720.75
2026-20-08 10:45:00;7720.50;7721.50;7715.50;7717.25
2026-20-08 10:50:00;7717.50;7721.50;7717.25;7720.25
2026-20-08 10:55:00;7720.25;7720.25;7718.00;7718.50
2026-20-08 11:00:00;7718.75;7724.00;7717.50;7723.75
2026-20-08 11:05:00;7723.75;7727.00;7722.00;7726.25
2026-20-08 11:10:00;7726.25;7727.00;7722.75;7724.75
2026-20-08 11:15:00;7724.75;7726.00;7722.75;7724.75
2026-20-08 11:20:00;7724.50;7725.50;7724.00;7725.50
2026-20-08 11:25:00;7725.50;7726.50;7724.50;7724.50
2026-20-08 11:30:00;7724.50;7725.00;7722.25;7722.75
2026-20-08 11:35:00;7722.50;7724.50;7721.75;7724.25
2026-20-08 11:40:00;7724.25;7725.50;7722.25;7725.25
2026-20-08 11:45:00;7725.25;7726.75;7724.75;7725.00
2026-20-08 11:50:00;7725.00;7725.50;7722.25;7725.00
2026-20-08 11:55:00;7725.00;7725.00;7723.75;7724.00
2026-20-08 12:00:00;7723.75;7726.00;7722.00;7725.25
2026-20-08 12:05:00;7725.25;7726.75;7724.50;7726.75
2026-20-08 12:10:00;7727.00;7729.00;7726.00;7728.50
2026-20-08 12:15:00;7728.25;7729.25;7726.25;7726.75
2026-20-08 12:20:00;7726.75;7727.75;7726.25;7727.50
2026-20-08 12:25:00;7727.75;7728.00;7724.75;7727.25
2026-20-08 12:30:00;7727.25;7729.25;7726.25;7726.50
2026-20-08 12:35:00;7726.25;7728.50;7724.25;7725.25
2026-20-08 12:40:00;7725.25;7726.50;7725.25;7725.50
2026-20-08 12:45:00;7725.50;7730.00;7725.25;7729.50
2026-20-08 12:50:00;7729.50;7730.00;7728.00;7728.25
2026-20-08 12:55:00;7728.00;7730.50;7727.50;7730.50
2026-20-08 13:00:00;7730.50;7733.50;7725.00;7725.50
2026-20-08 13:05:00;7725.50;7725.50;7722.75;7724.25
2026-20-08 13:10:00;7724.25;7724.50;7720.50;7724.25
2026-20-08 13:15:00;7724.25;7726.25;7722.50;7722.75
2026-20-08 13:20:00;7722.50;7722.75;7717.75;7719.00
2026-20-08 13:25:00;7719.25;7720.00;7714.50;7714.75
2026-20-08 13:30:00;7714.75;7718.00;7714.75;7716.00
2026-20-08 13:35:00;7716.00;7718.75;7714.25;7718.50
2026-20-08 13:40:00;7718.50;7719.25;7713.00;7714.00
2026-20-08 13:45:00;7714.25;7714.75;7708.25;7709.25
2026-20-08 13:50:00;7709.00;7710.00;7706.75;7706.75
2026-20-08 13:55:00;7706.75;7707.75;7703.25;7704.25
2026-20-08 14:00:00;7704.50;7704.75;7694.50;7696.00
2026-20-08 14:05:00;7696.00;7697.00;7687.50;7690.00
2026-20-08 14:10:00;7689.75;7690.25;7684.75;7687.25
2026-20-08 14:15:00;7687.25;7690.50;7685.75;7686.50
2026-20-08 14:20:00;7686.50;7692.75;7686.25;7690.75
2026-20-08 14:25:00;7690.50;7690.75;7686.75;7687.00
2026-20-08 14:30:00;7687.25;7687.75;7683.75;7685.75
2026-20-08 14:35:00;7685.50;7686.75;7680.25;7686.25
2026-20-08 14:40:00;7686.25;7689.00;7685.00;7688.75
2026-20-08 14:45:00;7688.75;7693.00;7687.75;7693.00
2026-20-08 14:50:00;7693.00;7697.00;7692.00;7696.75
2026-20-08 14:55:00;7696.75;7697.50;7694.50;7696.75
2026-20-08 15:00:00;7697.00;7701.75;7696.75;7700.50
2026-20-08 15:05:00;7700.75;7701.50;7697.00;7697.25
2026-20-08 15:10:00;7697.25;7698.25;7694.50;7695.00
2026-20-08 15:15:00;7695.25;7697.25;7693.25;7695.25
2026-20-08 15:20:00;7695.25;7696.50;7692.50;7696.25
2026-20-08 15:25:00;7696.25;7698.75;7694.00;7698.00
2026-20-08 15:30:00;7698.00;7710.00;7697.25;7709.25
2026-20-08 15:35:00;7709.25;7716.00;7705.25;7711.75
2026-20-08 15:40:00;7712.00;7716.25;7705.00;7712.00
2026-20-08 15:45:00;7712.25;7713.75;7705.00;7710.00
2026-20-08 15:50:00;7710.25;7711.50;7702.75;7708.25
2026-20-08 15:55:00;7708.25;7711.75;7700.00;7703.75
2026-20-08 16:00:00;7703.75;7707.75;7698.25;7698.25
2026-20-08 16:05:00;7698.50;7705.00;7696.75;7704.75
2026-20-08 16:10:00;7705.00;7705.75;7697.50;7698.25
2026-20-08 16:15:00;7698.25;7699.75;7691.75;7692.50
2026-20-08 16:20:00;7692.50;7707.75;7691.75;7705.75
2026-20-08 16:25:00;7706.00;7706.75;7698.00;7700.25
2026-20-08 16:30:00;7700.25;7706.50;7698.25;7699.50
2026-20-08 16:35:00;7699.25;7710.25;7697.50;7708.00
2026-20-08 16:40:00;7708.00;7711.00;7704.00;7710.00
2026-20-08 16:45:00;7710.00;7713.25;7704.50;7705.50
2026-20-08 16:50:00;7705.50;7710.75;7704.25;7705.25
2026-20-08 16:55:00;7705.50;7710.75;7703.00;7710.00
2026-20-08 17:00:00;7709.75;7720.00;7709.25;7717.25
2026-20-08 17:05:00;7717.25;7717.25;7701.75;7703.75
2026-20-08 17:10:00;7703.75;7708.25;7698.50;7706.00
2026-20-08 17:15:00;7706.00;7709.00;7702.00;7705.50
2026-20-08 17:20:00;7705.50;7706.00;7697.75;7701.00
2026-20-08 17:25:00;7701.00;7706.25;7698.00;7705.50
2026-20-08 17:30:00;7705.50;7707.00;7695.75;7697.75
2026-20-08 17:35:00;7697.75;7699.50;7693.50;7693.75
2026-20-08 17:40:00;7693.50;7696.50;7691.25;7691.50
2026-20-08 17:45:00;7691.75;7695.50;7690.50;7693.50
2026-20-08 17:50:00;7693.50;7698.50;7692.50;7696.75
2026-20-08 17:55:00;7696.75;7698.00;7694.25;7696.50
2026-20-08 18:00:00;7696.50;7699.00;7693.00;7693.75
2026-20-08 18:05:00;7693.75;7698.25;7693.25;7698.25
2026-20-08 18:10:00;7698.00;7698.75;7692.75;7693.25
2026-20-08 18:15:00;7693.25;7694.75;7692.75;7694.25
2026-20-08 18:20:00;7694.25;7699.00;7692.75;7697.25
2026-20-08 18:25:00;7697.50;7698.50;7694.50;7695.50
2026-20-08 18:30:00;7695.50;7699.25;7691.75;7699.25
2026-20-08 18:35:00;7699.00;7702.00;7698.00;7701.00
2026-20-08 18:40:00;7701.25;7704.75;7700.75;7704.75
2026-20-08 18:45:00;7704.50;7704.50;7701.25;7701.75
2026-20-08 18:50:00;7702.00;7704.25;7699.00;7699.75
2026-20-08 18:55:00;7699.75;7703.25;7698.25;7702.00
2026-20-08 19:00:00;7702.25;7702.25;7697.50;7698.50
2026-20-08 19:05:00;7698.25;7698.50;7694.00;7695.00
2026-20-08 19:10:00;7695.00;7696.25;7692.75;7693.25
2026-20-08 19:15:00;7693.00;7693.50;7686.00;7686.50
2026-20-08 19:20:00;7686.75;7690.50;7685.75;7688.25
2026-20-08 19:25:00;7688.00;7689.00;7685.00;7685.75
2026-20-08 19:30:00;7685.75;7687.00;7683.75;7684.00
2026-20-08 19:35:00;7684.00;7685.75;7680.75;7682.75
2026-20-08 19:40:00;7682.50;7683.25;7680.25;7682.75
2026-20-08 19:45:00;7682.50;7686.50;7682.00;7685.25
2026-20-08 19:50:00;7685.25;7688.25;7685.00;7685.75
2026-20-08 19:55:00;7685.75;7686.50;7683.00;7683.50
2026-20-08 20:00:00;7683.50;7683.50;7678.25;7679.25
2026-20-08 20:05:00;7679.00;7679.50;7673.75;7675.25
2026-20-08 20:10:00;7675.25;7676.00;7671.50;7673.75
2026-20-08 20:15:00;7673.75;7675.00;7669.25;7675.00
2026-20-08 20:20:00;7675.00;7677.75;7674.00;7674.25
2026-20-08 20:25:00;7674.25;7675.25;7672.50;7673.75
2026-20-08 20:30:00;7673.75;7674.50;7670.50;7671.25
2026-20-08 20:35:00;7671.25;7674.50;7671.00;7672.25
2026-20-08 20:40:00;7672.25;7674.50;7670.25;7673.75
2026-20-08 20:45:00;7674.00;7676.75;7672.25;7675.25
2026-20-08 20:50:00;7675.25;7676.00;7673.50;7674.25
2026-20-08 20:55:00;7674.25;7675.75;7670.50;7670.50
2026-20-08 21:00:00;7670.50;7672.75;7670.00;7672.25
2026-20-08 21:05:00;7672.25;7675.50;7671.00;7674.50
2026-20-08 21:10:00;7674.75;7675.00;7672.25;7673.50
2026-20-08 21:15:00;7673.50;7676.25;7671.00;7671.75
2026-20-08 21:20:00;7671.75;7676.00;7670.50;7675.00
2026-20-08 21:25:00;7674.75;7676.00;7673.00;7673.25
2026-20-08 21:30:00;7673.50;7673.75;7668.75;7670.25
2026-20-08 21:35:00;7670.50;7675.00;7669.50;7673.25
2026-20-08 21:40:00;7673.25;7674.25;7668.00;7669.25
2026-20-08 21:45:00;7669.25;7672.75;7666.50;7672.50
2026-20-08 21:50:00;7672.25;7673.25;7665.75;7667.25
2026-20-08 21:55:00;7667.25;7668.25;7659.00;7665.25
2026-20-08 22:00:00;7665.50;7667.50;7664.25;7665.75
2026-20-08 22:05:00;7665.75;7665.75;7661.00;7664.00
2026-20-08 22:10:00;7664.00;7666.00;7660.75;7661.50
2026-20-08 22:15:00;7661.75;7662.25;7657.75;7660.50
2026-20-08 22:20:00;7660.25;7663.75;7660.25;7663.75
2026-20-08 22:25:00;7663.50;7664.50;7662.75;7662.75
2026-20-08 22:30:00;7663.00;7665.00;7662.00;7664.50
2026-20-08 22:35:00;7664.50;7667.25;7664.50;7666.00
2026-20-08 22:40:00;7666.25;7666.75;7665.25;7666.00
2026-20-08 22:45:00;7666.00;7666.75;7666.00;7666.50
2026-20-08 22:50:00;7666.50;7667.25;7665.75;7666.75
2026-20-08 22:55:00;7667.00;7668.50;7666.75;7667.75
2026-21-08 00:00:00;7669.00;7671.50;7663.75;7664.25
2026-21-08 00:05:00;7664.00;7665.75;7663.25;7665.75
2026-21-08 00:10:00;7665.50;7666.25;7664.00;7664.25
2026-21-08 00:15:00;7664.00;7666.25;7664.00;7665.50
2026-21-08 00:20:00;7665.25;7665.75;7664.75;7664.75
2026-21-08 00:25:00;7665.00;7666.00;7663.75;7665.50
2026-21-08 00:30:00;7665.75;7667.00;7664.00;7666.50
2026-21-08 00:35:00;7666.50;7667.50;7666.00;7666.00
2026-21-08 00:40:00;7666.00;7667.25;7665.25;7667.00
2026-21-08 00:45:00;7667.00;7668.00;7666.75;7668.00
2026-21-08 00:50:00;7668.00;7669.50;7668.00;7669.25
2026-21-08 00:55:00;7669.00;7669.75;7668.75;7669.50
2026-21-08 01:00:00;7669.25;7669.50;7668.25;7668.50
2026-21-08 01:05:00;7668.25;7669.25;7668.00;7668.25
2026-21-08 01:10:00;7668.25;7669.00;7668.00;7668.00
2026-21-08 01:15:00;7668.00;7669.25;7667.50;7668.25
2026-21-08 01:20:00;7668.25;7668.75;7668.00;7668.00
2026-21-08 01:25:00;7668.25;7668.25;7667.50;7667.75
2026-21-08 01:30:00;7667.75;7668.25;7667.50;7667.50
2026-21-08 01:35:00;7667.25;7667.25;7665.75;7666.50
2026-21-08 01:40:00;7666.50;7668.75;7666.50;7667.75
2026-21-08 01:45:00;7668.00;7668.00;7664.25;7667.00
2026-21-08 01:50:00;7667.00;7668.00;7665.50;7667.25
2026-21-08 01:55:00;7667.25;7667.25;7665.75;7666.25
2026-21-08 02:00:00;7666.25;7671.00;7665.50;7668.25
2026-21-08 02:05:00;7668.25;7671.75;7668.00;7669.75
2026-21-08 02:10:00;7670.00;7673.00;7669.25;7672.50
2026-21-08 02:15:00;7672.50;7672.50;7666.75;7667.50
2026-21-08 02:20:00;7667.75;7670.50;7667.00;7667.50
2026-21-08 02:25:00;7667.75;7668.25;7665.50;7667.00
2026-21-08 02:30:00;7667.00;7668.50;7665.50;7668.00
2026-21-08 02:35:00;7667.75;7669.75;7667.00;7669.50
2026-21-08 02:40:00;7669.50;7669.50;7666.25;7668.25
2026-21-08 02:45:00;7668.50;7669.50;7668.00;7668.50
2026-21-08 02:50:00;7668.50;7669.25;7665.00;7665.00
2026-21-08 02:55:00;7665.25;7665.75;7664.25;7664.50
2026-21-08 03:00:00;7664.75;7666.75;7663.75;7665.00
2026-21-08 03:05:00;7665.00;7665.00;7661.25;7662.75
2026-21-08 03:10:00;7662.50;7665.75;7662.00;7665.25
2026-21-08 03:15:00;7665.00;7668.00;7663.25;7667.50
2026-21-08 03:20:00;7667.50;7667.50;7663.50;7665.50
2026-21-08 03:25:00;7665.50;7667.75;7665.25;7665.75
2026-21-08 03:30:00;7665.50;7667.50;7664.75;7665.75
2026-21-08 03:35:00;7666.00;7666.00;7663.25;7663.50
2026-21-08 03:40:00;7663.50;7667.25;7663.25;7666.50
2026-21-08 03:45:00;7666.50;7669.00;7665.25;7668.75
2026-21-08 03:50:00;7668.75;7669.25;7665.25;7665.50
2026-21-08 03:55:00;7665.25;7667.25;7664.50;7667.25
2026-21-08 04:00:00;7667.25;7669.00;7666.75;7668.00
2026-21-08 04:05:00;7668.00;7669.25;7667.25;7669.25
2026-21-08 04:10:00;7669.25;7669.75;7667.75;7669.75
2026-21-08 04:15:00;7669.50;7670.25;7669.00;7669.25
2026-21-08 04:20:00;7669.50;7673.00;7669.50;7671.00
2026-21-08 04:25:00;7671.00;7672.00;7670.50;7671.75
2026-21-08 04:30:00;7671.75;7672.50;7671.00;7671.25
2026-21-08 04:35:00;7671.25;7672.50;7670.75;7671.00
2026-21-08 04:40:00;7671.00;7672.50;7670.25;7670.50
2026-21-08 04:45:00;7670.50;7672.25;7670.00;7671.50
2026-21-08 04:50:00;7671.25;7672.50;7670.75;7671.75
2026-21-08 04:55:00;7671.50;7672.25;7670.75;7670.75
2026-21-08 05:00:00;7671.00;7671.75;7670.50;7671.00
2026-21-08 05:05:00;7670.75;7671.00;7668.75;7669.25
2026-21-08 05:10:00;7669.25;7669.25;7667.75;7667.75
2026-21-08 05:15:00;7667.75;7668.50;7666.75;7667.00
2026-21-08 05:20:00;7666.75;7669.00;7666.75;7668.75
2026-21-08 05:25:00;7668.75;7668.75;7668.00;7668.50
2026-21-08 05:30:00;7668.50;7670.75;7668.50;7670.75
2026-21-08 05:35:00;7670.75;7670.75;7668.50;7669.50
2026-21-08 05:40:00;7669.50;7669.50;7667.75;7668.50
2026-21-08 05:45:00;7668.25;7669.00;7667.25;7668.00
2026-21-08 05:50:00;7668.25;7668.25;7667.25;7667.25
2026-21-08 05:55:00;7667.50;7669.25;7666.50;7668.00
2026-21-08 06:00:00;7668.00;7669.75;7668.00;7669.75
2026-21-08 06:05:00;7669.50;7670.00;7669.00;7669.00
2026-21-08 06:10:00;7669.00;7670.00;7668.25;7669.75
2026-21-08 06:15:00;7669.75;7670.00;7667.75;7668.50
2026-21-08 06:20:00;7668.50;7668.50;7665.75;7666.50
2026-21-08 06:25:00;7666.25;7666.75;7665.75;7666.00
2026-21-08 06:30:00;7665.75;7666.75;7664.75;7665.50
2026-21-08 06:35:00;7665.75;7666.00;7664.25;7664.75
2026-21-08 06:40:00;7664.75;7666.00;7664.75;7665.50
2026-21-08 06:45:00;7665.25;7669.00;7665.25;7669.00
2026-21-08 06:50:00;7668.75;7670.00;7668.50;7669.50
2026-21-08 06:55:00;7669.50;7669.50;7668.00;7668.75
2026-21-08 07:00:00;7669.00;7670.50;7668.50;7670.25
2026-21-08 07:05:00;7670.50;7670.50;7668.25;7668.25
2026-21-08 07:10:00;7668.25;7670.00;7668.25;7669.75
2026-21-08 07:15:00;7669.75;7671.00;7669.50;7670.75
2026-21-08 07:20:00;7670.50;7670.75;7668.25;7668.25
2026-21-08 07:25:00;7668.25;7669.00;7667.00;7667.25
2026-21-08 07:30:00;7667.25;7670.00;7666.75;7669.75
2026-21-08 07:35:00;7669.50;7670.50;7669.00;7669.50
2026-21-08 07:40:00;7669.50;7669.75;7667.50;7668.50
2026-21-08 07:45:00;7668.25;7668.25;7665.75;7666.25
2026-21-08 07:50:00;7666.00;7667.00;7665.75;7666.75
2026-21-08 07:55:00;7666.75;7668.75;7666.50;7668.50
2026-21-08 08:00:00;7668.50;7669.00;7667.25;7667.75
2026-21-08 08:05:00;7667.75;7669.00;7667.25;7668.00
2026-21-08 08:10:00;7668.00;7670.50;7668.00;7669.75
2026-21-08 08:15:00;7669.75;7670.50;7669.00;7669.75
2026-21-08 08:20:00;7669.50;7670.00;7668.75;7668.75
2026-21-08 08:25:00;7669.00;7670.50;7668.50;7670.25
2026-21-08 08:30:00;7670.00;7673.75;7670.00;7673.75
2026-21-08 08:35:00;7673.75;7675.25;7672.25;7672.25
2026-21-08 08:40:00;7672.00;7672.25;7670.25;7670.25
2026-21-08 08:45:00;7670.25;7672.50;7669.25;7672.50
2026-21-08 08:50:00;7672.50;7672.50;7670.75;7672.25
2026-21-08 08:55:00;7672.25;7674.25;7671.75;7673.50
2026-21-08 09:00:00;7673.75;7675.75;7671.00;7675.25
2026-21-08 09:05:00;7675.25;7676.75;7675.00;7676.00
2026-21-08 09:10:00;7676.00;7678.00;7675.25;7678.00
2026-21-08 09:15:00;7677.75;7677.75;7676.00;7677.25
2026-21-08 09:20:00;7677.50;7679.25;7676.50;7679.00
2026-21-08 09:25:00;7679.25;7679.25;7676.50;7676.50
2026-21-08 09:30:00;7676.50;7680.75;7676.25;7680.50
2026-21-08 09:35:00;7680.50;7680.75;7679.00;7680.50
2026-21-08 09:40:00;7680.25;7682.00;7678.75;7679.50
2026-21-08 09:45:00;7679.50;7682.25;7678.50;7681.00
2026-21-08 09:50:00;7681.00;7681.75;7680.00;7680.50
2026-21-08 09:55:00;7680.50;7682.00;7679.50;7682.00
2026-21-08 10:00:00;7682.00;7683.75;7681.25;7683.25
2026-21-08 10:05:00;7683.00;7683.00;7677.50;7679.50
2026-21-08 10:10:00;7679.50;7680.75;7678.75;7679.75
2026-21-08 10:15:00;7679.75;7682.75;7678.50;7682.25
2026-21-08 10:20:00;7682.00;7682.50;7679.50;7681.00
2026-21-08 10:25:00;7681.25;7684.25;7681.00;7683.75
2026-21-08 10:30:00;7683.75;7685.00;7683.25;7684.00
2026-21-08 10:35:00;7684.00;7685.75;7684.00;7685.50
2026-21-08 10:40:00;7685.75;7686.75;7685.00;7686.50
2026-21-08 10:45:00;7686.50;7686.75;7685.75;7685.75
2026-21-08 10:50:00;7685.75;7690.25;7685.75;7687.25
2026-21-08 10:55:00;7687.50;7688.75;7687.25;7687.50
2026-21-08 11:00:00;7687.50;7687.75;7684.25;7685.00
2026-21-08 11:05:00;7684.75;7685.25;7682.25;7683.00
2026-21-08 11:10:00;7683.00;7686.25;7681.75;7686.00
2026-21-08 11:15:00;7686.00;7687.00;7685.25;7686.00
2026-21-08 11:20:00;7686.00;7686.50;7685.25;7685.50
2026-21-08 11:25:00;7685.75;7686.25;7684.75;7685.00
2026-21-08 11:30:00;7685.00;7686.00;7684.25;7685.00
2026-21-08 11:35:00;7685.00;7687.75;7685.00;7687.25
2026-21-08 11:40:00;7687.25;7688.50;7687.00;7687.50
2026-21-08 11:45:00;7687.50;7687.75;7686.00;7687.50
2026-21-08 11:50:00;7687.50;7688.50;7686.00;7687.75
2026-21-08 11:55:00;7688.00;7689.00;7687.50;7687.75
2026-21-08 12:00:00;7688.00;7692.25;7688.00;7691.00
2026-21-08 12:05:00;7691.00;7691.75;7687.25;7688.25
2026-21-08 12:10:00;7688.25;7688.50;7685.50;7686.75
2026-21-08 12:15:00;7687.00;7688.25;7686.25;7686.75
2026-21-08 12:20:00;7687.00;7687.25;7685.75;7687.00
2026-21-08 12:25:00;7687.00;7689.00;7687.00;7688.75
2026-21-08 12:30:00;7688.75;7689.25;7687.25;7687.50
2026-21-08 12:35:00;7687.25;7688.50;7687.00;7688.00
2026-21-08 12:40:00;7688.00;7688.50;7686.00;7686.75
2026-21-08 12:45:00;7686.75;7687.75;7686.75;7687.50
2026-21-08 12:50:00;7687.25;7689.00;7686.75;7688.25
2026-21-08 12:55:00;7688.25;7688.75;7687.25;7688.50
2026-21-08 13:00:00;7688.50;7688.50;7684.75;7686.00
2026-21-08 13:05:00;7686.00;7689.75;7686.00;7688.75
2026-21-08 13:10:00;7688.50;7689.25;7686.75;7687.50
2026-21-08 13:15:00;7687.75;7690.00;7687.50;7689.25
2026-21-08 13:20:00;7689.00;7697.00;7689.00;7696.75
2026-21-08 13:25:00;7696.75;7698.00;7694.25;7696.50
2026-21-08 13:30:00;7696.75;7698.50;7693.75;7695.75
2026-21-08 13:35:00;7695.75;7699.50;7695.50;7696.50
2026-21-08 13:40:00;7696.25;7698.50;7695.00;7698.50
2026-21-08 13:45:00;7698.50;7698.75;7693.00;7695.50
2026-21-08 13:50:00;7695.50;7695.75;7694.25;7695.00
2026-21-08 13:55:00;7695.00;7696.25;7694.75;7695.00
2026-21-08 14:00:00;7695.00;7696.00;7693.00;7694.50
2026-21-08 14:05:00;7694.50;7696.75;7694.25;7696.50
2026-21-08 14:10:00;7696.50;7696.50;7693.75;7694.00
2026-21-08 14:15:00;7694.00;7696.50;7693.25;7696.00
2026-21-08 14:20:00;7696.00;7698.00;7693.50;7698.00
2026-21-08 14:25:00;7697.75;7701.00;7697.25;7701.00
2026-21-08 14:30:00;7701.00;7703.25;7699.75;7700.75
2026-21-08 14:35:00;7700.75;7701.25;7698.25;7700.25
2026-21-08 14:40:00;7700.25;7704.75;7699.50;7704.00
2026-21-08 14:45:00;7704.25;7704.50;7700.00;7703.75
2026-21-08 14:50:00;7703.50;7703.75;7700.00;7700.75
2026-21-08 14:55:00;7700.75;7701.25;7700.25;7700.75
2026-21-08 15:00:00;7701.00;7702.25;7699.50;7700.25
2026-21-08 15:05:00;7700.25;7700.50;7695.75;7696.00
2026-21-08 15:10:00;7695.75;7696.25;7690.75;7691.75
2026-21-08 15:15:00;7691.75;7693.00;7689.25;7689.50
2026-21-08 15:20:00;7689.50;7690.50;7688.50;7690.25
2026-21-08 15:25:00;7690.25;7696.50;7685.25;7695.75
2026-21-08 15:30:00;7695.75;7696.00;7683.50;7683.50
2026-21-08 15:35:00;7683.50;7687.00;7681.25;7686.25
2026-21-08 15:40:00;7686.25;7688.25;7682.75;7686.50
2026-21-08 15:45:00;7686.50;7689.50;7682.00;7685.00
2026-21-08 15:50:00;7685.00;7687.75;7676.75;7679.50
2026-21-08 15:55:00;7679.50;7683.75;7678.00;7680.50
2026-21-08 16:00:00;7680.50;7685.00;7680.50;7684.75
2026-21-08 16:05:00;7684.50;7690.75;7684.50;7687.75
2026-21-08 16:10:00;7687.75;7690.00;7681.00;7682.25
2026-21-08 16:15:00;7682.50;7686.00;7681.00;7681.75
2026-21-08 16:20:00;7681.50;7687.50;7680.00;7683.00
2026-21-08 16:25:00;7683.00;7686.50;7681.25;7681.75
2026-21-08 16:30:00;7681.75;7684.00;7680.00;7680.25
2026-21-08 16:35:00;7680.25;7681.75;7677.50;7678.75
2026-21-08 16:40:00;7678.75;7684.00;7677.25;7681.50
2026-21-08 16:45:00;7681.50;7686.25;7680.75;7685.75
2026-21-08 16:50:00;7685.75;7688.50;7684.00;7686.00
2026-21-08 16:55:00;7685.75;7694.25;7685.00;7693.50
2026-21-08 17:00:00;7693.75;7699.75;7692.75;7698.00
2026-21-08 17:05:00;7698.00;7699.50;7693.25;7693.75
2026-21-08 17:10:00;7693.75;7696.00;7692.25;7692.25
2026-21-08 17:15:00;7692.50;7695.00;7690.75;7691.50
2026-21-08 17:20:00;7691.25;7694.00;7689.50;7690.50
2026-21-08 17:25:00;7690.25;7695.50;7689.50;7694.75
2026-21-08 17:30:00;7694.75;7700.25;7693.50;7700.00
2026-21-08 17:35:00;7700.00;7706.00;7699.75;7705.75
2026-21-08 17:40:00;7706.00;7709.75;7704.75;7708.50
2026-21-08 17:45:00;7708.50;7710.00;7704.75;7705.50
2026-21-08 17:50:00;7705.50;7714.00;7705.50;7712.25
2026-21-08 17:55:00;7712.25;7712.50;7706.00;7707.25
2026-21-08 18:00:00;7707.50;7708.75;7701.50;7702.75
2026-21-08 18:05:00;7702.75;7703.00;7698.00;7698.50
2026-21-08 18:10:00;7698.50;7701.00;7697.50;7697.50
2026-21-08 18:15:00;7697.50;7700.50;7694.25;7695.50
2026-21-08 18:20:00;7695.25;7705.75;7693.75;7697.25
2026-21-08 18:25:00;7697.25;7701.25;7696.50;7700.50
2026-21-08 18:30:00;7700.50;7700.50;7695.50;7695.50
2026-21-08 18:35:00;7695.50;7701.00;7695.50;7700.75
2026-21-08 18:40:00;7700.75;7701.00;7698.00;7699.00
2026-21-08 18:45:00;7699.00;7699.00;7696.00;7696.75
2026-21-08 18:50:00;7696.75;7697.00;7693.00;7695.25
2026-21-08 18:55:00;7695.25;7699.50;7694.50;7699.00
2026-21-08 19:00:00;7699.25;7700.00;7697.50;7698.00
2026-21-08 19:05:00;7698.00;7700.75;7696.75;7699.00
2026-21-08 19:10:00;7699.00;7699.00;7696.00;7697.50
2026-21-08 19:15:00;7697.25;7698.25;7696.00;7696.50
2026-21-08 19:20:00;7696.50;7697.00;7692.25;7694.00
2026-21-08 19:25:00;7693.75;7695.75;7692.25;7693.50
2026-21-08 19:30:00;7693.75;7694.50;7690.75;7690.75
2026-21-08 19:35:00;7690.50;7693.50;7690.25;7691.00
2026-21-08 19:40:00;7691.25;7692.50;7690.00;7692.00
2026-21-08 19:45:00;7692.25;7694.25;7691.25;7692.25
2026-21-08 19:50:00;7692.50;7693.00;7690.25;7691.25
2026-21-08 19:55:00;7691.00;7691.25;7689.50;7689.50
2026-21-08 20:00:00;7689.75;7692.75;7688.75;7692.00
2026-21-08 20:05:00;7692.00;7692.25;7688.25;7688.25
2026-21-08 20:10:00;7688.25;7690.75;7688.00;7688.50
2026-21-08 20:15:00;7688.50;7690.50;7688.25;7689.75
2026-21-08 20:20:00;7689.75;7691.50;7689.25;7690.00
2026-21-08 20:25:00;7690.25;7690.50;7687.75;7688.00
2026-21-08 20:30:00;7688.00;7688.75;7685.75;7687.00
2026-21-08 20:35:00;7687.00;7688.50;7687.00;7687.50
2026-21-08 20:40:00;7687.50;7690.50;7687.25;7689.25
2026-21-08 20:45:00;7689.00;7692.25;7688.50;7691.75
2026-21-08 20:50:00;7691.75;7695.00;7691.75;7694.00
2026-21-08 20:55:00;7694.00;7697.75;7693.00;7697.25
2026-21-08 21:00:00;7697.25;7699.00;7695.25;7695.25
2026-21-08 21:05:00;7695.25;7698.75;7695.00;7696.25
2026-21-08 21:10:00;7696.00;7696.50;7693.75;7695.25
2026-21-08 21:15:00;7695.50;7696.25;7693.50;7694.75
2026-21-08 21:20:00;7694.75;7697.25;7693.75;7697.00
2026-21-08 21:25:00;7697.25;7697.25;7694.50;7695.50
2026-21-08 21:30:00;7695.50;7698.25;7695.00;7695.75
2026-21-08 21:35:00;7696.00;7698.75;7694.75;7697.75
2026-21-08 21:40:00;7697.50;7700.00;7695.50;7699.50
2026-21-08 21:45:00;7699.50;7703.00;7698.50;7701.25
2026-21-08 21:50:00;7701.25;7701.50;7693.75;7694.25
2026-21-08 21:55:00;7694.00;7698.25;7688.75;7691.75
2026-21-08 22:00:00;7691.75;7692.25;7689.50;7691.50
2026-21-08 22:05:00;7691.75;7692.00;7690.00;7691.25
2026-21-08 22:10:00;7691.25;7691.25;7688.75;7691.00
2026-21-08 22:15:00;7691.00;7692.00;7689.25;7689.25
2026-21-08 22:20:00;7689.25;7691.00;7688.00;7689.25
2026-21-08 22:25:00;7689.50;7689.50;7687.50;7687.50
2026-21-08 22:30:00;7687.75;7689.50;7687.50;7689.25
2026-21-08 22:35:00;7689.25;7689.75;7689.00;7689.25
2026-21-08 22:40:00;7689.25;7690.00;7689.00;7689.50
2026-21-08 22:45:00;7689.50;7690.00;7687.50;7687.75
2026-21-08 22:50:00;7687.75;7688.75;7687.00;7687.75
2026-21-08 22:55:00;7687.75;7688.00;7687.00;7687.75
2026-24-08 00:00:00;7693.50;7695.00;7681.50;7684.25
2026-24-08 00:05:00;7684.50;7686.25;7682.50;7684.00
2026-24-08 00:10:00;7683.75;7684.75;7683.25;7684.25
2026-24-08 00:15:00;7684.00;7684.25;7681.75;7683.00
2026-24-08 00:20:00;7682.75;7685.50;7682.75;7683.75
2026-24-08 00:25:00;7684.00;7684.25;7683.50;7684.00
2026-24-08 00:30:00;7683.75;7685.00;7683.25;7683.75
2026-24-08 00:35:00;7683.75;7686.50;7683.25;7686.00
2026-24-08 00:40:00;7685.75;7689.50;7685.25;7689.25
2026-24-08 00:45:00;7689.25;7690.75;7689.00;7689.50
2026-24-08 00:50:00;7689.75;7690.00;7689.25;7689.50
2026-24-08 00:55:00;7689.75;7690.25;7689.50;7689.50
2026-24-08 01:00:00;7689.25;7690.25;7689.25;7689.50
2026-24-08 01:05:00;7689.50;7690.25;7689.25;7690.00
2026-24-08 01:10:00;7690.00;7690.75;7689.50;7690.00
2026-24-08 01:15:00;7689.75;7692.50;7689.50;7691.50
2026-24-08 01:20:00;7691.50;7693.00;7691.25;7693.00
2026-24-08 01:25:00;7693.00;7695.00;7692.75;7695.00
2026-24-08 01:30:00;7695.00;7697.00;7694.75;7696.50
2026-24-08 01:35:00;7696.50;7696.75;7696.00;7696.00
2026-24-08 01:40:00;7696.25;7696.50;7694.50;7694.50
2026-24-08 01:45:00;7694.75;7701.00;7694.50;7700.50
2026-24-08 01:50:00;7700.50;7701.75;7699.50;7700.00
2026-24-08 01:55:00;7700.25;7702.50;7700.00;7702.25
2026-24-08 02:00:00;7702.25;7703.25;7698.00;7698.25
2026-24-08 02:05:00;7698.25;7700.50;7697.50;7700.00
2026-24-08 02:10:00;7699.75;7700.75;7697.00;7698.25
2026-24-08 02:15:00;7698.00;7698.25;7689.25;7689.75
2026-24-08 02:20:00;7690.00;7691.25;7688.00;7690.75
2026-24-08 02:25:00;7690.50;7690.50;7684.75;7689.00
2026-24-08 02:30:00;7689.25;7689.50;7687.00;7688.25
2026-24-08 02:35:00;7688.00;7690.25;7687.25;7688.75
2026-24-08 02:40:00;7688.75;7689.75;7687.75;7688.00
2026-24-08 02:45:00;7688.00;7692.00;7687.00;7692.00
2026-24-08 02:50:00;7692.00;7692.25;7690.50;7692.00
2026-24-08 02:55:00;7692.00;7698.00;7691.50;7697.50
2026-24-08 03:00:00;7697.50;7700.50;7696.00;7697.75
2026-24-08 03:05:00;7697.75;7700.75;7697.50;7699.50
2026-24-08 03:10:00;7699.25;7702.50;7699.25;7701.00
2026-24-08 03:15:00;7701.00;7702.75;7700.25;7701.75
2026-24-08 03:20:00;7701.50;7701.75;7698.00;7698.75
2026-24-08 03:25:00;7698.75;7700.00;7697.00;7697.25
2026-24-08 03:30:00;7697.50;7697.50;7694.50;7696.75
2026-24-08 03:35:00;7696.75;7697.25;7694.50;7697.00
2026-24-08 03:40:00;7696.75;7698.50;7696.00;7697.00
2026-24-08 03:45:00;7696.75;7697.25;7695.00;7696.50
2026-24-08 03:50:00;7696.50;7699.50;7695.50;7695.50
2026-24-08 03:55:00;7695.50;7695.50;7690.25;7690.50
2026-24-08 04:00:00;7690.50;7692.25;7688.00;7691.25
2026-24-08 04:05:00;7691.25;7691.50;7687.25;7690.00
2026-24-08 04:10:00;7690.00;7695.75;7687.50;7695.00
2026-24-08 04:15:00;7695.00;7696.50;7694.25;7695.25
2026-24-08 04:20:00;7695.25;7696.00;7693.75;7694.25
2026-24-08 04:25:00;7694.00;7695.75;7693.25;7695.00
2026-24-08 04:30:00;7695.00;7695.75;7694.00;7695.25
2026-24-08 04:35:00;7695.25;7695.75;7694.00;7695.25
2026-24-08 04:40:00;7695.00;7696.50;7694.25;7696.25
2026-24-08 04:45:00;7696.25;7697.50;7694.50;7695.50
2026-24-08 04:50:00;7695.75;7696.00;7692.75;7694.25
2026-24-08 04:55:00;7694.25;7697.25;7693.50;7696.50
2026-24-08 05:00:00;7696.50;7696.50;7692.75;7693.75
2026-24-08 05:05:00;7693.50;7693.50;7690.50;7690.75
2026-24-08 05:10:00;7690.50;7691.00;7688.25;7688.75
2026-24-08 05:15:00;7688.75;7690.25;7688.25;7688.50
2026-24-08 05:20:00;7688.75;7690.75;7688.25;7689.75
2026-24-08 05:25:00;7689.75;7690.00;7688.75;7689.00
2026-24-08 05:30:00;7688.75;7688.75;7686.50;7687.75
2026-24-08 05:35:00;7688.00;7689.00;7686.75;7687.25
2026-24-08 05:40:00;7687.25;7688.50;7685.00;7685.25
2026-24-08 05:45:00;7685.00;7686.75;7684.25;7686.50
2026-24-08 05:50:00;7686.50;7687.25;7682.75;7683.00
2026-24-08 05:55:00;7683.00;7683.25;7682.25;7683.00
2026-24-08 06:00:00;7683.00;7684.25;7682.50;7683.75
2026-24-08 06:05:00;7683.50;7683.75;7681.75;7682.25
2026-24-08 06:10:00;7682.25;7684.75;7682.25;7684.50
2026-24-08 06:15:00;7684.75;7685.00;7682.75;7683.50
2026-24-08 06:20:00;7683.75;7685.00;7681.25;7681.50
2026-24-08 06:25:00;7681.50;7683.75;7680.50;7683.50
2026-24-08 06:30:00;7683.50;7684.50;7681.00;7681.75
2026-24-08 06:35:00;7682.00;7682.50;7680.75;7681.75
2026-24-08 06:40:00;7681.75;7683.75;7680.75;7683.75
2026-24-08 06:45:00;7683.75;7684.00;7681.25;7681.25
2026-24-08 06:50:00;7681.25;7682.25;7680.50;7681.00
2026-24-08 06:55:00;7680.75;7681.00;7679.50;7679.75
2026-24-08 07:00:00;7680.00;7681.25;7679.75;7680.50
2026-24-08 07:05:00;7680.50;7685.00;7680.50;7684.00
2026-24-08 07:10:00;7683.75;7685.50;7683.00;7685.25
2026-24-08 07:15:00;7685.00;7685.00;7682.00;7682.00
2026-24-08 07:20:00;7681.75;7683.00;7681.50;7681.75
2026-24-08 07:25:00;7681.75;7682.00;7680.25;7680.50
2026-24-08 07:30:00;7680.50;7680.75;7675.50;7676.50
2026-24-08 07:35:00;7676.50;7679.75;7675.75;7677.75
2026-24-08 07:40:00;7677.75;7682.00;7677.75;7678.25
2026-24-08 07:45:00;7678.25;7679.25;7676.00;7677.25
2026-24-08 07:50:00;7677.25;7678.25;7676.25;7677.00
2026-24-08 07:55:00;7677.25;7677.50;7675.00;7676.50
2026-24-08 08:00:00;7676.50;7678.75;7673.25;7673.50
2026-24-08 08:05:00;7673.50;7674.50;7672.00;7673.25
2026-24-08 08:10:00;7673.00;7674.50;7672.00;7673.25
2026-24-08 08:15:00;7673.25;7676.25;7670.75;7671.00
2026-24-08 08:20:00;7670.75;7673.75;7669.00;7673.75
2026-24-08 08:25:00;7673.75;7674.50;7673.00;7674.25
2026-24-08 08:30:00;7673.50;7674.25;7671.75;7673.75
2026-24-08 08:35:00;7673.75;7675.50;7672.75;7674.75
2026-24-08 08:40:00;7675.00;7675.00;7671.00;7671.75
2026-24-08 08:45:00;7671.50;7673.00;7670.25;7672.75
2026-24-08 08:50:00;7673.00;7675.00;7672.50;7674.75
2026-24-08 08:55:00;7674.75;7675.75;7673.25;7673.50
2026-24-08 09:00:00;7673.50;7676.75;7672.00;7674.75
2026-24-08 09:05:00;7674.50;7677.75;7673.50;7677.00
2026-24-08 09:10:00;7677.00;7678.50;7676.00;7677.75
2026-24-08 09:15:00;7678.00;7679.50;7675.25;7676.75
2026-24-08 09:20:00;7676.75;7676.75;7674.75;7676.25
2026-24-08 09:25:00;7676.25;7678.00;7674.75;7675.00
2026-24-08 09:30:00;7674.75;7678.25;7673.50;7678.25
2026-24-08 09:35:00;7678.25;7679.25;7677.00;7677.00
2026-24-08 09:40:00;7676.75;7676.75;7672.50;7672.50
2026-24-08 09:45:00;7672.50;7674.75;7672.50;7672.50
2026-24-08 09:50:00;7672.50;7673.50;7670.75;7672.00
2026-24-08 09:55:00;7671.75;7672.25;7670.50;7671.00
2026-24-08 10:00:00;7671.00;7672.75;7668.75;7670.00
2026-24-08 10:05:00;7670.25;7681.50;7670.25;7673.00
2026-24-08 10:10:00;7673.50;7676.25;7673.50;7675.75
2026-24-08 10:15:00;7675.50;7679.50;7674.25;7678.75
2026-24-08 10:20:00;7678.75;7679.25;7676.00;7677.00
2026-24-08 10:25:00;7677.25;7678.75;7674.75;7677.25
2026-24-08 10:30:00;7677.25;7679.25;7676.50;7678.25
2026-24-08 10:35:00;7678.25;7682.25;7678.25;7682.00
2026-24-08 10:40:00;7682.00;7683.00;7680.50;7682.50
2026-24-08 10:45:00;7682.25;7683.00;7681.25;7681.50
2026-24-08 10:50:00;7681.50;7684.00;7681.50;7683.25
2026-24-08 10:55:00;7683.25;7683.25;7680.50;7680.50
2026-24-08 11:00:00;7680.50;7684.50;7678.75;7683.75
2026-24-08 11:05:00;7683.75;7684.00;7682.25;7683.25
2026-24-08 11:10:00;7683.25;7684.00;7682.00;7682.00
2026-24-08 11:15:00;7682.25;7682.50;7679.50;7679.75
2026-24-08 11:20:00;7679.75;7680.00;7678.25;7679.75
2026-24-08 11:25:00;7679.50;7679.50;7677.75;7678.50
2026-24-08 11:30:00;7678.25;7679.75;7678.25;7679.50
2026-24-08 11:35:00;7679.75;7681.75;7679.50;7681.25
2026-24-08 11:40:00;7681.00;7681.25;7679.50;7680.75
2026-24-08 11:45:00;7681.00;7682.50;7680.25;7682.25
2026-24-08 11:50:00;7682.25;7682.50;7679.75;7680.25
2026-24-08 11:55:00;7680.50;7681.00;7679.75;7680.50
2026-24-08 12:00:00;7680.50;7681.75;7680.00;7681.50
2026-24-08 12:05:00;7681.75;7682.00;7679.75;7679.75
2026-24-08 12:10:00;7680.00;7680.25;7676.75;7677.00
2026-24-08 12:15:00;7677.00;7677.50;7676.75;7676.75
2026-24-08 12:20:00;7676.50;7680.00;7675.25;7679.50
2026-24-08 12:25:00;7679.50;7679.50;7675.75;7676.00
2026-24-08 12:30:00;7676.00;7680.25;7675.75;7679.50
2026-24-08 12:35:00;7679.50;7679.75;7677.00;7677.00
2026-24-08 12:40:00;7677.00;7677.00;7673.50;7674.50
2026-24-08 12:45:00;7674.50;7674.75;7672.00;7672.75
2026-24-08 12:50:00;7672.75;7672.75;7669.75;7670.75
2026-24-08 12:55:00;7670.75;7671.50;7670.00;7670.50
2026-24-08 13:00:00;7670.50;7671.50;7666.25;7666.75
2026-24-08 13:05:00;7666.75;7667.75;7664.50;7667.00
2026-24-08 13:10:00;7667.00;7668.25;7665.50;7667.75
2026-24-08 13:15:00;7667.50;7669.25;7667.25;7668.75
2026-24-08 13:20:00;7668.75;7669.75;7667.75;7669.50
2026-24-08 13:25:00;7669.50;7672.00;7669.25;7670.25
2026-24-08 13:30:00;7670.25;7677.50;7670.25;7677.50
2026-24-08 13:35:00;7677.25;7686.50;7676.50;7682.25
2026-24-08 13:40:00;7682.50;7685.00;7680.50;7681.25
2026-24-08 13:45:00;7681.25;7681.25;7676.25;7677.75
2026-24-08 13:50:00;7677.75;7680.25;7677.75;7680.00
2026-24-08 13:55:00;7679.75;7680.50;7678.00;7679.75
2026-24-08 14:00:00;7680.00;7680.00;7676.25;7676.75
2026-24-08 14:05:00;7676.75;7679.00;7676.25;7677.00
2026-24-08 14:10:00;7677.00;7678.25;7675.75;7677.00
2026-24-08 14:15:00;7677.00;7678.50;7675.75;7677.25
2026-24-08 14:20:00;7677.50;7681.00;7677.25;7680.25
2026-24-08 14:25:00;7680.25;7681.25;7678.75;7680.75
2026-24-08 14:30:00;7680.75;7681.25;7669.25;7675.75
2026-24-08 14:35:00;7675.50;7679.50;7675.00;7676.75
2026-24-08 14:40:00;7676.75;7682.50;7674.50;7676.25
2026-24-08 14:45:00;7676.25;7678.75;7675.25;7678.25
2026-24-08 14:50:00;7678.25;7679.50;7677.25;7678.00
2026-24-08 14:55:00;7678.00;7679.25;7677.50;7678.00
2026-24-08 15:00:00;7678.00;7679.75;7677.75;7679.25
2026-24-08 15:05:00;7679.25;7679.75;7676.75;7678.25
2026-24-08 15:10:00;7678.00;7679.50;7676.75;7677.00
2026-24-08 15:15:00;7677.25;7679.75;7676.00;7676.50
2026-24-08 15:20:00;7676.50;7679.25;7676.25;7677.00
2026-24-08 15:25:00;7677.00;7681.75;7676.00;7681.75
2026-24-08 15:30:00;7681.75;7682.75;7666.25;7669.25
2026-24-08 15:35:00;7669.25;7672.75;7664.75;7668.00
2026-24-08 15:40:00;7668.25;7672.00;7655.75;7656.00
2026-24-08 15:45:00;7656.00;7670.25;7655.00;7665.75
2026-24-08 15:50:00;7665.75;7670.00;7662.00;7669.25
2026-24-08 15:55:00;7669.00;7671.00;7666.75;7668.50
2026-24-08 16:00:00;7668.75;7674.00;7662.25;7664.25
2026-24-08 16:05:00;7664.25;7666.50;7660.25;7663.50
2026-24-08 16:10:00;7663.50;7664.50;7659.50;7664.25
2026-24-08 16:15:00;7664.25;7665.00;7660.50;7663.00
2026-24-08 16:20:00;7662.75;7669.25;7662.00;7662.50
2026-24-08 16:25:00;7662.75;7665.50;7660.50;7663.25
2026-24-08 16:30:00;7663.25;7671.75;7661.75;7670.50
2026-24-08 16:35:00;7670.50;7673.00;7669.50;7671.00
2026-24-08 16:40:00;7671.25;7675.50;7669.25;7671.25
2026-24-08 16:45:00;7671.25;7673.00;7668.75;7673.00
2026-24-08 16:50:00;7673.00;7673.50;7668.25;7670.50
2026-24-08 16:55:00;7670.50;7674.00;7669.25;7670.75
2026-24-08 17:00:00;7670.75;7672.50;7664.25;7664.75
2026-24-08 17:05:00;7664.50;7665.00;7661.75;7663.75
2026-24-08 17:10:00;7663.75;7666.00;7660.75;7661.25
2026-24-08 17:15:00;7661.25;7662.50;7660.25;7661.00
2026-24-08 17:20:00;7660.75;7666.00;7657.75;7665.50
2026-24-08 17:25:00;7665.50;7674.25;7664.50;7671.50
2026-24-08 17:30:00;7671.50;7674.75;7668.00;7672.50
2026-24-08 17:35:00;7672.50;7675.75;7671.00;7674.50
2026-24-08 17:40:00;7674.50;7678.75;7674.25;7676.75
2026-24-08 17:45:00;7676.75;7681.50;7676.75;7677.00
2026-24-08 17:50:00;7676.75;7680.25;7676.75;7677.25
2026-24-08 17:55:00;7677.25;7679.50;7675.50;7679.50
2026-24-08 18:00:00;7679.25;7686.00;7678.25;7683.75
2026-24-08 18:05:00;7683.50;7684.00;7678.50;7679.00
2026-24-08 18:10:00;7679.00;7680.75;7678.25;7680.75
2026-24-08 18:15:00;7680.75;7685.75;7680.25;7684.75
2026-24-08 18:20:00;7684.50;7686.50;7682.25;7682.75
2026-24-08 18:25:00;7682.75;7684.25;7682.00;7683.25
2026-24-08 18:30:00;7683.25;7684.00;7679.00;7680.00
2026-24-08 18:35:00;7680.00;7681.25;7677.25;7677.75
2026-24-08 18:40:00;7677.50;7678.25;7675.75;7677.25
2026-24-08 18:45:00;7677.25;7678.00;7675.75;7677.75
2026-24-08 18:50:00;7677.50;7678.75;7675.25;7676.25
2026-24-08 18:55:00;7676.25;7677.50;7675.50;7676.00
2026-24-08 19:00:00;7676.00;7676.25;7672.75;7674.25
2026-24-08 19:05:00;7674.00;7680.75;7673.50;7678.50
2026-24-08 19:10:00;7678.50;7682.00;7677.25;7679.25
2026-24-08 19:15:00;7679.25;7679.75;7674.25;7675.50
2026-24-08 19:20:00;7675.25;7675.75;7669.00;7669.75
2026-24-08 19:25:00;7669.75;7671.50;7667.25;7668.25
2026-24-08 19:30:00;7668.00;7670.00;7667.00;7667.25
2026-24-08 19:35:00;7667.00;7668.25;7665.25;7668.00
2026-24-08 19:40:00;7668.00;7668.75;7665.00;7665.25
2026-24-08 19:45:00;7665.00;7667.00;7664.50;7666.25
2026-24-08 19:50:00;7666.50;7669.00;7665.25;7666.00
2026-24-08 19:55:00;7666.25;7668.00;7665.25;7667.00
2026-24-08 20:00:00;7667.00;7670.75;7666.75;7669.75
2026-24-08 20:05:00;7669.50;7674.25;7669.00;7673.00
2026-24-08 20:10:00;7673.00;7677.00;7672.25;7676.75
2026-24-08 20:15:00;7676.50;7679.25;7675.25;7676.25
2026-24-08 20:20:00;7676.25;7681.00;7676.00;7680.25
2026-24-08 20:25:00;7680.00;7682.75;7679.50;7682.00
2026-24-08 20:30:00;7682.00;7685.25;7680.75;7681.00
2026-24-08 20:35:00;7681.25;7681.75;7675.25;7676.25
2026-24-08 20:40:00;7676.50;7678.25;7675.75;7677.50
2026-24-08 20:45:00;7677.50;7678.50;7675.25;7677.50
2026-24-08 20:50:00;7677.50;7678.75;7675.00;7675.75
2026-24-08 20:55:00;7675.75;7677.00;7674.00;7674.25
2026-24-08 21:00:00;7674.00;7675.00;7672.50;7673.50
2026-24-08 21:05:00;7673.50;7675.25;7672.50;7673.00
2026-24-08 21:10:00;7673.00;7676.50;7672.75;7675.25
2026-24-08 21:15:00;7675.50;7676.75;7673.50;7675.50
2026-24-08 21:20:00;7675.25;7676.25;7673.75;7674.75
2026-24-08 21:25:00;7674.50;7676.00;7673.50;7674.25
2026-24-08 21:30:00;7674.25;7677.00;7671.75;7671.75
2026-24-08 21:35:00;7672.00;7673.00;7670.75;7671.00
2026-24-08 21:40:00;7671.00;7672.25;7670.00;7671.25
2026-24-08 21:45:00;7671.25;7672.50;7669.25;7672.00
2026-24-08 21:50:00;7672.00;7674.25;7668.00;7672.25
2026-24-08 21:55:00;7672.25;7674.25;7668.25;7669.50
2026-24-08 22:00:00;7669.50;7672.25;7668.00;7671.00
2026-24-08 22:05:00;7671.25;7673.50;7670.25;7671.25
2026-24-08 22:10:00;7671.25;7671.75;7670.00;7670.75
2026-24-08 22:15:00;7671.00;7671.25;7669.25;7670.00
2026-24-08 22:20:00;7670.00;7670.25;7666.50;7666.75
2026-24-08 22:25:00;7666.75;7667.25;7666.50;7667.00
2026-24-08 22:30:00;7666.75;7669.00;7666.50;7669.00
2026-24-08 22:35:00;7668.75;7671.25;7668.75;7670.75
2026-24-08 22:40:00;7671.00;7671.50;7670.50;7671.25
2026-24-08 22:45:00;7671.00;7671.75;7670.25;7670.50
2026-24-08 22:50:00;7670.25;7671.00;7670.00;7671.00
2026-24-08 22:55:00;7670.75;7675.00;7670.75;7674.25
2026-25-08 00:00:00;7676.00;7677.50;7673.50;7674.00
2026-25-08 00:05:00;7674.25;7677.00;7674.00;7675.00
2026-25-08 00:10:00;7675.00;7675.00;7673.75;7674.00
2026-25-08 00:15:00;7674.25;7675.00;7673.75;7674.50
2026-25-08 00:20:00;7674.25;7675.00;7673.75;7674.75
2026-25-08 00:25:00;7674.75;7674.75;7674.00;7674.25
2026-25-08 00:30:00;7674.50;7674.75;7673.25;7674.25
2026-25-08 00:35:00;7674.50;7674.50;7674.25;7674.25
2026-25-08 00:40:00;7674.25;7674.50;7673.25;7673.75
2026-25-08 00:45:00;7673.75;7674.25;7673.50;7674.00
2026-25-08 00:50:00;7673.75;7674.50;7673.75;7674.00
2026-25-08 00:55:00;7674.00;7674.50;7673.50;7674.50
2026-25-08 01:00:00;7674.50;7674.75;7674.00;7674.50
2026-25-08 01:05:00;7674.50;7675.50;7674.25;7675.25
2026-25-08 01:10:00;7675.00;7675.50;7674.75;7675.25
2026-25-08 01:15:00;7675.50;7675.75;7673.75;7674.25
2026-25-08 01:20:00;7674.00;7675.25;7674.00;7674.50
2026-25-08 01:25:00;7674.50;7674.50;7672.50;7672.50
2026-25-08 01:30:00;7672.50;7672.75;7671.25;7672.25
2026-25-08 01:35:00;7672.25;7672.25;7670.50;7670.75
2026-25-08 01:40:00;7670.75;7672.50;7667.75;7669.25
2026-25-08 01:45:00;7669.25;7669.50;7668.50;7669.25
2026-25-08 01:50:00;7669.25;7671.25;7668.50;7668.75
2026-25-08 01:55:00;7668.75;7670.50;7668.75;7670.50
2026-25-08 02:00:00;7670.50;7671.25;7667.25;7667.25
2026-25-08 02:05:00;7667.50;7669.75;7667.00;7667.50
2026-25-08 02:10:00;7667.75;7667.75;7663.50;7664.25
2026-25-08 02:15:00;7664.25;7664.25;7660.25;7660.75
2026-25-08 02:20:00;7661.00;7666.50;7661.00;7664.00
2026-25-08 02:25:00;7664.00;7668.50;7662.75;7668.25
2026-25-08 02:30:00;7668.00;7670.00;7667.25;7669.25
2026-25-08 02:35:00;7669.50;7670.75;7668.50;7669.00
2026-25-08 02:40:00;7669.00;7674.25;7668.50;7673.25
2026-25-08 02:45:00;7673.00;7675.75;7671.50;7673.25
2026-25-08 02:50:00;7673.25;7675.50;7673.00;7674.75
2026-25-08 02:55:00;7674.75;7675.25;7673.75;7673.75
2026-25-08 03:00:00;7673.75;7674.50;7672.25;7674.25
2026-25-08 03:05:00;7674.25;7675.25;7673.00;7675.00
2026-25-08 03:10:00;7675.00;7675.25;7673.00;7674.00
2026-25-08 03:15:00;7674.25;7675.25;7672.50;7674.25
2026-25-08 03:20:00;7674.25;7674.75;7671.00;7671.00
2026-25-08 03:25:00;7671.00;7673.25;7670.50;7672.50
2026-25-08 03:30:00;7672.25;7675.75;7671.75;7673.00
2026-25-08 03:35:00;7672.50;7676.75;7672.25;7676.25
2026-25-08 03:40:00;7676.00;7676.75;7673.25;7674.50
2026-25-08 03:45:00;7674.75;7676.25;7674.50;7676.00
2026-25-08 03:50:00;7675.75;7675.75;7674.00;7675.50
2026-25-08 03:55:00;7675.50;7675.50;7673.00;7673.25
2026-25-08 04:00:00;7673.25;7675.50;7673.25;7674.00
2026-25-08 04:05:00;7674.00;7674.25;7669.25;7669.75
2026-25-08 04:10:00;7670.00;7670.00;7668.25;7669.50
2026-25-08 04:15:00;7669.50;7671.50;7668.00;7671.25
2026-25-08 04:20:00;7671.00;7671.75;7668.75;7671.75
2026-25-08 04:25:00;7671.75;7672.50;7668.50;7672.00
2026-25-08 04:30:00;7671.75;7675.00;7671.00;7673.75
2026-25-08 04:35:00;7673.50;7674.00;7671.25;7673.00
2026-25-08 04:40:00;7673.00;7675.25;7671.75;7672.25
2026-25-08 04:45:00;7672.25;7672.50;7669.75;7670.25
2026-25-08 04:50:00;7670.25;7670.25;7667.75;7669.00
2026-25-08 04:55:00;7669.00;7669.00;7666.50;7668.00
2026-25-08 05:00:00;7668.00;7671.25;7668.00;7670.50
2026-25-08 05:05:00;7670.50;7677.00;7670.50;7675.00
2026-25-08 05:10:00;7675.00;7676.50;7674.25;7674.75
2026-25-08 05:15:00;7675.00;7677.50;7674.75;7677.00
2026-25-08 05:20:00;7677.00;7677.00;7675.00;7675.25
2026-25-08 05:25:00;7675.50;7677.75;7675.25;7677.50
2026-25-08 05:30:00;7677.25;7678.75;7676.75;7678.00
2026-25-08 05:35:00;7678.00;7678.00;7675.75;7676.25
2026-25-08 05:40:00;7676.25;7677.00;7676.00;7676.25
2026-25-08 05:45:00;7676.25;7676.25;7674.00;7674.25
2026-25-08 05:50:00;7674.25;7675.25;7673.25;7674.75
2026-25-08 05:55:00;7674.75;7675.25;7674.00;7675.25
2026-25-08 06:00:00;7675.00;7677.50;7674.75;7677.50
2026-25-08 06:05:00;7677.25;7678.00;7676.75;7678.00
2026-25-08 06:10:00;7678.25;7678.25;7676.75;7678.25
2026-25-08 06:15:00;7678.25;7678.50;7677.00;7677.25
2026-25-08 06:20:00;7677.50;7678.25;7677.25;7678.25
2026-25-08 06:25:00;7678.25;7678.50;7677.25;7677.75
2026-25-08 06:30:00;7677.75;7679.50;7677.50;7678.50
2026-25-08 06:35:00;7678.50;7678.50;7677.00;7677.75
2026-25-08 06:40:00;7678.00;7679.25;7677.75;7678.50
2026-25-08 06:45:00;7678.50;7679.25;7677.75;7678.25
2026-25-08 06:50:00;7678.00;7678.00;7675.25;7676.50
2026-25-08 06:55:00;7676.25;7677.00;7675.25;7677.00
2026-25-08 07:00:00;7676.75;7678.50;7676.00;7678.25
2026-25-08 07:05:00;7678.00;7678.75;7677.25;7677.75
2026-25-08 07:10:00;7677.75;7680.00;7677.50;7677.75
2026-25-08 07:15:00;7677.75;7680.00;7677.75;7679.00
2026-25-08 07:20:00;7678.75;7679.75;7678.25;7679.00
2026-25-08 07:25:00;7679.00;7679.25;7678.50;7678.75
2026-25-08 07:30:00;7679.00;7680.00;7678.25;7679.25
2026-25-08 07:35:00;7679.50;7680.50;7679.25;7680.00
2026-25-08 07:40:00;7680.00;7680.50;7677.50;7677.75
2026-25-08 07:45:00;7677.75;7679.25;7677.00;7678.50
2026-25-08 07:50:00;7678.25;7679.75;7677.75;7679.00
2026-25-08 07:55:00;7679.00;7681.00;7679.00;7680.00
2026-25-08 08:00:00;7680.00;7682.50;7680.00;7681.75
2026-25-08 08:05:00;7681.75;7683.00;7681.25;7682.00
2026-25-08 08:10:00;7682.00;7682.25;7681.00;7681.50
2026-25-08 08:15:00;7681.50;7682.50;7680.25;7682.00
2026-25-08 08:20:00;7682.25;7690.75;7681.25;7685.25
2026-25-08 08:25:00;7685.25;7687.00;7684.75;7685.25
2026-25-08 08:30:00;7685.00;7687.00;7684.00;7686.00
2026-25-08 08:35:00;7686.25;7686.25;7683.50;7684.25
2026-25-08 08:40:00;7684.25;7688.00;7684.25;7687.75
2026-25-08 08:45:00;7687.75;7688.00;7685.50;7685.75
2026-25-08 08:50:00;7685.50;7687.50;7685.25;7687.50
2026-25-08 08:55:00;7687.50;7689.75;7687.00;7689.75
2026-25-08 09:00:00;7689.75;7692.50;7689.50;7692.25
2026-25-08 09:05:00;7692.25;7692.50;7689.50;7689.75
2026-25-08 09:10:00;7689.50;7690.00;7687.25;7688.00
2026-25-08 09:15:00;7688.00;7690.00;7684.00;7684.50
2026-25-08 09:20:00;7684.25;7686.75;7684.00;7685.25
2026-25-08 09:25:00;7685.25;7685.25;7682.50;7684.75
2026-25-08 09:30:00;7684.75;7685.75;7684.25;7684.75
2026-25-08 09:35:00;7685.00;7685.25;7684.00;7684.50
2026-25-08 09:40:00;7684.25;7686.50;7683.25;7685.50
2026-25-08 09:45:00;7686.00;7686.00;7682.75;7683.75
2026-25-08 09:50:00;7683.50;7683.75;7681.50;7681.75
2026-25-08 09:55:00;7681.75;7684.00;7681.75;7682.75
2026-25-08 10:00:00;7682.75;7685.25;7680.50;7681.25
2026-25-08 10:05:00;7681.50;7683.75;7681.25;7682.75
2026-25-08 10:10:00;7682.75;7682.75;7681.00;7681.50
2026-25-08 10:15:00;7681.50;7685.75;7681.50;7684.25
2026-25-08 10:20:00;7684.25;7699.75;7683.75;7698.50
2026-25-08 10:25:00;7698.25;7698.25;7691.00;7691.25
2026-25-08 10:30:00;7691.50;7695.00;7690.00;7693.50
2026-25-08 10:35:00;7693.75;7694.75;7689.25;7689.75
2026-25-08 10:40:00;7690.00;7692.75;7690.00;7692.75
2026-25-08 10:45:00;7692.75;7695.25;7692.75;7694.75
2026-25-08 10:50:00;7694.75;7697.00;7694.50;7694.50
2026-25-08 10:55:00;7694.50;7697.25;7693.50;7697.00
2026-25-08 11:00:00;7697.00;7697.25;7694.50;7697.25
2026-25-08 11:05:00;7697.25;7699.50;7696.00;7698.00
2026-25-08 11:10:00;7698.00;7700.75;7697.75;7699.00
2026-25-08 11:15:00;7699.00;7700.50;7698.75;7700.25
2026-25-08 11:20:00;7700.25;7701.00;7699.50;7699.50
2026-25-08 11:25:00;7699.50;7699.50;7697.50;7699.25
2026-25-08 11:30:00;7699.25;7709.50;7698.75;7708.25
2026-25-08 11:35:00;7708.25;7708.75;7703.50;7704.50
2026-25-08 11:40:00;7704.50;7708.75;7704.00;7705.25
2026-25-08 11:45:00;7705.00;7708.75;7704.50;7708.75
2026-25-08 11:50:00;7709.00;7711.00;7708.50;7710.50
2026-25-08 11:55:00;7710.50;7714.00;7708.75;7709.50
2026-25-08 12:00:00;7709.25;7709.75;7705.00;7706.50
2026-25-08 12:05:00;7706.50;7710.00;7706.25;7709.75
2026-25-08 12:10:00;7709.75;7710.00;7706.75;7707.75
2026-25-08 12:15:00;7708.00;7708.00;7705.25;7706.00
2026-25-08 12:20:00;7706.00;7706.00;7705.00;7705.00
2026-25-08 12:25:00;7705.00;7705.00;7703.25;7703.50
2026-25-08 12:30:00;7703.75;7704.50;7702.25;7703.25
2026-25-08 12:35:00;7703.25;7703.50;7701.50;7702.75
2026-25-08 12:40:00;7702.75;7703.50;7700.25;7700.25
2026-25-08 12:45:00;7700.00;7702.50;7699.75;7702.00
2026-25-08 12:50:00;7702.25;7703.00;7701.75;7702.25
2026-25-08 12:55:00;7702.00;7702.50;7701.00;7702.25
2026-25-08 13:00:00;7702.00;7702.50;7698.50;7699.00
2026-25-08 13:05:00;7698.75;7698.75;7693.00;7697.00
2026-25-08 13:10:00;7697.00;7699.00;7696.25;7698.50
2026-25-08 13:15:00;7698.50;7699.50;7696.50;7697.75
2026-25-08 13:20:00;7698.00;7700.75;7697.75;7699.50
2026-25-08 13:25:00;7699.75;7699.75;7696.75;7698.75
2026-25-08 13:30:00;7699.00;7701.00;7698.50;7698.75
2026-25-08 13:35:00;7698.75;7701.75;7698.50;7701.50
2026-25-08 13:40:00;7701.75;7703.25;7700.75;7701.50
2026-25-08 13:45:00;7701.75;7704.75;7701.50;7704.50
2026-25-08 13:50:00;7704.75;7706.50;7703.00;7703.50
2026-25-08 13:55:00;7703.75;7704.75;7703.00;7704.75
2026-25-08 14:00:00;7704.75;7705.50;7701.25;7704.50
2026-25-08 14:05:00;7704.50;7705.50;7703.00;7705.25
2026-25-08 14:10:00;7705.00;7705.50;7701.50;7704.25
2026-25-08 14:15:00;7704.25;7709.00;7703.75;7706.75
2026-25-08 14:20:00;7707.00;7707.00;7703.25;7704.50
2026-25-08 14:25:00;7704.75;7706.00;7704.50;7705.25
2026-25-08 14:30:00;7705.25;7705.25;7698.00;7699.25
2026-25-08 14:35:00;7699.25;7699.25;7695.25;7695.75
2026-25-08 14:40:00;7695.50;7698.25;7694.75;7697.50
2026-25-08 14:45:00;7697.25;7697.75;7696.50;7697.50
2026-25-08 14:50:00;7697.50;7701.50;7697.50;7698.75
2026-25-08 14:55:00;7698.75;7699.00;7697.00;7698.00
2026-25-08 15:00:00;7697.75;7699.75;7696.50;7697.50
2026-25-08 15:05:00;7697.75;7698.50;7695.50;7697.00
2026-25-08 15:10:00;7697.25;7700.25;7697.00;7698.25
2026-25-08 15:15:00;7698.25;7701.25;7697.00;7699.25
2026-25-08 15:20:00;7699.25;7699.50;7696.50;7696.75
2026-25-08 15:25:00;7697.00;7700.25;7694.75;7695.00
2026-25-08 15:30:00;7695.00;7701.25;7692.50;7700.25
2026-25-08 15:35:00;7700.25;7700.50;7694.50;7695.00
2026-25-08 15:40:00;7695.00;7699.75;7692.00;7694.75
2026-25-08 15:45:00;7694.75;7700.50;7694.50;7698.00
2026-25-08 15:50:00;7698.00;7698.75;7693.25;7693.50
2026-25-08 15:55:00;7693.50;7694.00;7688.00;7690.00
2026-25-08 16:00:00;7690.00;7691.25;7685.50;7687.75
2026-25-08 16:05:00;7687.75;7689.00;7684.50;7686.50
2026-25-08 16:10:00;7686.50;7688.25;7684.00;7684.75
2026-25-08 16:15:00;7684.75;7689.50;7683.50;7687.25
2026-25-08 16:20:00;7687.25;7688.00;7681.25;7684.25
2026-25-08 16:25:00;7684.25;7685.00;7680.00;7680.00
2026-25-08 16:30:00;7680.00;7682.00;7663.25;7676.50
2026-25-08 16:35:00;7676.50;7683.75;7675.75;7683.25
2026-25-08 16:40:00;7683.00;7683.25;7674.50;7676.50
2026-25-08 16:45:00;7676.25;7678.00;7674.50;7675.25
2026-25-08 16:50:00;7675.25;7681.25;7673.25;7679.75
2026-25-08 16:55:00;7679.50;7681.75;7677.75;7680.25
2026-25-08 17:00:00;7680.00;7681.00;7676.25;7677.50
2026-25-08 17:05:00;7677.50;7681.00;7677.25;7679.00
2026-25-08 17:10:00;7679.00;7681.00;7676.75;7678.75
2026-25-08 17:15:00;7679.00;7682.50;7677.75;7682.00
2026-25-08 17:20:00;7682.25;7684.75;7679.75;7680.75
2026-25-08 17:25:00;7681.00;7687.00;7679.50;7686.00
2026-25-08 17:30:00;7686.25;7691.00;7683.50;7684.00
2026-25-08 17:35:00;7684.00;7690.25;7683.75;7684.25
2026-25-08 17:40:00;7684.25;7685.50;7682.00;7685.00
2026-25-08 17:45:00;7685.00;7685.25;7679.00;7680.00
2026-25-08 17:50:00;7680.00;7686.25;7679.00;7685.25
2026-25-08 17:55:00;7685.25;7689.25;7685.00;7687.75
2026-25-08 18:00:00;7687.75;7691.50;7687.25;7688.75
2026-25-08 18:05:00;7688.75;7689.50;7686.50;7686.50
2026-25-08 18:10:00;7686.75;7689.00;7686.25;7688.25
2026-25-08 18:15:00;7688.25;7689.00;7687.25;7688.25
2026-25-08 18:20:00;7688.25;7689.50;7687.00;7689.25
2026-25-08 18:25:00;7689.25;7691.50;7688.50;7690.75
2026-25-08 18:30:00;7690.50;7691.75;7689.75;7690.50
2026-25-08 18:35:00;7690.75;7692.75;7689.00;7692.25
2026-25-08 18:40:00;7692.00;7692.25;7688.00;7688.75
2026-25-08 18:45:00;7688.75;7690.75;7687.00;7689.50
2026-25-08 18:50:00;7689.50;7689.50;7686.25;7687.25
2026-25-08 18:55:00;7687.00;7692.00;7687.00;7690.75
2026-25-08 19:00:00;7690.75;7691.50;7686.50;7686.50
2026-25-08 19:05:00;7686.50;7687.25;7682.25;7684.25
2026-25-08 19:10:00;7684.00;7686.50;7682.75;7686.00
2026-25-08 19:15:00;7686.00;7687.50;7684.75;7687.50
2026-25-08 19:20:00;7687.25;7687.50;7683.25;7683.50
2026-25-08 19:25:00;7683.25;7683.25;7679.25;7681.25
2026-25-08 19:30:00;7681.00;7682.75;7680.25;7681.25
2026-25-08 19:35:00;7681.25;7683.25;7680.50;7682.25
2026-25-08 19:40:00;7682.25;7683.50;7681.25;7681.50
2026-25-08 19:45:00;7681.50;7683.50;7681.50;7682.25
2026-25-08 19:50:00;7682.25;7684.50;7681.50;7684.25
2026-25-08 19:55:00;7684.00;7684.75;7682.25;7683.50
2026-25-08 20:00:00;7683.25;7683.50;7681.00;7681.00
2026-25-08 20:05:00;7681.25;7683.25;7681.00;7682.25
2026-25-08 20:10:00;7682.25;7683.75;7680.75;7680.75
2026-25-08 20:15:00;7681.00;7681.75;7680.00;7681.50
2026-25-08 20:20:00;7681.25;7683.00;7681.25;7682.00
2026-25-08 20:25:00;7682.00;7683.00;7681.00;7682.75
2026-25-08 20:30:00;7682.75;7687.25;7682.75;7686.50
2026-25-08 20:35:00;7686.75;7687.00;7685.50;7686.00
2026-25-08 20:40:00;7685.75;7689.00;7685.75;7688.75
2026-25-08 20:45:00;7688.75;7692.00;7688.75;7691.00
2026-25-08 20:50:00;7691.25;7691.50;7689.25;7690.00
2026-25-08 20:55:00;7690.00;7691.00;7688.25;7689.50
2026-25-08 21:00:00;7689.50;7691.50;7687.25;7687.75
2026-25-08 21:05:00;7687.50;7688.25;7686.00;7686.75
2026-25-08 21:10:00;7686.50;7686.75;7683.75;7684.25
2026-25-08 21:15:00;7684.00;7684.75;7682.25;7683.00
2026-25-08 21:20:00;7682.75;7683.75;7681.75;7683.50
2026-25-08 21:25:00;7683.75;7685.00;7683.00;7684.50
2026-25-08 21:30:00;7684.50;7685.50;7683.00;7684.00
2026-25-08 21:35:00;7684.00;7686.50;7683.50;7685.25
2026-25-08 21:40:00;7685.25;7689.25;7685.25;7686.50
2026-25-08 21:45:00;7686.50;7688.25;7685.50;7687.50
2026-25-08 21:50:00;7687.50;7694.50;7685.00;7694.00
2026-25-08 21:55:00;7694.25;7695.00;7689.50;7691.00
2026-25-08 22:00:00;7691.00;7693.50;7689.00;7691.00
2026-25-08 22:05:00;7691.00;7693.25;7690.25;7692.50
2026-25-08 22:10:00;7692.25;7693.25;7691.25;7692.00
2026-25-08 22:15:00;7692.00;7692.75;7691.25;7692.50
2026-25-08 22:20:00;7692.25;7696.00;7692.25;7695.00
2026-25-08 22:25:00;7695.25;7695.75;7694.00;7694.25
2026-25-08 22:30:00;7694.25;7695.50;7694.25;7694.75
2026-25-08 22:35:00;7694.75;7694.75;7692.75;7692.75
2026-25-08 22:40:00;7693.00;7693.25;7691.50;7691.75
2026-25-08 22:45:00;7691.50;7692.00;7690.00;7690.25
2026-25-08 22:50:00;7690.00;7691.25;7689.75;7691.00
2026-25-08 22:55:00;7691.00;7691.50;7690.50;7690.75
2026-26-08 00:00:00;7691.50;7694.00;7690.50;7692.50
2026-26-08 00:05:00;7692.50;7693.50;7691.25;7692.50
2026-26-08 00:10:00;7692.50;7692.75;7691.50;7691.75
2026-26-08 00:15:00;7691.75;7692.00;7691.50;7691.50
2026-26-08 00:20:00;7691.50;7692.25;7690.50;7692.00
2026-26-08 00:25:00;7692.00;7693.00;7691.75;7692.75
2026-26-08 00:30:00;7693.00;7693.25;7692.75;7693.00
2026-26-08 00:35:00;7693.25;7693.25;7692.25;7692.50
2026-26-08 00:40:00;7692.25;7692.75;7691.75;7692.75
2026-26-08 00:45:00;7692.75;7692.75;7692.00;7692.00
2026-26-08 00:50:00;7692.25;7692.25;7691.75;7692.00
2026-26-08 00:55:00;7692.25;7692.75;7691.75;7692.25
2026-26-08 01:00:00;7692.00;7692.50;7692.00;7692.25
2026-26-08 01:05:00;7692.25;7692.50;7691.25;7691.75
2026-26-08 01:10:00;7691.75;7691.75;7691.25;7691.50
2026-26-08 01:15:00;7691.50;7691.50;7691.00;7691.25
2026-26-08 01:20:00;7691.25;7691.25;7689.00;7689.50
2026-26-08 01:25:00;7689.25;7689.50;7687.50;7687.50
2026-26-08 01:30:00;7687.50;7688.00;7685.75;7686.25
2026-26-08 01:35:00;7686.25;7686.75;7685.50;7685.75
2026-26-08 01:40:00;7686.00;7686.00;7684.25;7684.75
2026-26-08 01:45:00;7684.75;7684.75;7682.25;7682.25
2026-26-08 01:50:00;7682.50;7683.00;7680.50;7682.75
2026-26-08 01:55:00;7682.75;7683.50;7682.00;7682.00
2026-26-08 02:00:00;7681.75;7683.75;7679.50;7682.50
2026-26-08 02:05:00;7682.50;7683.50;7680.50;7683.50
2026-26-08 02:10:00;7683.50;7684.25;7681.25;7681.25
2026-26-08 02:15:00;7681.50;7686.00;7681.25;7684.25
2026-26-08 02:20:00;7684.25;7684.50;7682.25;7682.75
2026-26-08 02:25:00;7682.75;7683.00;7679.25;7680.75
2026-26-08 02:30:00;7680.75;7681.25;7678.50;7678.75
2026-26-08 02:35:00;7679.00;7679.25;7676.75;7677.50
2026-26-08 02:40:00;7677.50;7678.25;7676.25;7677.75
2026-26-08 02:45:00;7677.50;7679.25;7677.25;7678.00
2026-26-08 02:50:00;7678.00;7678.25;7676.00;7676.50
2026-26-08 02:55:00;7676.25;7676.50;7673.50;7674.00
2026-26-08 03:00:00;7674.25;7677.25;7673.75;7677.00
2026-26-08 03:05:00;7677.25;7677.75;7676.00;7676.75
2026-26-08 03:10:00;7676.75;7678.00;7676.25;7676.50
2026-26-08 03:15:00;7676.50;7677.25;7674.00;7674.50
2026-26-08 03:20:00;7674.50;7675.75;7673.25;7673.75
2026-26-08 03:25:00;7673.75;7674.00;7672.75;7673.25
2026-26-08 03:30:00;7673.50;7674.00;7670.75;7671.75
2026-26-08 03:35:00;7671.75;7674.75;7671.00;7674.50
2026-26-08 03:40:00;7674.25;7674.50;7672.50;7673.25
2026-26-08 03:45:00;7673.25;7673.50;7671.75;7672.50
2026-26-08 03:50:00;7672.50;7673.25;7672.00;7673.00
2026-26-08 03:55:00;7673.00;7674.25;7673.00;7674.25
2026-26-08 04:00:00;7674.50;7676.00;7673.75;7675.00
2026-26-08 04:05:00;7675.00;7675.25;7672.25;7673.00
2026-26-08 04:10:00;7673.00;7675.25;7673.00;7675.00
2026-26-08 04:15:00;7675.00;7676.75;7674.75;7676.25
2026-26-08 04:20:00;7676.25;7678.50;7676.25;7677.50
2026-26-08 04:25:00;7677.75;7679.00;7677.75;7678.50
2026-26-08 04:30:00;7678.25;7680.75;7678.25;7680.25
2026-26-08 04:35:00;7680.50;7681.75;7679.00;7681.50
2026-26-08 04:40:00;7681.25;7685.00;7681.25;7684.75
2026-26-08 04:45:00;7684.75;7687.00;7684.00;7686.50
2026-26-08 04:50:00;7686.50;7687.00;7685.50;7685.50
2026-26-08 04:55:00;7685.50;7686.50;7685.50;7685.75
2026-26-08 05:00:00;7686.00;7686.50;7684.75;7686.00
2026-26-08 05:05:00;7686.00;7686.00;7685.25;7685.50
2026-26-08 05:10:00;7685.50;7688.25;7685.50;7688.00
2026-26-08 05:15:00;7688.00;7688.00;7686.25;7686.50
2026-26-08 05:20:00;7686.50;7687.00;7685.50;7685.75
2026-26-08 05:25:00;7685.75;7686.25;7685.25;7685.25
2026-26-08 05:30:00;7685.25;7686.75;7684.50;7686.50
2026-26-08 05:35:00;7686.75;7688.25;7686.75;7688.00
2026-26-08 05:40:00;7688.00;7688.25;7687.25;7687.50
2026-26-08 05:45:00;7687.75;7690.75;7687.50;7690.75
2026-26-08 05:50:00;7691.00;7692.00;7690.25;7690.75
2026-26-08 05:55:00;7690.75;7691.25;7689.75;7689.75
2026-26-08 06:00:00;7689.75;7691.50;7689.00;7690.75
2026-26-08 06:05:00;7691.00;7691.50;7689.75;7690.50
2026-26-08 06:10:00;7690.25;7691.50;7689.25;7690.50
2026-26-08 06:15:00;7690.50;7690.50;7689.25;7690.25
2026-26-08 06:20:00;7690.50;7690.75;7689.75;7690.00
2026-26-08 06:25:00;7690.00;7691.00;7689.50;7689.75
2026-26-08 06:30:00;7690.00;7690.25;7689.00;7689.00
2026-26-08 06:35:00;7689.00;7689.50;7688.00;7688.00
2026-26-08 06:40:00;7688.00;7688.50;7687.25;7687.25
2026-26-08 06:45:00;7687.25;7687.25;7682.25;7683.00
2026-26-08 06:50:00;7682.75;7684.25;7682.50;7683.75
2026-26-08 06:55:00;7683.75;7684.50;7682.50;7683.25
2026-26-08 07:00:00;7683.25;7687.00;7683.00;7686.25
2026-26-08 07:05:00;7686.25;7687.50;7684.25;7687.50
2026-26-08 07:10:00;7687.50;7687.50;7685.50;7686.00
2026-26-08 07:15:00;7685.75;7686.25;7684.25;7685.25
2026-26-08 07:20:00;7685.25;7686.00;7684.75;7685.75
2026-26-08 07:25:00;7685.75;7686.25;7684.00;7686.00
2026-26-08 07:30:00;7686.25;7687.75;7686.00;7687.00
2026-26-08 07:35:00;7687.25;7687.25;7685.25;7685.75
2026-26-08 07:40:00;7685.75;7686.25;7685.00;7686.00
2026-26-08 07:45:00;7686.00;7686.00;7684.00;7684.50
2026-26-08 07:50:00;7684.75;7685.50;7684.00;7684.00
2026-26-08 07:55:00;7684.00;7685.75;7684.00;7685.00
2026-26-08 08:00:00;7685.00;7686.25;7681.50;7681.50
2026-26-08 08:05:00;7681.50;7682.25;7680.50;7682.00
2026-26-08 08:10:00;7682.00;7684.25;7682.00;7682.75
2026-26-08 08:15:00;7682.50;7682.75;7681.00;7682.75
2026-26-08 08:20:00;7682.75;7683.00;7681.50;7682.25
2026-26-08 08:25:00;7682.25;7684.00;7679.75;7682.50
2026-26-08 08:30:00;7682.50;7685.00;7681.25;7685.00
2026-26-08 08:35:00;7685.00;7686.75;7684.75;7685.75
2026-26-08 08:40:00;7686.00;7688.75;7685.75;7688.75
2026-26-08 08:45:00;7688.50;7691.00;7688.25;7688.75
2026-26-08 08:50:00;7688.75;7689.00;7685.50;7686.25
2026-26-08 08:55:00;7686.50;7689.00;7685.75;7688.50
2026-26-08 09:00:00;7688.00;7688.50;7685.50;7688.00
2026-26-08 09:05:00;7688.25;7688.75;7683.25;7683.50
2026-26-08 09:10:00;7683.75;7687.75;7682.25;7687.50
2026-26-08 09:15:00;7687.75;7688.75;7686.00;7686.50
2026-26-08 09:20:00;7686.50;7686.75;7683.50;7684.50
2026-26-08 09:25:00;7684.75;7685.25;7682.25;7683.00
2026-26-08 09:30:00;7683.00;7683.75;7680.75;7682.50
2026-26-08 09:35:00;7682.50;7684.25;7682.00;7682.50
2026-26-08 09:40:00;7682.50;7683.50;7682.00;7683.50
2026-26-08 09:45:00;7683.25;7686.25;7682.75;7684.00
2026-26-08 09:50:00;7684.00;7684.75;7682.75;7684.75
2026-26-08 09:55:00;7684.75;7686.25;7684.00;7686.00
2026-26-08 10:00:00;7686.00;7689.00;7683.75;7688.25
2026-26-08 10:05:00;7688.00;7689.50;7686.25;7688.75
2026-26-08 10:10:00;7688.75;7690.25;7684.75;7685.00
2026-26-08 10:15:00;7685.25;7688.25;7684.25;7684.75
2026-26-08 10:20:00;7684.75;7685.00;7683.00;7683.75
2026-26-08 10:25:00;7683.75;7689.00;7683.50;7689.00
2026-26-08 10:30:00;7689.00;7690.25;7686.00;7688.50
2026-26-08 10:35:00;7688.25;7689.50;7688.00;7689.50
2026-26-08 10:40:00;7689.50;7691.00;7689.25;7690.25
2026-26-08 10:45:00;7690.00;7690.25;7688.75;7689.25
2026-26-08 10:50:00;7689.25;7689.75;7687.75;7688.25
2026-26-08 10:55:00;7688.25;7688.50;7685.50;7688.50
2026-26-08 11:00:00;7688.75;7689.75;7687.00;7687.50
2026-26-08 11:05:00;7687.25;7687.50;7686.00;7686.00
2026-26-08 11:10:00;7686.00;7687.75;7686.00;7686.50
2026-26-08 11:15:00;7686.50;7687.00;7685.00;7685.50
2026-26-08 11:20:00;7685.75;7687.00;7683.75;7683.75
2026-26-08 11:25:00;7683.75;7685.25;7683.00;7685.00
2026-26-08 11:30:00;7685.00;7687.50;7685.00;7686.25
2026-26-08 11:35:00;7686.50;7686.75;7685.25;7686.50
2026-26-08 11:40:00;7686.50;7687.25;7686.00;7686.50
2026-26-08 11:45:00;7686.75;7688.25;7686.50;7687.50
2026-26-08 11:50:00;7687.50;7688.50;7687.25;7688.00
2026-26-08 11:55:00;7688.25;7689.50;7688.00;7689.00
2026-26-08 12:00:00;7689.00;7689.25;7686.50;7686.75
2026-26-08 12:05:00;7687.00;7687.25;7685.75;7686.25
2026-26-08 12:10:00;7686.25;7686.25;7684.25;7684.50
2026-26-08 12:15:00;7684.50;7685.75;7684.50;7685.50
2026-26-08 12:20:00;7685.50;7686.25;7683.75;7686.25
2026-26-08 12:25:00;7686.25;7686.50;7683.75;7683.75
2026-26-08 12:30:00;7683.75;7687.25;7681.75;7687.25
2026-26-08 12:35:00;7687.50;7689.75;7687.25;7688.75
2026-26-08 12:40:00;7689.00;7690.25;7687.00;7687.25
2026-26-08 12:45:00;7687.25;7689.00;7686.75;7688.50
2026-26-08 12:50:00;7688.50;7688.50;7686.00;7686.50
2026-26-08 12:55:00;7686.25;7687.50;7686.25;7687.00
2026-26-08 13:00:00;7687.25;7690.75;7686.75;7689.75
2026-26-08 13:05:00;7689.50;7689.50;7687.00;7687.50
2026-26-08 13:10:00;7687.50;7690.25;7687.50;7690.00
2026-26-08 13:15:00;7690.25;7694.75;7689.75;7691.00
2026-26-08 13:20:00;7691.00;7691.25;7689.25;7689.25
2026-26-08 13:25:00;7689.25;7690.00;7688.00;7690.00
2026-26-08 13:30:00;7690.00;7691.75;7689.25;7689.75
2026-26-08 13:35:00;7689.50;7689.75;7684.00;7684.75
2026-26-08 13:40:00;7684.75;7686.50;7683.75;7686.00
2026-26-08 13:45:00;7686.25;7686.50;7683.00;7683.25
2026-26-08 13:50:00;7683.25;7688.00;7683.25;7686.75
2026-26-08 13:55:00;7686.75;7688.25;7686.25;7687.50
2026-26-08 14:00:00;7687.50;7688.25;7685.50;7687.25
2026-26-08 14:05:00;7687.25;7688.00;7685.25;7686.25
2026-26-08 14:10:00;7686.25;7688.00;7685.50;7687.75
2026-26-08 14:15:00;7687.75;7688.00;7685.00;7687.75
2026-26-08 14:20:00;7687.50;7691.50;7687.25;7691.00
2026-26-08 14:25:00;7691.25;7698.50;7691.00;7696.00
2026-26-08 14:30:00;7696.00;7696.75;7682.00;7684.00
2026-26-08 14:35:00;7684.00;7684.50;7679.75;7681.50
2026-26-08 14:40:00;7681.50;7684.25;7680.50;7681.00
2026-26-08 14:45:00;7680.75;7683.50;7679.25;7683.25
2026-26-08 14:50:00;7683.25;7684.25;7676.50;7679.25
2026-26-08 14:55:00;7679.25;7682.25;7677.25;7679.50
2026-26-08 15:00:00;7679.25;7682.25;7678.50;7680.75
2026-26-08 15:05:00;7681.00;7682.25;7677.50;7678.00
2026-26-08 15:10:00;7678.25;7682.00;7676.75;7682.00
2026-26-08 15:15:00;7682.00;7682.00;7679.25;7681.00
2026-26-08 15:20:00;7681.00;7681.25;7679.50;7680.25
2026-26-08 15:25:00;7680.50;7682.25;7678.25;7678.75
2026-26-08 15:30:00;7678.75;7690.75;7678.75;7689.00
2026-26-08 15:35:00;7689.25;7690.50;7680.25;7688.00
2026-26-08 15:40:00;7688.00;7698.50;7686.75;7695.25
2026-26-08 15:45:00;7695.50;7699.50;7691.50;7691.50
2026-26-08 15:50:00;7691.25;7698.75;7688.50;7698.75
2026-26-08 15:55:00;7698.50;7701.75;7696.75;7701.25
2026-26-08 16:00:00;7701.25;7702.50;7698.25;7700.75
2026-26-08 16:05:00;7701.00;7701.75;7697.00;7698.50
2026-26-08 16:10:00;7698.50;7698.75;7693.00;7694.00
2026-26-08 16:15:00;7694.00;7695.75;7691.75;7691.75
2026-26-08 16:20:00;7691.75;7692.75;7686.00;7686.50
2026-26-08 16:25:00;7686.25;7687.25;7680.50;7682.75
2026-26-08 16:30:00;7682.75;7685.25;7681.25;7683.50
2026-26-08 16:35:00;7683.50;7688.25;7682.00;7684.25
2026-26-08 16:40:00;7684.25;7687.50;7683.50;7685.75
2026-26-08 16:45:00;7686.00;7687.75;7682.75;7687.50
2026-26-08 16:50:00;7687.75;7691.50;7687.25;7688.25
2026-26-08 16:55:00;7688.50;7691.25;7687.25;7690.75
2026-26-08 17:00:00;7690.50;7696.75;7690.50;7694.00
2026-26-08 17:05:00;7694.25;7697.00;7693.75;7695.75
2026-26-08 17:10:00;7695.75;7696.75;7693.00;7695.00
2026-26-08 17:15:00;7694.75;7694.75;7687.75;7689.75
2026-26-08 17:20:00;7689.75;7692.50;7689.25;7689.75
2026-26-08 17:25:00;7689.75;7692.75;7689.25;7690.50
2026-26-08 17:30:00;7690.75;7691.25;7683.00;7684.50
2026-26-08 17:35:00;7684.50;7687.75;7684.25;7686.75
2026-26-08 17:40:00;7687.00;7693.50;7686.25;7693.00
2026-26-08 17:45:00;7692.75;7695.00;7691.75;7694.75
2026-26-08 17:50:00;7694.75;7695.50;7685.25;7686.25
2026-26-08 17:55:00;7686.25;7690.00;7685.00;7685.25
2026-26-08 18:00:00;7685.50;7685.75;7681.00;7684.00
2026-26-08 18:05:00;7683.75;7686.50;7682.25;7683.50
2026-26-08 18:10:00;7683.50;7685.00;7681.75;7682.50
2026-26-08 18:15:00;7682.50;7683.25;7680.25;7682.00
2026-26-08 18:20:00;7681.75;7683.25;7680.50;7681.50
2026-26-08 18:25:00;7681.50;7682.00;7679.25;7679.75
2026-26-08 18:30:00;7679.75;7682.00;7679.50;7680.50
2026-26-08 18:35:00;7680.25;7681.00;7673.25;7673.50
2026-26-08 18:40:00;7673.50;7676.00;7671.00;7672.00
2026-26-08 18:45:00;7672.00;7675.75;7671.25;7673.00
2026-26-08 18:50:00;7672.75;7675.25;7672.50;7673.75
2026-26-08 18:55:00;7673.75;7680.00;7673.75;7679.25
2026-26-08 19:00:00;7679.25;7681.75;7677.75;7680.75
2026-26-08 19:05:00;7680.75;7683.50;7679.00;7682.75
2026-26-08 19:10:00;7682.50;7683.75;7681.75;7683.75
2026-26-08 19:15:00;7683.75;7687.25;7683.75;7685.25
2026-26-08 19:20:00;7685.25;7689.00;7685.25;7689.00
2026-26-08 19:25:00;7688.75;7689.50;7686.50;7688.50
2026-26-08 19:30:00;7688.75;7690.25;7687.75;7689.75
2026-26-08 19:35:00;7689.75;7690.75;7688.00;7688.00
2026-26-08 19:40:00;7688.25;7689.75;7687.00;7689.00
2026-26-08 19:45:00;7689.00;7689.25;7686.50;7687.00
2026-26-08 19:50:00;7686.75;7690.00;7686.50;7689.75
2026-26-08 19:55:00;7690.00;7691.00;7688.50;7688.75
2026-26-08 20:00:00;7688.75;7689.00;7687.25;7687.50
2026-26-08 20:05:00;7687.50;7690.75;7687.25;7689.75
2026-26-08 20:10:00;7690.00;7690.00;7685.75;7686.50
2026-26-08 20:15:00;7686.25;7689.75;7685.50;7689.50
2026-26-08 20:20:00;7689.50;7692.00;7687.50;7687.75
2026-26-08 20:25:00;7687.75;7689.50;7687.00;7688.25
2026-26-08 20:30:00;7688.25;7691.00;7687.25;7689.75
2026-26-08 20:35:00;7689.75;7690.25;7688.25;7689.50
2026-26-08 20:40:00;7689.50;7690.75;7688.50;7690.75
2026-26-08 20:45:00;7690.75;7696.50;7690.50;7695.25
2026-26-08 20:50:00;7695.25;7698.00;7694.00;7696.75
2026-26-08 20:55:00;7696.75;7698.50;7695.50;7697.25
2026-26-08 21:00:00;7697.25;7705.50;7696.75;7704.75
2026-26-08 21:05:00;7705.00;7705.00;7700.75;7701.50
2026-26-08 21:10:00;7701.50;7703.25;7701.00;7702.00
2026-26-08 21:15:00;7702.00;7704.75;7701.75;7704.00
2026-26-08 21:20:00;7704.00;7704.25;7700.25;7702.75
2026-26-08 21:25:00;7702.75;7704.00;7700.75;7701.50
2026-26-08 21:30:00;7701.50;7701.50;7700.00;7701.25
2026-26-08 21:35:00;7701.00;7701.25;7698.25;7699.25
2026-26-08 21:40:00;7699.25;7701.25;7698.25;7699.25
2026-26-08 21:45:00;7699.25;7703.50;7698.75;7703.50
2026-26-08 21:50:00;7703.50;7704.50;7692.25;7694.25
2026-26-08 21:55:00;7694.00;7696.75;7687.00;7692.25
2026-26-08 22:00:00;7692.25;7703.25;7690.25;7700.25
2026-26-08 22:05:00;7700.50;7703.25;7699.50;7701.75
2026-26-08 22:10:00;7701.75;7704.00;7700.75;7702.75
2026-26-08 22:15:00;7703.00;7707.00;7701.25;7706.50
2026-26-08 22:20:00;7706.25;7706.50;7690.25;7698.00
2026-26-08 22:25:00;7698.00;7701.50;7694.50;7697.25
2026-26-08 22:30:00;7697.50;7697.75;7692.75;7694.25
2026-26-08 22:35:00;7694.50;7698.75;7694.50;7697.00
2026-26-08 22:40:00;7696.75;7699.00;7695.75;7696.75
2026-26-08 22:45:00;7696.75;7702.25;7696.00;7702.25
2026-26-08 22:50:00;7702.25;7705.00;7701.50;7704.25
2026-26-08 22:55:00;7704.00;7710.25;7703.75;7710.00
2026-27-08 00:00:00;7722.00;7735.00;7721.25;7734.75
2026-27-08 00:05:00;7734.50;7735.00;7729.75;7730.75
2026-27-08 00:10:00;7730.75;7733.75;7729.75;7733.25
2026-27-08 00:15:00;7733.25;7738.25;7731.25;7736.00
2026-27-08 00:20:00;7736.00;7738.50;7734.50;7736.75
2026-27-08 00:25:00;7737.00;7738.50;7736.25;7738.00
2026-27-08 00:30:00;7738.00;7739.00;7737.25;7739.00
2026-27-08 00:35:00;7739.00;7741.25;7738.25;7738.25
2026-27-08 00:40:00;7738.25;7741.25;7738.25;7741.00
2026-27-08 00:45:00;7741.25;7741.25;7738.25;7738.50
2026-27-08 00:50:00;7738.50;7739.50;7736.00;7736.25
2026-27-08 00:55:00;7736.50;7736.75;7735.75;7736.25
2026-27-08 01:00:00;7736.00;7737.00;7735.50;7735.75
2026-27-08 01:05:00;7735.75;7736.25;7734.25;7735.00
2026-27-08 01:10:00;7735.00;7735.50;7734.25;7735.00
2026-27-08 01:15:00;7735.25;7735.25;7733.25;7734.00
2026-27-08 01:20:00;7733.75;7735.50;7733.75;7735.00
2026-27-08 01:25:00;7735.00;7736.00;7733.25;7734.00
2026-27-08 01:30:00;7734.50;7735.50;7733.50;7734.25
2026-27-08 01:35:00;7734.50;7735.50;7734.25;7734.75
2026-27-08 01:40:00;7734.50;7735.00;7734.00;7734.00
2026-27-08 01:45:00;7734.00;7736.75;7733.75;7736.00
2026-27-08 01:50:00;7736.00;7736.25;7734.50;7734.75
2026-27-08 01:55:00;7735.00;7739.25;7735.00;7738.50
2026-27-08 02:00:00;7738.75;7739.25;7733.50;7733.75
2026-27-08 02:05:00;7733.75;7736.50;7733.50;7734.00
2026-27-08 02:10:00;7734.25;7734.25;7731.00;7732.00
2026-27-08 02:15:00;7732.00;7732.25;7729.25;7730.25
2026-27-08 02:20:00;7730.25;7732.50;7730.00;7732.50
2026-27-08 02:25:00;7732.50;7732.50;7730.25;7732.00
2026-27-08 02:30:00;7732.25;7732.25;7728.00;7728.25
2026-27-08 02:35:00;7728.50;7728.50;7724.75;7725.75
2026-27-08 02:40:00;7725.75;7725.75;7720.50;7721.00
2026-27-08 02:45:00;7720.75;7721.50;7716.00;7716.75
2026-27-08 02:50:00;7716.75;7717.25;7714.50;7716.50
2026-27-08 02:55:00;7716.00;7717.25;7715.00;7716.50
2026-27-08 03:00:00;7716.25;7718.50;7714.50;7717.50
2026-27-08 03:05:00;7717.75;7721.00;7717.25;7720.25
2026-27-08 03:10:00;7720.25;7721.00;7717.00;7717.75
2026-27-08 03:15:00;7717.50;7720.00;7717.25;7720.00
2026-27-08 03:20:00;7720.00;7722.50;7719.50;7722.25
2026-27-08 03:25:00;7722.00;7723.50;7721.75;7723.00
2026-27-08 03:30:00;7723.00;7725.00;7722.50;7724.25
2026-27-08 03:35:00;7724.50;7726.25;7724.00;7725.75
2026-27-08 03:40:00;7725.75;7725.75;7719.75;7720.00
2026-27-08 03:45:00;7720.00;7725.75;7720.00;7725.50
2026-27-08 03:50:00;7725.25;7726.75;7724.50;7726.50
2026-27-08 03:55:00;7726.75;7726.75;7724.25;7724.50
2026-27-08 04:00:00;7724.50;7726.25;7724.00;7726.00
2026-27-08 04:05:00;7725.75;7726.75;7724.00;7726.75
2026-27-08 04:10:00;7727.00;7727.75;7726.50;7727.00
2026-27-08 04:15:00;7727.00;7727.00;7725.50;7726.25
2026-27-08 04:20:00;7726.00;7726.75;7725.25;7726.25
2026-27-08 04:25:00;7726.25;7727.50;7725.25;7726.50
2026-27-08 04:30:00;7726.50;7728.25;7726.00;7728.00
2026-27-08 04:35:00;7728.00;7728.50;7727.00;7728.25
2026-27-08 04:40:00;7728.25;7728.75;7726.25;7727.50
2026-27-08 04:45:00;7727.50;7728.25;7727.25;7727.50
2026-27-08 04:50:00;7727.50;7729.75;7727.50;7728.50
2026-27-08 04:55:00;7728.75;7729.00;7728.00;7728.00
2026-27-08 05:00:00;7728.00;7729.00;7727.25;7728.00
2026-27-08 05:05:00;7728.00;7728.25;7726.25;7726.50
2026-27-08 05:10:00;7726.50;7727.25;7725.75;7727.00
2026-27-08 05:15:00;7727.25;7728.75;7727.00;7728.75
2026-27-08 05:20:00;7728.50;7730.50;7728.00;7730.50
2026-27-08 05:25:00;7730.50;7730.75;7729.75;7729.75
2026-27-08 05:30:00;7729.75;7730.50;7728.50;7729.75
2026-27-08 05:35:00;7729.75;7730.00;7728.50;7728.75
2026-27-08 05:40:00;7728.75;7729.25;7727.75;7727.75
2026-27-08 05:45:00;7727.75;7728.75;7727.00;7727.50
2026-27-08 05:50:00;7727.50;7728.50;7725.50;7726.00
2026-27-08 05:55:00;7726.25;7727.25;7725.75;7726.00
2026-27-08 06:00:00;7726.00;7727.00;7726.00;7726.25
2026-27-08 06:05:00;7726.25;7726.50;7725.25;7726.50
2026-27-08 06:10:00;7726.25;7726.50;7725.50;7726.25
2026-27-08 06:15:00;7726.25;7727.50;7725.75;7726.75
2026-27-08 06:20:00;7726.50;7727.25;7725.25;7726.50
2026-27-08 06:25:00;7726.50;7727.00;7724.00;7724.00
2026-27-08 06:30:00;7724.25;7724.50;7722.25;7722.50
2026-27-08 06:35:00;7722.50;7723.00;7720.50;7720.50
2026-27-08 06:40:00;7720.25;7721.75;7719.50;7720.75
2026-27-08 06:45:00;7720.75;7722.50;7719.75;7720.75
2026-27-08 06:50:00;7721.00;7721.25;7719.00;7719.50
2026-27-08 06:55:00;7719.50;7720.00;7719.25;7719.75
2026-27-08 07:00:00;7720.00;7720.75;7716.25;7717.00
2026-27-08 07:05:00;7716.75;7717.50;7715.50;7715.50
2026-27-08 07:10:00;7715.50;7717.25;7715.25;7717.00
2026-27-08 07:15:00;7716.75;7716.75;7712.25;7712.50
2026-27-08 07:20:00;7712.75;7715.75;7712.75;7715.50
2026-27-08 07:25:00;7715.75;7716.00;7713.25;7714.00
2026-27-08 07:30:00;7714.25;7714.25;7712.00;7712.75
2026-27-08 07:35:00;7712.75;7714.25;7711.50;7713.75
2026-27-08 07:40:00;7713.75;7714.75;7710.00;7710.50
2026-27-08 07:45:00;7710.50;7712.75;7710.25;7712.25
2026-27-08 07:50:00;7712.50;7713.25;7710.75;7711.75
2026-27-08 07:55:00;7711.50;7712.25;7710.25;7712.00
2026-27-08 08:00:00;7712.25;7712.25;7709.75;7709.75
2026-27-08 08:05:00;7709.75;7711.00;7707.50;7707.75
2026-27-08 08:10:00;7707.75;7711.50;7707.00;7710.75
2026-27-08 08:15:00;7710.75;7713.00;7710.50;7712.75
2026-27-08 08:20:00;7713.00;7713.25;7711.75;7712.50
2026-27-08 08:25:00;7712.50;7713.25;7711.50;7712.75
2026-27-08 08:30:00;7712.50;7714.25;7712.50;7714.00
2026-27-08 08:35:00;7714.00;7715.00;7713.00;7714.25
2026-27-08 08:40:00;7714.25;7716.50;7714.25;7716.00
2026-27-08 08:45:00;7716.25;7717.25;7715.50;7715.50
2026-27-08 08:50:00;7715.50;7716.25;7714.75;7715.50
2026-27-08 08:55:00;7715.75;7718.00;7715.50;7718.00
2026-27-08 09:00:00;7718.00;7718.00;7713.50;7716.75
2026-27-08 09:05:00;7717.00;7719.75;7716.75;7719.25
2026-27-08 09:10:00;7719.25;7720.75;7718.00;7720.75
2026-27-08 09:15:00;7720.75;7721.25;7718.75;7720.50
2026-27-08 09:20:00;7720.50;7720.75;7718.50;7718.50
2026-27-08 09:25:00;7718.50;7721.25;7718.00;7721.25
2026-27-08 09:30:00;7721.25;7722.00;7719.50;7720.75
2026-27-08 09:35:00;7720.75;7721.50;7716.50;7717.00
2026-27-08 09:40:00;7717.00;7717.75;7716.00;7717.00
2026-27-08 09:45:00;7717.00;7719.00;7716.75;7717.75
2026-27-08 09:50:00;7718.00;7720.75;7717.75;7720.25
2026-27-08 09:55:00;7720.25;7722.00;7720.25;7720.50
2026-27-08 10:00:00;7720.75;7726.00;7720.50;7726.00
2026-27-08 10:05:00;7726.00;7729.75;7725.75;7729.50
2026-27-08 10:10:00;7729.25;7732.75;7728.75;7731.75
2026-27-08 10:15:00;7731.75;7732.00;7727.00;7728.50
2026-27-08 10:20:00;7728.25;7730.00;7726.75;7729.75
2026-27-08 10:25:00;7730.00;7734.50;7729.00;7734.25
2026-27-08 10:30:00;7734.25;7734.25;7730.25;7730.25
2026-27-08 10:35:00;7730.25;7731.00;7729.25;7729.75
2026-27-08 10:40:00;7729.75;7731.25;7728.50;7730.00
2026-27-08 10:45:00;7730.00;7733.50;7730.00;7732.50
2026-27-08 10:50:00;7732.50;7734.00;7728.50;7728.75
2026-27-08 10:55:00;7728.75;7729.75;7727.50;7728.00
2026-27-08 11:00:00;7728.25;7728.75;7721.75;7722.25
2026-27-08 11:05:00;7722.25;7725.25;7721.00;7725.00
2026-27-08 11:10:00;7725.00;7725.25;7721.00;7721.00
2026-27-08 11:15:00;7721.00;7722.00;7718.75;7721.50
2026-27-08 11:20:00;7721.75;7725.50;7721.25;7725.50
2026-27-08 11:25:00;7725.50;7726.00;7723.75;7724.75
2026-27-08 11:30:00;7724.75;7728.50;7724.75;7728.00
2026-27-08 11:35:00;7728.00;7728.00;7726.50;7727.00
2026-27-08 11:40:00;7727.00;7728.00;7725.75;7726.75
2026-27-08 11:45:00;7726.75;7728.50;7726.25;7726.50
2026-27-08 11:50:00;7726.75;7728.25;7725.00;7727.00
2026-27-08 11:55:00;7727.25;7727.25;7723.75;7724.25
2026-27-08 12:00:00;7724.25;7724.25;7720.50;7722.25
2026-27-08 12:05:00;7722.50;7723.75;7722.00;7722.50
2026-27-08 12:10:00;7722.50;7724.00;7721.25;7722.75
2026-27-08 12:15:00;7723.00;7724.00;7721.75;7721.75
2026-27-08 12:20:00;7721.75;7722.75;7721.00;7721.25
2026-27-08 12:25:00;7721.25;7721.25;7719.75;7720.00
2026-27-08 12:30:00;7720.25;7721.00;7719.75;7720.50
2026-27-08 12:35:00;7720.75;7720.75;7718.25;7718.75
2026-27-08 12:40:00;7718.75;7723.00;7718.75;7722.50
2026-27-08 12:45:00;7722.75;7723.50;7721.75;7721.75
2026-27-08 12:50:00;7721.50;7723.50;7719.75;7723.50
2026-27-08 12:55:00;7723.50;7724.50;7723.00;7724.00
2026-27-08 13:00:00;7724.00;7725.75;7721.75;7725.75
2026-27-08 13:05:00;7725.75;7727.50;7723.00;7727.25
2026-27-08 13:10:00;7727.00;7729.75;7726.25;7728.25
2026-27-08 13:15:00;7728.25;7729.25;7725.50;7726.00
2026-27-08 13:20:00;7726.00;7727.00;7724.75;7726.00
2026-27-08 13:25:00;7725.75;7726.75;7722.25;7722.50
2026-27-08 13:30:00;7722.50;7725.25;7719.25;7722.00
2026-27-08 13:35:00;7722.00;7722.75;7717.75;7718.75
2026-27-08 13:40:00;7718.75;7721.75;7718.00;7721.00
2026-27-08 13:45:00;7721.00;7721.00;7715.00;7715.25
2026-27-08 13:50:00;7715.50;7719.00;7715.00;7718.50
2026-27-08 13:55:00;7718.50;7722.50;7718.25;7722.25
2026-27-08 14:00:00;7722.00;7723.50;7721.25;7723.00
2026-27-08 14:05:00;7722.75;7723.75;7721.25;7723.50
2026-27-08 14:10:00;7723.75;7726.50;7723.25;7725.50
2026-27-08 14:15:00;7725.50;7725.75;7723.25;7724.00
2026-27-08 14:20:00;7724.00;7725.00;7722.00;7723.50
2026-27-08 14:25:00;7723.50;7725.00;7722.00;7723.25
2026-27-08 14:30:00;7723.25;7723.50;7718.75;7719.00
2026-27-08 14:35:00;7719.25;7719.25;7714.25;7714.50
2026-27-08 14:40:00;7714.50;7715.00;7711.75;7712.25
2026-27-08 14:45:00;7712.25;7713.50;7711.00;7712.75
2026-27-08 14:50:00;7712.75;7713.50;7711.00;7713.00
2026-27-08 14:55:00;7713.00;7714.25;7711.00;7711.50
2026-27-08 15:00:00;7711.50;7715.00;7710.25;7714.25
2026-27-08 15:05:00;7714.25;7715.50;7711.50;7711.75
2026-27-08 15:10:00;7711.75;7714.25;7711.25;7713.25
2026-27-08 15:15:00;7713.25;7717.25;7712.75;7714.50
2026-27-08 15:20:00;7714.75;7715.00;7712.00;7713.25
2026-27-08 15:25:00;7713.25;7718.00;7713.25;7716.25
2026-27-08 15:30:00;7716.25;7720.00;7703.00;7706.00
2026-27-08 15:35:00;7706.00;7714.00;7702.75;7713.50
2026-27-08 15:40:00;7713.50;7723.75;7710.50;7723.50
2026-27-08 15:45:00;7723.50;7728.50;7708.25;7711.75
2026-27-08 15:50:00;7712.00;7725.25;7712.00;7723.25
2026-27-08 15:55:00;7723.25;7724.00;7707.25;7715.25
2026-27-08 16:00:00;7715.25;7721.75;7713.50;7719.25
2026-27-08 16:05:00;7719.25;7722.25;7712.00;7715.75
2026-27-08 16:10:00;7715.75;7721.25;7715.25;7718.00
2026-27-08 16:15:00;7717.75;7725.00;7717.75;7722.75
2026-27-08 16:20:00;7723.00;7727.50;7722.00;7726.25
2026-27-08 16:25:00;7726.25;7730.25;7724.25;7728.50
2026-27-08 16:30:00;7728.50;7729.25;7721.75;7725.25
2026-27-08 16:35:00;7725.50;7732.25;7725.00;7725.00
2026-27-08 16:40:00;7725.00;7728.25;7724.50;7727.75
2026-27-08 16:45:00;7727.50;7734.50;7725.00;7733.75
2026-27-08 16:50:00;7733.75;7736.00;7730.50;7732.75
2026-27-08 16:55:00;7733.00;7735.50;7728.75;7735.25
2026-27-08 17:00:00;7735.50;7738.25;7734.00;7737.75
2026-27-08 17:05:00;7738.00;7738.50;7734.75;7737.00
2026-27-08 17:10:00;7737.00;7740.25;7736.75;7740.00
2026-27-08 17:15:00;7740.00;7742.75;7739.75;7741.25
2026-27-08 17:20:00;7741.50;7742.50;7739.00;7739.50
2026-27-08 17:25:00;7739.75;7739.75;7733.75;7734.75
2026-27-08 17:30:00;7734.75;7737.75;7732.25;7733.75
2026-27-08 17:35:00;7733.50;7735.00;7729.50;7730.50
2026-27-08 17:40:00;7730.50;7735.00;7727.25;7727.75
2026-27-08 17:45:00;7728.00;7728.75;7725.25;7728.25
2026-27-08 17:50:00;7728.00;7740.50;7728.00;7740.50
2026-27-08 17:55:00;7740.25;7740.25;7736.75;7738.00
2026-27-08 18:00:00;7738.00;7741.50;7737.25;7740.00
2026-27-08 18:05:00;7740.25;7740.50;7736.00;7737.00
2026-27-08 18:10:00;7737.00;7739.50;7736.00;7737.50
2026-27-08 18:15:00;7737.75;7740.00;7736.75;7737.75
2026-27-08 18:20:00;7737.75;7738.00;7735.00;7737.00
2026-27-08 18:25:00;7736.75;7740.75;7735.75;7740.75
2026-27-08 18:30:00;7740.50;7743.25;7739.75;7743.25
2026-27-08 18:35:00;7743.25;7747.00;7742.50;7746.75
2026-27-08 18:40:00;7746.75;7749.75;7746.50;7748.50
2026-27-08 18:45:00;7748.50;7751.25;7748.00;7748.75
2026-27-08 18:50:00;7748.75;7752.00;7747.75;7751.00
2026-27-08 18:55:00;7751.00;7752.25;7749.00;7751.75
2026-27-08 19:00:00;7752.00;7753.50;7751.50;7752.25
2026-27-08 19:05:00;7752.50;7754.75;7749.25;7754.00
2026-27-08 19:10:00;7754.00;7755.50;7752.75;7753.50
2026-27-08 19:15:00;7753.75;7755.00;7752.00;7753.00
2026-27-08 19:20:00;7753.00;7754.50;7752.25;7753.75
2026-27-08 19:25:00;7753.50;7753.75;7748.50;7749.25
2026-27-08 19:30:00;7749.25;7752.50;7748.50;7749.25
2026-27-08 19:35:00;7749.25;7750.50;7748.25;7749.00
2026-27-08 19:40:00;7749.00;7751.25;7747.75;7747.75
2026-27-08 19:45:00;7747.75;7748.25;7744.50;7745.50
2026-27-08 19:50:00;7745.75;7745.75;7743.50;7745.00
2026-27-08 19:55:00;7745.25;7746.00;7742.75;7743.75
2026-27-08 20:00:00;7743.75;7745.50;7736.50;7737.00
2026-27-08 20:05:00;7736.75;7739.00;7735.00;7736.50
2026-27-08 20:10:00;7736.25;7737.00;7730.75;7734.00
2026-27-08 20:15:00;7734.25;7736.25;7732.00;7734.25
2026-27-08 20:20:00;7734.00;7735.75;7731.25;7732.25
2026-27-08 20:25:00;7732.25;7732.50;7723.75;7725.75
2026-27-08 20:30:00;7726.00;7730.75;7725.25;7726.75
2026-27-08 20:35:00;7726.75;7732.00;7726.00;7732.00
2026-27-08 20:40:00;7732.00;7732.50;7729.25;7730.25
2026-27-08 20:45:00;7730.00;7732.25;7726.25;7726.25
2026-27-08 20:50:00;7726.50;7727.50;7724.25;7724.50
2026-27-08 20:55:00;7724.75;7729.00;7722.75;7727.50
2026-27-08 21:00:00;7727.50;7731.75;7726.25;7730.75
2026-27-08 21:05:00;7730.75;7733.25;7728.25;7732.50
2026-27-08 21:10:00;7732.50;7733.75;7730.00;7730.00
2026-27-08 21:15:00;7730.25;7733.75;7730.25;7733.00
2026-27-08 21:20:00;7733.00;7734.00;7731.00;7731.25
2026-27-08 21:25:00;7731.50;7732.00;7729.00;7730.75
2026-27-08 21:30:00;7730.50;7736.25;7729.75;7736.00
2026-27-08 21:35:00;7736.00;7737.75;7735.25;7736.75
2026-27-08 21:40:00;7736.75;7738.25;7735.25;7737.75
2026-27-08 21:45:00;7737.75;7739.75;7737.00;7739.00
2026-27-08 21:50:00;7739.00;7744.50;7735.25;7743.50
2026-27-08 21:55:00;7743.25;7744.75;7740.00;7741.25
2026-27-08 22:00:00;7741.25;7743.25;7738.00;7738.50
2026-27-08 22:05:00;7738.50;7739.75;7735.50;7737.00
2026-27-08 22:10:00;7737.00;7738.25;7735.25;7735.25
2026-27-08 22:15:00;7735.25;7736.50;7735.25;7736.00
2026-27-08 22:20:00;7736.00;7736.00;7732.75;7733.25
2026-27-08 22:25:00;7733.00;7733.50;7731.75;7733.25
2026-27-08 22:30:00;7733.50;7734.25;7733.00;7733.75
2026-27-08 22:35:00;7733.50;7734.00;7732.25;7733.00
2026-27-08 22:40:00;7733.00;7734.25;7733.00;7733.75
2026-27-08 22:45:00;7733.50;7734.25;7732.75;7732.75
2026-27-08 22:50:00;7732.50;7733.25;7731.75;7732.00
2026-27-08 22:55:00;7731.75;7733.50;7731.75;7733.00
2026-28-08 00:00:00;7733.75;7734.75;7727.50;7731.75
2026-28-08 00:05:00;7731.75;7733.00;7731.00;7732.75
2026-28-08 00:10:00;7732.50;7732.75;7730.50;7731.50
2026-28-08 00:15:00;7731.75;7733.00;7731.00;7732.75
2026-28-08 00:20:00;7733.00;7734.00;7732.00;7733.75
2026-28-08 00:25:00;7733.75;7734.00;7731.75;7733.75
2026-28-08 00:30:00;7733.50;7734.00;7732.00;7733.25
2026-28-08 00:35:00;7733.50;7734.00;7732.75;7733.00
2026-28-08 00:40:00;7733.00;7733.75;7732.75;7733.00
2026-28-08 00:45:00;7733.00;7733.00;7732.50;7732.75
2026-28-08 00:50:00;7733.00;7733.00;7731.50;7731.75
2026-28-08 00:55:00;7731.50;7733.25;7731.50;7732.25
2026-28-08 01:00:00;7732.25;7732.50;7731.00;7731.50
2026-28-08 01:05:00;7731.50;7732.50;7731.25;7732.00
2026-28-08 01:10:00;7731.75;7731.75;7729.50;7730.75
2026-28-08 01:15:00;7730.75;7730.75;7729.75;7730.25
2026-28-08 01:20:00;7730.00;7730.25;7730.00;7730.25
2026-28-08 01:25:00;7730.00;7730.50;7729.75;7729.75
2026-28-08 01:30:00;7730.00;7730.50;7728.75;7729.50
2026-28-08 01:35:00;7729.50;7730.00;7729.50;7730.00
2026-28-08 01:40:00;7729.75;7730.00;7729.25;7729.25
2026-28-08 01:45:00;7729.25;7729.50;7727.50;7727.75
2026-28-08 01:50:00;7727.75;7728.75;7727.25;7728.25
2026-28-08 01:55:00;7728.25;7728.75;7727.50;7728.75
2026-28-08 02:00:00;7729.00;7731.50;7728.25;7730.00
2026-28-08 02:05:00;7730.25;7732.25;7728.75;7731.75
2026-28-08 02:10:00;7731.50;7735.50;7731.25;7735.00
2026-28-08 02:15:00;7735.00;7735.25;7732.00;7734.25
2026-28-08 02:20:00;7734.25;7734.75;7733.50;7734.25
2026-28-08 02:25:00;7734.25;7736.00;7734.00;7736.00
2026-28-08 02:30:00;7735.75;7736.00;7734.50;7735.50
2026-28-08 02:35:00;7735.25;7735.50;7734.00;7734.75
2026-28-08 02:40:00;7734.75;7736.75;7734.00;7736.25
2026-28-08 02:45:00;7736.25;7736.75;7735.50;7736.50
2026-28-08 02:50:00;7736.50;7737.50;7735.50;7735.75
2026-28-08 02:55:00;7735.75;7736.25;7735.50;7735.75
2026-28-08 03:00:00;7735.75;7737.75;7735.75;7737.50
2026-28-08 03:05:00;7737.50;7738.50;7737.00;7738.50
2026-28-08 03:10:00;7738.75;7740.25;7738.75;7739.50
2026-28-08 03:15:00;7739.25;7740.00;7739.00;7739.50
2026-28-08 03:20:00;7739.25;7739.75;7738.50;7739.00
2026-28-08 03:25:00;7739.00;7739.00;7737.50;7738.25
2026-28-08 03:30:00;7738.00;7739.25;7738.00;7739.25
2026-28-08 03:35:00;7739.00;7740.25;7737.25;7737.50
2026-28-08 03:40:00;7737.50;7738.75;7737.50;7738.75
2026-28-08 03:45:00;7738.50;7739.50;7737.75;7739.25
2026-28-08 03:50:00;7739.50;7741.75;7739.00;7741.50
2026-28-08 03:55:00;7741.50;7743.00;7741.50;7742.75
2026-28-08 04:00:00;7743.00;7745.00;7743.00;7744.50
2026-28-08 04:05:00;7744.50;7746.75;7744.50;7746.00
2026-28-08 04:10:00;7746.00;7746.50;7745.25;7745.75
2026-28-08 04:15:00;7745.75;7747.00;7745.75;7746.75
2026-28-08 04:20:00;7746.75;7747.25;7745.50;7746.50
2026-28-08 04:25:00;7746.50;7746.50;7745.25;7745.50
2026-28-08 04:30:00;7745.25;7745.25;7742.50;7742.50
2026-28-08 04:35:00;7742.75;7742.75;7741.00;7742.00
2026-28-08 04:40:00;7742.00;7742.00;7739.75;7740.00
2026-28-08 04:45:00;7740.00;7740.50;7738.75;7739.25
2026-28-08 04:50:00;7739.00;7740.75;7739.00;7740.25
2026-28-08 04:55:00;7740.25;7741.25;7740.25;7740.75
2026-28-08 05:00:00;7741.00;7743.50;7740.75;7743.50
2026-28-08 05:05:00;7743.50;7744.00;7742.50;7743.75
2026-28-08 05:10:00;7743.50;7746.25;7743.50;7745.25
2026-28-08 05:15:00;7745.25;7746.50;7744.75;7746.50
2026-28-08 05:20:00;7746.25;7746.75;7745.50;7746.50
2026-28-08 05:25:00;7746.50;7747.50;7746.50;7746.50
2026-28-08 05:30:00;7746.75;7746.75;7744.00;7744.00
2026-28-08 05:35:00;7744.00;7744.25;7742.25;7742.50
2026-28-08 05:40:00;7742.50;7742.50;7739.00;7739.50
2026-28-08 05:45:00;7739.25;7741.50;7738.00;7741.25
2026-28-08 05:50:00;7741.25;7741.75;7740.50;7741.50
2026-28-08 05:55:00;7741.50;7742.25;7741.00;7741.50
2026-28-08 06:00:00;7741.50;7741.50;7738.75;7739.00
2026-28-08 06:05:00;7739.00;7739.25;7738.25;7738.75
2026-28-08 06:10:00;7738.75;7740.75;7738.75;7740.50
2026-28-08 06:15:00;7740.25;7741.00;7740.25;7740.50
2026-28-08 06:20:00;7740.50;7740.75;7739.75;7740.00
2026-28-08 06:25:00;7739.75;7740.25;7739.25;7739.75
2026-28-08 06:30:00;7739.75;7740.00;7738.25;7738.50
2026-28-08 06:35:00;7738.25;7738.75;7737.75;7738.75
2026-28-08 06:40:00;7738.50;7738.75;7737.75;7738.25
2026-28-08 06:45:00;7738.25;7738.75;7738.25;7738.25
2026-28-08 06:50:00;7738.25;7738.25;7737.75;7737.75
2026-28-08 06:55:00;7737.75;7738.00;7736.75;7737.75
2026-28-08 07:00:00;7737.50;7738.00;7736.25;7737.25
2026-28-08 07:05:00;7737.25;7737.50;7736.00;7736.50
2026-28-08 07:10:00;7736.50;7736.50;7735.50;7735.75
2026-28-08 07:15:00;7735.75;7736.25;7735.50;7735.50
2026-28-08 07:20:00;7735.50;7736.00;7734.25;7735.25
2026-28-08 07:25:00;7735.25;7735.75;7734.00;7735.25
2026-28-08 07:30:00;7735.00;7735.50;7734.25;7735.00
2026-28-08 07:35:00;7735.00;7735.00;7732.00;7733.25
2026-28-08 07:40:00;7733.25;7734.00;7733.00;7734.00
2026-28-08 07:45:00;7734.00;7734.00;7732.50;7733.00
2026-28-08 07:50:00;7733.00;7733.50;7731.50;7733.00
2026-28-08 07:55:00;7733.00;7733.00;7731.75;7731.75
2026-28-08 08:00:00;7731.75;7734.25;7731.00;7734.00
2026-28-08 08:05:00;7734.00;7734.25;7732.25;7733.75
2026-28-08 08:10:00;7734.00;7735.25;7733.50;7733.75
2026-28-08 08:15:00;7733.75;7736.00;7733.50;7735.50
2026-28-08 08:20:00;7735.25;7737.00;7735.25;7736.25
2026-28-08 08:25:00;7736.25;7736.25;7733.00;7733.50
2026-28-08 08:30:00;7733.50;7737.50;7733.50;7737.00
2026-28-08 08:35:00;7737.25;7737.75;7736.50;7736.75
2026-28-08 08:40:00;7736.75;7739.50;7735.25;7739.00
2026-28-08 08:45:00;7738.75;7740.50;7738.50;7740.50
2026-28-08 08:50:00;7740.25;7741.00;7739.75;7740.75
2026-28-08 08:55:00;7740.75;7743.50;7740.75;7743.50
2026-28-08 09:00:00;7743.50;7744.50;7741.25;7741.75
2026-28-08 09:05:00;7741.75;7741.75;7739.00;7739.75
2026-28-08 09:10:00;7739.50;7741.75;7739.25;7740.50
2026-28-08 09:15:00;7740.50;7741.50;7739.75;7741.50
2026-28-08 09:20:00;7741.50;7742.25;7739.75;7742.00
2026-28-08 09:25:00;7742.00;7743.25;7741.25;7741.75
2026-28-08 09:30:00;7741.75;7743.25;7741.00;7741.25
2026-28-08 09:35:00;7741.25;7742.75;7740.50;7741.00
2026-28-08 09:40:00;7741.00;7741.00;7738.50;7739.25
2026-28-08 09:45:00;7739.25;7743.00;7739.00;7743.00
2026-28-08 09:50:00;7742.75;7743.25;7739.25;7741.25
2026-28-08 09:55:00;7741.25;7741.25;7739.25;7740.25
2026-28-08 10:00:00;7740.25;7741.25;7737.75;7738.50
2026-28-08 10:05:00;7738.50;7738.50;7736.25;7737.75
2026-28-08 10:10:00;7737.75;7739.75;7737.00;7738.25
2026-28-08 10:15:00;7738.00;7739.00;7737.00;7737.25
2026-28-08 10:20:00;7737.25;7738.75;7736.75;7738.25
2026-28-08 10:25:00;7738.25;7740.25;7738.25;7739.00
2026-28-08 10:30:00;7739.25;7744.25;7738.75;7744.25
2026-28-08 10:35:00;7744.50;7745.00;7743.25;7743.50
2026-28-08 10:40:00;7743.25;7744.50;7742.50;7742.75
2026-28-08 10:45:00;7742.75;7742.75;7740.00;7740.00
2026-28-08 10:50:00;7739.75;7741.00;7738.00;7739.00
2026-28-08 10:55:00;7739.00;7740.25;7739.00;7740.25
2026-28-08 11:00:00;7740.00;7740.25;7738.25;7738.50
2026-28-08 11:05:00;7738.25;7739.25;7737.75;7738.50
2026-28-08 11:10:00;7738.25;7739.25;7738.00;7738.50
2026-28-08 11:15:00;7738.50;7739.00;7737.75;7738.25
2026-28-08 11:20:00;7738.00;7739.00;7736.25;7738.50
2026-28-08 11:25:00;7738.75;7740.50;7738.50;7739.25
2026-28-08 11:30:00;7739.25;7739.50;7737.75;7739.25
2026-28-08 11:35:00;7739.25;7739.25;7737.50;7738.00
2026-28-08 11:40:00;7738.00;7738.50;7737.50;7738.25
2026-28-08 11:45:00;7738.00;7739.00;7737.50;7738.50
2026-28-08 11:50:00;7738.75;7740.75;7738.75;7739.50
2026-28-08 11:55:00;7739.50;7739.75;7738.50;7738.75
2026-28-08 12:00:00;7738.75;7738.75;7737.25;7738.25
2026-28-08 12:05:00;7738.50;7739.25;7737.25;7737.50
2026-28-08 12:10:00;7737.50;7738.75;7737.00;7738.25
2026-28-08 12:15:00;7738.25;7739.25;7737.50;7737.50
2026-28-08 12:20:00;7737.75;7740.00;7737.50;7739.75
2026-28-08 12:25:00;7739.75;7740.00;7738.50;7739.00
2026-28-08 12:30:00;7739.25;7740.00;7739.00;7739.00
2026-28-08 12:35:00;7739.00;7740.50;7738.25;7740.25
2026-28-08 12:40:00;7740.25;7740.25;7736.75;7737.25
2026-28-08 12:45:00;7737.00;7738.25;7736.25;7736.75
2026-28-08 12:50:00;7736.75;7737.50;7736.50;7737.00
2026-28-08 12:55:00;7737.00;7739.75;7737.00;7739.75
2026-28-08 13:00:00;7739.75;7741.00;7737.50;7740.50
2026-28-08 13:05:00;7740.25;7740.25;7737.50;7737.75
2026-28-08 13:10:00;7737.75;7740.00;7737.25;7739.75
2026-28-08 13:15:00;7739.75;7741.00;7739.75;7740.75
2026-28-08 13:20:00;7740.75;7743.00;7740.50;7742.50
2026-28-08 13:25:00;7742.25;7742.25;7741.00;7742.25
2026-28-08 13:30:00;7742.25;7743.50;7740.00;7740.00
2026-28-08 13:35:00;7740.00;7740.50;7739.25;7740.25
2026-28-08 13:40:00;7740.25;7741.00;7738.50;7739.00
2026-28-08 13:45:00;7739.00;7740.50;7738.75;7739.75
2026-28-08 13:50:00;7739.75;7741.25;7739.25;7741.00
2026-28-08 13:55:00;7741.00;7741.00;7739.50;7739.75
2026-28-08 14:00:00;7740.00;7742.50;7739.50;7742.50
2026-28-08 14:05:00;7742.50;7744.25;7742.25;7744.25
2026-28-08 14:10:00;7744.00;7748.00;7742.75;7746.75
2026-28-08 14:15:00;7746.50;7748.75;7746.25;7748.25
2026-28-08 14:20:00;7748.25;7751.00;7748.25;7750.00
2026-28-08 14:25:00;7750.00;7750.50;7748.50;7750.50
2026-28-08 14:30:00;7750.25;7750.25;7745.50;7745.50
2026-28-08 14:35:00;7745.75;7747.50;7743.75;7746.50
2026-28-08 14:40:00;7746.50;7750.00;7745.75;7750.00
2026-28-08 14:45:00;7750.00;7751.00;7748.75;7750.25
2026-28-08 14:50:00;7750.25;7751.25;7749.50;7750.00
2026-28-08 14:55:00;7750.25;7751.00;7749.25;7749.75
2026-28-08 15:00:00;7749.75;7755.00;7748.75;7752.00
2026-28-08 15:05:00;7752.00;7752.75;7750.50;7751.00
2026-28-08 15:10:00;7751.00;7752.50;7749.00;7749.75
2026-28-08 15:15:00;7749.75;7750.50;7748.50;7748.50
2026-28-08 15:20:00;7748.50;7749.00;7747.00;7748.00
2026-28-08 15:25:00;7748.00;7748.25;7742.75;7746.25
2026-28-08 15:30:00;7746.25;7750.00;7743.75;7749.25
2026-28-08 15:35:00;7749.25;7753.50;7746.50;7751.50
2026-28-08 15:40:00;7751.50;7757.50;7750.50;7755.00
2026-28-08 15:45:00;7755.00;7758.00;7749.00;7750.50
2026-28-08 15:50:00;7750.50;7751.00;7745.50;7746.00
2026-28-08 15:55:00;7746.25;7752.75;7745.50;7746.25
2026-28-08 16:00:00;7746.25;7760.50;7740.75;7742.25
2026-28-08 16:05:00;7736.75;7744.25;7735.50;7738.75
2026-28-08 16:10:00;7738.75;7739.75;7726.50;7731.00
2026-28-08 16:15:00;7731.25;7746.25;7730.25;7743.00
2026-28-08 16:20:00;7743.00;7751.50;7738.75;7744.75
2026-28-08 16:25:00;7744.75;7745.75;7734.50;7742.00
2026-28-08 16:30:00;7742.00;7750.75;7738.00;7750.75
2026-28-08 16:35:00;7750.50;7756.50;7749.00;7752.50
2026-28-08 16:40:00;7752.50;7764.75;7752.25;7763.25
2026-28-08 16:45:00;7763.25;7768.00;7761.00;7768.00
2026-28-08 16:50:00;7768.00;7776.50;7767.00;7774.50
2026-28-08 16:55:00;7774.50;7780.00;7774.00;7779.25
2026-28-08 17:00:00;7779.25;7782.50;7777.00;7778.25
2026-28-08 17:05:00;7778.25;7779.75;7770.25;7771.75
2026-28-08 17:10:00;7771.75;7773.75;7767.25;7771.25
2026-28-08 17:15:00;7771.25;7776.00;7771.00;7772.50
2026-28-08 17:20:00;7772.50;7778.25;7772.25;7777.50
2026-28-08 17:25:00;7777.75;7781.50;7776.75;7779.00
2026-28-08 17:30:00;7779.25;7779.50;7773.50;7773.75
2026-28-08 17:35:00;7773.75;7775.50;7764.75;7765.75
2026-28-08 17:40:00;7765.75;7766.00;7755.50;7757.50
2026-28-08 17:45:00;7757.50;7759.50;7750.75;7752.00
2026-28-08 17:50:00;7752.00;7754.00;7743.50;7750.00
2026-28-08 17:55:00;7750.00;7750.50;7737.25;7739.75
2026-28-08 18:00:00;7739.75;7741.50;7733.75;7737.25
2026-28-08 18:05:00;7737.00;7745.25;7736.50;7744.50
2026-28-08 18:10:00;7744.25;7744.75;7738.25;7738.75
2026-28-08 18:15:00;7738.75;7741.50;7726.25;7730.75
2026-28-08 18:20:00;7730.75;7732.50;7720.00;7724.00
2026-28-08 18:25:00;7723.75;7727.75;7722.00;7725.25
2026-28-08 18:30:00;7725.00;7734.25;7724.50;7725.50
2026-28-08 18:35:00;7725.25;7735.25;7725.25;7732.50
2026-28-08 18:40:00;7732.25;7732.50;7724.25;7725.50
2026-28-08 18:45:00;7725.50;7735.00;7725.25;7733.00
2026-28-08 18:50:00;7733.00;7736.00;7727.00;7728.50
2026-28-08 18:55:00;7728.25;7730.25;7725.75;7725.75
2026-28-08 19:00:00;7725.75;7726.25;7715.25;7718.75
2026-28-08 19:05:00;7719.00;7719.00;7713.25;7713.75
2026-28-08 19:10:00;7713.50;7722.75;7711.75;7722.50
2026-28-08 19:15:00;7722.50;7723.25;7718.25;7720.00
2026-28-08 19:20:00;7720.00;7721.00;7714.50;7718.50
2026-28-08 19:25:00;7718.50;7722.25;7716.25;7717.00
2026-28-08 19:30:00;7717.25;7723.50;7716.00;7722.00
2026-28-08 19:35:00;7722.25;7724.00;7714.75;7715.25
2026-28-08 19:40:00;7715.25;7720.50;7715.25;7719.50
2026-28-08 19:45:00;7719.50;7726.25;7717.75;7725.50
2026-28-08 19:50:00;7725.50;7726.50;7723.00;7723.75
2026-28-08 19:55:00;7723.75;7724.75;7719.50;7724.25
2026-28-08 20:00:00;7724.25;7727.25;7722.25;7724.00
2026-28-08 20:05:00;7724.00;7726.75;7722.25;7724.75
2026-28-08 20:10:00;7724.75;7726.75;7720.75;7721.00
2026-28-08 20:15:00;7721.00;7724.25;7720.25;7723.00
2026-28-08 20:20:00;7723.00;7724.75;7718.00;7719.50
2026-28-08 20:25:00;7719.50;7722.25;7717.75;7719.50
2026-28-08 20:30:00;7719.50;7724.00;7719.00;7722.75
2026-28-08 20:35:00;7723.00;7724.75;7719.75;7720.00
2026-28-08 20:40:00;7720.25;7723.00;7719.50;7721.75
2026-28-08 20:45:00;7721.75;7722.25;7716.50;7717.00
2026-28-08 20:50:00;7717.00;7717.00;7712.25;7714.75
2026-28-08 20:55:00;7714.75;7717.25;7712.75;7716.00
2026-28-08 21:00:00;7716.00;7718.75;7713.75;7717.00
2026-28-08 21:05:00;7717.00;7723.00;7716.50;7722.75
2026-28-08 21:10:00;7722.75;7723.25;7719.00;7721.75
2026-28-08 21:15:00;7721.75;7722.25;7719.25;7721.25
2026-28-08 21:20:00;7721.25;7724.75;7720.50;7722.25
2026-28-08 21:25:00;7722.50;7725.25;7722.25;7724.50
2026-28-08 21:30:00;7724.50;7724.75;7721.00;7723.00
2026-28-08 21:35:00;7723.00;7725.00;7720.25;7724.75
2026-28-08 21:40:00;7724.75;7727.25;7724.50;7725.50
2026-28-08 21:45:00;7725.25;7726.25;7719.50;7721.75
2026-28-08 21:50:00;7721.75;7727.25;7720.25;7723.00
2026-28-08 21:55:00;7723.00;7728.25;7719.50;7722.50
2026-28-08 22:00:00;7722.50;7724.00;7720.75;7722.25
2026-28-08 22:05:00;7722.25;7722.25;7719.00;7720.25
2026-28-08 22:10:00;7720.25;7721.75;7719.75;7720.50
2026-28-08 22:15:00;7720.75;7721.25;7719.75;7720.25
2026-28-08 22:20:00;7720.50;7720.75;7719.50;7720.75
2026-28-08 22:25:00;7720.75;7721.00;7719.50;7720.50
2026-28-08 22:30:00;7720.25;7720.75;7719.25;7719.75
2026-28-08 22:35:00;7719.50;7722.00;7719.50;7721.00
2026-28-08 22:40:00;7720.75;7724.00;7720.75;7723.75
2026-28-08 22:45:00;7723.75;7725.50;7723.50;7724.75
2026-28-08 22:50:00;7724.75;7725.00;7723.00;7724.75
2026-28-08 22:55:00;7724.75;7725.25;7723.50;7724.75
2026-31-08 00:00:00;7723.50;7724.00;7704.00;7705.50
2026-31-08 00:05:00;7705.75;7709.75;7705.50;7708.25
2026-31-08 00:10:00;7708.00;7710.25;7706.50;7710.25
2026-31-08 00:15:00;7710.25;7713.50;7709.75;7713.00
2026-31-08 00:20:00;7713.25;7714.75;7712.50;7712.50
2026-31-08 00:25:00;7712.75;7713.00;7710.75;7711.25
2026-31-08 00:30:00;7711.50;7712.25;7709.25;7709.75
2026-31-08 00:35:00;7709.75;7710.50;7706.00;7709.25
2026-31-08 00:40:00;7709.25;7710.00;7705.00;7706.50
2026-31-08 00:45:00;7706.25;7709.00;7705.75;7707.50
2026-31-08 00:50:00;7707.75;7709.00;7707.25;7708.50
2026-31-08 00:55:00;7708.25;7709.25;7707.75;7709.25
2026-31-08 01:00:00;7709.00;7709.50;7707.00;7708.25
2026-31-08 01:05:00;7708.00;7709.50;7707.50;7708.25
2026-31-08 01:10:00;7707.75;7708.50;7704.75;7705.00
2026-31-08 01:15:00;7704.75;7706.50;7704.25;7706.00
2026-31-08 01:20:00;7706.25;7706.25;7701.50;7703.00
2026-31-08 01:25:00;7703.25;7703.75;7701.25;7701.25
2026-31-08 01:30:00;7701.50;7701.75;7695.75;7698.75
2026-31-08 01:35:00;7698.75;7700.25;7696.25;7697.25
2026-31-08 01:40:00;7697.25;7699.25;7694.25;7699.00
2026-31-08 01:45:00;7699.00;7699.00;7688.25;7691.00
2026-31-08 01:50:00;7691.00;7694.00;7689.75;7693.75
2026-31-08 01:55:00;7693.50;7693.50;7688.50;7688.50
2026-31-08 02:00:00;7688.75;7690.25;7685.00;7686.75
2026-31-08 02:05:00;7686.75;7689.75;7684.50;7688.50
2026-31-08 02:10:00;7688.50;7695.00;7688.00;7693.50
2026-31-08 02:15:00;7693.50;7697.50;7693.50;7695.00
2026-31-08 02:20:00;7695.25;7699.00;7694.50;7699.00
2026-31-08 02:25:00;7699.00;7699.50;7696.75;7699.00
2026-31-08 02:30:00;7698.75;7703.25;7698.25;7702.50
2026-31-08 02:35:00;7702.75;7703.75;7701.25;7702.50
2026-31-08 02:40:00;7702.75;7703.00;7701.00;7701.50
2026-31-08 02:45:00;7701.75;7702.00;7699.50;7700.50
2026-31-08 02:50:00;7700.50;7701.50;7699.25;7700.25
2026-31-08 02:55:00;7700.50;7700.50;7696.00;7697.25
2026-31-08 03:00:00;7697.50;7697.50;7690.50;7695.00
2026-31-08 03:05:00;7695.00;7695.00;7690.25;7690.75
2026-31-08 03:10:00;7690.75;7692.00;7686.50;7691.25
2026-31-08 03:15:00;7691.00;7692.25;7687.75;7691.25
2026-31-08 03:20:00;7691.25;7692.75;7686.75;7689.25
2026-31-08 03:25:00;7689.25;7691.25;7687.25;7689.75
2026-31-08 03:30:00;7689.75;7690.50;7686.75;7687.75
2026-31-08 03:35:00;7688.00;7691.00;7687.50;7690.25
2026-31-08 03:40:00;7690.25;7691.50;7688.50;7688.50
2026-31-08 03:45:00;7688.50;7690.50;7687.25;7688.75
2026-31-08 03:50:00;7689.00;7689.50;7687.25;7688.25
2026-31-08 03:55:00;7688.25;7690.50;7687.50;7690.00
2026-31-08 04:00:00;7689.75;7691.75;7687.75;7691.75
2026-31-08 04:05:00;7692.00;7694.75;7691.00;7694.25
2026-31-08 04:10:00;7694.25;7696.75;7693.25;7696.00
2026-31-08 04:15:00;7695.75;7696.25;7688.50;7691.50
2026-31-08 04:20:00;7691.50;7691.50;7689.00;7689.75
2026-31-08 04:25:00;7689.25;7691.25;7686.75;7690.50
2026-31-08 04:30:00;7690.00;7691.00;7684.75;7685.75
2026-31-08 04:35:00;7685.50;7687.00;7683.75;7685.75
2026-31-08 04:40:00;7685.75;7687.00;7684.00;7685.75
2026-31-08 04:45:00;7686.00;7689.00;7684.50;7685.50
2026-31-08 04:50:00;7685.50;7689.00;7685.00;7688.75
2026-31-08 04:55:00;7688.50;7692.25;7688.50;7692.00
2026-31-08 05:00:00;7692.00;7694.75;7691.00;7693.50
2026-31-08 05:05:00;7693.75;7695.00;7693.00;7695.00
2026-31-08 05:10:00;7695.00;7696.00;7693.75;7694.00
2026-31-08 05:15:00;7694.00;7694.00;7692.75;7693.00
2026-31-08 05:20:00;7693.00;7694.25;7692.75;7693.75
2026-31-08 05:25:00;7694.00;7695.00;7693.00;7693.25
2026-31-08 05:30:00;7693.00;7693.75;7692.25;7692.25
2026-31-08 05:35:00;7692.75;7693.25;7690.75;7691.50
2026-31-08 05:40:00;7691.50;7692.50;7691.25;7692.00
2026-31-08 05:45:00;7692.00;7692.75;7691.00;7692.00
2026-31-08 05:50:00;7692.25;7692.75;7691.25;7692.00
2026-31-08 05:55:00;7692.25;7693.00;7692.00;7692.75
2026-31-08 06:00:00;7693.00;7693.25;7691.50;7692.00
2026-31-08 06:05:00;7692.00;7692.25;7691.00;7692.25
2026-31-08 06:10:00;7692.25;7692.75;7691.25;7692.75
2026-31-08 06:15:00;7693.00;7693.25;7691.25;7692.25
2026-31-08 06:20:00;7692.25;7692.50;7691.25;7692.25
2026-31-08 06:25:00;7692.50;7692.75;7692.00;7692.50
2026-31-08 06:30:00;7692.75;7692.75;7690.75;7691.25
2026-31-08 06:35:00;7691.25;7696.25;7691.00;7696.00
2026-31-08 06:40:00;7696.00;7696.50;7694.25;7696.50
2026-31-08 06:45:00;7696.25;7696.25;7694.00;7694.00
2026-31-08 06:50:00;7694.00;7698.25;7693.75;7698.25
2026-31-08 06:55:00;7698.25;7702.25;7698.00;7700.50
2026-31-08 07:00:00;7700.50;7703.00;7699.00;7702.50
2026-31-08 07:05:00;7702.75;7704.25;7701.75;7701.75
2026-31-08 07:10:00;7701.75;7705.75;7701.75;7705.75
2026-31-08 07:15:00;7705.50;7710.50;7705.00;7709.25
2026-31-08 07:20:00;7709.25;7709.50;7706.50;7708.75
2026-31-08 07:25:00;7708.75;7710.00;7708.00;7708.25
2026-31-08 07:30:00;7708.50;7708.75;7703.25;7704.25
2026-31-08 07:35:00;7704.00;7704.75;7702.00;7702.25
2026-31-08 07:40:00;7702.25;7704.50;7700.25;7702.75
2026-31-08 07:45:00;7702.75;7704.25;7702.00;7703.25
2026-31-08 07:50:00;7703.25;7703.50;7702.25;7703.25
2026-31-08 07:55:00;7703.25;7705.00;7703.00;7704.50
2026-31-08 08:00:00;7704.75;7705.00;7702.50;7704.25
2026-31-08 08:05:00;7704.25;7706.75;7704.00;7705.75
2026-31-08 08:10:00;7705.50;7707.50;7705.00;7707.25
2026-31-08 08:15:00;7707.25;7709.00;7707.00;7707.50
2026-31-08 08:20:00;7707.75;7709.50;7707.50;7709.25
2026-31-08 08:25:00;7709.25;7709.50;7708.00;7709.50
2026-31-08 08:30:00;7709.50;7709.50;7707.50;7708.75
2026-31-08 08:35:00;7708.75;7710.75;7708.50;7710.75
2026-31-08 08:40:00;7710.50;7710.75;7708.50;7709.00
2026-31-08 08:45:00;7709.00;7712.00;7708.75;7710.75
2026-31-08 08:50:00;7710.50;7711.00;7709.25;7711.00
2026-31-08 08:55:00;7711.00;7711.50;7710.50;7711.00
2026-31-08 09:00:00;7710.75;7711.25;7708.25;7709.50
2026-31-08 09:05:00;7709.25;7711.00;7708.50;7709.25
2026-31-08 09:10:00;7709.50;7710.50;7708.50;7710.25
2026-31-08 09:15:00;7710.50;7710.50;7708.25;7708.75
2026-31-08 09:20:00;7709.00;7710.75;7708.75;7710.25
2026-31-08 09:25:00;7710.00;7710.75;7708.00;7709.25
2026-31-08 09:30:00;7709.00;7710.50;7708.75;7709.50
2026-31-08 09:35:00;7709.50;7710.75;7708.50;7708.75
2026-31-08 09:40:00;7709.00;7709.25;7708.00;7709.00
2026-31-08 09:45:00;7709.00;7709.50;7708.50;7709.25
2026-31-08 09:50:00;7709.25;7709.75;7707.25;7709.00
2026-31-08 09:55:00;7709.00;7710.00;7708.50;7709.50
2026-31-08 10:00:00;7709.50;7718.50;7707.75;7710.75
2026-31-08 10:05:00;7711.00;7715.25;7709.00;7715.00
2026-31-08 10:10:00;7715.00;7715.50;7710.50;7710.75
2026-31-08 10:15:00;7710.75;7712.75;7710.00;7711.25
2026-31-08 10:20:00;7711.25;7712.75;7709.25;7711.25
2026-31-08 10:25:00;7711.25;7713.00;7710.75;7712.50
2026-31-08 10:30:00;7712.25;7712.75;7710.75;7712.00
2026-31-08 10:35:00;7711.75;7713.00;7711.25;7711.75
2026-31-08 10:40:00;7711.75;7712.00;7710.25;7711.25
2026-31-08 10:45:00;7711.75;7713.25;7711.25;7712.50
2026-31-08 10:50:00;7712.75;7714.50;7712.25;7713.00
2026-31-08 10:55:00;7713.00;7713.75;7711.75;7712.75
2026-31-08 11:00:00;7712.50;7713.25;7710.75;7711.00
2026-31-08 11:05:00;7711.00;7713.50;7711.00;7713.50
2026-31-08 11:10:00;7713.75;7714.50;7713.00;7713.75
2026-31-08 11:15:00;7713.75;7716.00;7713.75;7715.75
2026-31-08 11:20:00;7715.50;7716.00;7713.25;7714.25
2026-31-08 11:25:00;7714.50;7714.50;7713.25;7713.50
2026-31-08 11:30:00;7713.25;7713.50;7711.75;7712.25
2026-31-08 11:35:00;7712.25;7712.75;7710.75;7711.00
2026-31-08 11:40:00;7710.75;7710.75;7709.50;7710.00
2026-31-08 11:45:00;7710.00;7710.50;7707.25;7707.25
2026-31-08 11:50:00;7707.25;7708.50;7706.75;7708.00
2026-31-08 11:55:00;7708.00;7708.00;7707.00;7707.25
2026-31-08 12:00:00;7707.50;7707.75;7705.50;7707.75
2026-31-08 12:05:00;7707.75;7709.50;7707.50;7707.50
2026-31-08 12:10:00;7707.50;7709.00;7707.00;7709.00
2026-31-08 12:15:00;7708.75;7708.75;7706.25;7707.50
2026-31-08 12:20:00;7707.50;7709.25;7707.25;7708.75
2026-31-08 12:25:00;7708.50;7709.75;7706.50;7708.50
2026-31-08 12:30:00;7708.25;7708.50;7706.75;7707.50
2026-31-08 12:35:00;7707.75;7708.75;7707.50;7708.75
2026-31-08 12:40:00;7708.75;7709.00;7707.50;7708.50
2026-31-08 12:45:00;7708.25;7709.00;7707.50;7708.25
2026-31-08 12:50:00;7708.50;7711.25;7707.75;7709.50
2026-31-08 12:55:00;7709.50;7710.50;7708.75;7709.75
2026-31-08 13:00:00;7709.75;7711.00;7708.25;7708.50
2026-31-08 13:05:00;7708.50;7710.25;7707.25;7709.25
2026-31-08 13:10:00;7709.00;7710.00;7707.25;7707.50
2026-31-08 13:15:00;7707.25;7710.25;7706.75;7709.50
2026-31-08 13:20:00;7709.75;7709.75;7708.00;7709.50
2026-31-08 13:25:00;7709.25;7711.25;7708.75;7710.50
2026-31-08 13:30:00;7710.50;7710.50;7705.75;7706.00
2026-31-08 13:35:00;7705.75;7706.25;7704.75;7705.00
2026-31-08 13:40:00;7705.00;7708.50;7702.75;7702.75
2026-31-08 13:45:00;7703.00;7704.50;7700.50;7702.75
2026-31-08 13:50:00;7702.75;7704.75;7702.00;7702.50
2026-31-08 13:55:00;7702.75;7703.75;7702.25;7702.25
2026-31-08 14:00:00;7702.50;7704.75;7702.25;7703.75
2026-31-08 14:05:00;7703.75;7708.25;7694.25;7705.00
2026-31-08 14:10:00;7705.00;7706.00;7703.00;7705.00
2026-31-08 14:15:00;7705.25;7708.00;7705.00;7708.00
2026-31-08 14:20:00;7708.00;7709.25;7703.25;7703.75
2026-31-08 14:25:00;7703.50;7703.75;7694.75;7698.00
2026-31-08 14:30:00;7697.75;7699.25;7695.50;7699.00
2026-31-08 14:35:00;7699.00;7701.50;7693.75;7694.00
2026-31-08 14:40:00;7694.00;7694.75;7691.50;7693.00
2026-31-08 14:45:00;7693.00;7694.75;7692.00;7694.00
2026-31-08 14:50:00;7694.00;7695.25;7692.25;7692.50
2026-31-08 14:55:00;7692.75;7695.00;7691.50;7693.75
2026-31-08 15:00:00;7693.75;7696.00;7692.75;7693.75
2026-31-08 15:05:00;7693.50;7696.00;7692.75;7695.75
2026-31-08 15:10:00;7695.75;7698.50;7695.00;7698.25
2026-31-08 15:15:00;7698.25;7701.00;7698.25;7699.00
2026-31-08 15:20:00;7699.00;7700.25;7698.50;7699.00
2026-31-08 15:25:00;7698.75;7702.50;7697.50;7701.25
2026-31-08 15:30:00;7701.25;7704.25;7690.75;7691.50
2026-31-08 15:35:00;7691.75;7692.75;7685.25;7690.50
2026-31-08 15:40:00;7690.50;7694.50;7685.25;7686.00
2026-31-08 15:45:00;7686.25;7694.00;7682.50;7689.00
2026-31-08 15:50:00;7688.75;7693.25;7685.50;7692.75
2026-31-08 15:55:00;7692.75;7695.00;7688.75;7689.50
2026-31-08 16:00:00;7689.75;7691.00;7685.00;7685.75
2026-31-08 16:05:00;7685.75;7688.75;7682.25;7682.75
2026-31-08 16:10:00;7682.75;7687.00;7681.25;7686.25
2026-31-08 16:15:00;7686.25;7688.25;7683.50;7687.25
2026-31-08 16:20:00;7687.25;7687.50;7677.50;7677.50
2026-31-08 16:25:00;7677.50;7678.50;7674.75;7676.75
2026-31-08 16:30:00;7676.75;7679.25;7675.75;7676.25
2026-31-08 16:35:00;7676.50;7685.75;7675.75;7684.00
2026-31-08 16:40:00;7684.00;7688.75;7683.75;7686.00
2026-31-08 16:45:00;7686.00;7686.50;7681.50;7682.25
2026-31-08 16:50:00;7682.00;7686.50;7681.50;7686.25
2026-31-08 16:55:00;7686.25;7692.00;7685.25;7687.50
2026-31-08 17:00:00;7687.50;7692.50;7684.75;7685.50
2026-31-08 17:05:00;7685.50;7690.00;7684.00;7684.75
2026-31-08 17:10:00;7684.75;7687.75;7683.25;7685.25
2026-31-08 17:15:00;7685.50;7687.00;7681.50;7685.75
2026-31-08 17:20:00;7685.50;7688.75;7683.75;7688.50
2026-31-08 17:25:00;7688.50;7689.75;7686.00;7687.50
2026-31-08 17:30:00;7687.25;7688.00;7682.25;7685.50
2026-31-08 17:35:00;7685.50;7686.50;7682.25;7683.75
2026-31-08 17:40:00;7684.00;7686.75;7681.75;7686.00
2026-31-08 17:45:00;7686.25;7688.25;7684.25;7686.50
2026-31-08 17:50:00;7686.50;7691.25;7686.25;7688.75
2026-31-08 17:55:00;7688.50;7689.00;7680.75;7682.00
2026-31-08 18:00:00;7682.00;7682.00;7678.00;7679.50
2026-31-08 18:05:00;7679.25;7679.75;7677.25;7679.00
2026-31-08 18:10:00;7679.00;7685.75;7678.25;7685.00
2026-31-08 18:15:00;7685.00;7685.50;7680.50;7683.75
2026-31-08 18:20:00;7683.75;7684.50;7680.25;7682.50
2026-31-08 18:25:00;7682.50;7687.25;7682.25;7687.00
2026-31-08 18:30:00;7686.75;7687.25;7684.00;7686.00
2026-31-08 18:35:00;7686.00;7687.25;7679.75;7680.25
2026-31-08 18:40:00;7680.25;7685.25;7679.50;7682.00
2026-31-08 18:45:00;7681.75;7686.50;7681.75;7685.25
2026-31-08 18:50:00;7685.25;7687.75;7684.75;7686.00
2026-31-08 18:55:00;7686.00;7687.75;7685.50;7686.50
2026-31-08 19:00:00;7686.50;7686.75;7683.50;7684.75
2026-31-08 19:05:00;7684.75;7686.00;7683.00;7683.50
2026-31-08 19:10:00;7683.75;7687.25;7683.50;7687.25
2026-31-08 19:15:00;7687.00;7688.50;7684.75;7686.50
2026-31-08 19:20:00;7686.50;7687.50;7684.75;7685.75
2026-31-08 19:25:00;7685.75;7686.00;7681.50;7682.00
2026-31-08 19:30:00;7682.00;7683.25;7679.25;7680.75
2026-31-08 19:35:00;7680.75;7686.25;7680.75;7686.25
2026-31-08 19:40:00;7686.00;7690.50;7685.50;7690.50
2026-31-08 19:45:00;7690.50;7692.50;7689.25;7691.25
2026-31-08 19:50:00;7691.25;7695.75;7691.00;7695.75
2026-31-08 19:55:00;7695.50;7696.25;7691.50;7693.00
2026-31-08 20:00:00;7693.00;7694.25;7689.75;7693.50
2026-31-08 20:05:00;7693.75;7695.00;7692.25;7694.50
2026-31-08 20:10:00;7694.25;7695.00;7692.25;7695.00
2026-31-08 20:15:00;7694.75;7695.75;7693.25;7694.75
2026-31-08 20:20:00;7694.50;7696.25;7692.75;7694.00
2026-31-08 20:25:00;7694.00;7694.25;7690.75;7691.00
2026-31-08 20:30:00;7690.75;7692.00;7687.75;7688.25
2026-31-08 20:35:00;7688.25;7689.00;7680.50;7682.25
2026-31-08 20:40:00;7682.25;7683.75;7678.00;7681.50
2026-31-08 20:45:00;7681.25;7682.00;7679.50;7681.75
2026-31-08 20:50:00;7682.00;7685.00;7679.75;7684.25
2026-31-08 20:55:00;7684.00;7686.50;7683.25;7684.50
2026-31-08 21:00:00;7684.50;7688.50;7684.50;7685.75
2026-31-08 21:05:00;7686.00;7688.25;7684.50;7688.25
2026-31-08 21:10:00;7688.25;7690.25;7687.25;7689.75
2026-31-08 21:15:00;7689.75;7690.25;7687.75;7688.25
2026-31-08 21:20:00;7688.00;7692.75;7687.75;7692.00
2026-31-08 21:25:00;7692.00;7695.50;7690.50;7694.25
2026-31-08 21:30:00;7694.25;7694.50;7689.75;7692.50
2026-31-08 21:35:00;7692.25;7695.00;7691.75;7694.50
2026-31-08 21:40:00;7694.25;7700.25;7693.75;7698.00
2026-31-08 21:45:00;7698.25;7700.00;7693.75;7696.50
2026-31-08 21:50:00;7696.50;7704.50;7696.50;7701.00
2026-31-08 21:55:00;7701.25;7708.25;7693.75;7698.00
2026-31-08 22:00:00;7698.00;7704.75;7696.50;7700.75
2026-31-08 22:05:00;7700.75;7703.75;7700.50;7702.50
2026-31-08 22:10:00;7702.75;7703.75;7701.00;7701.75
2026-31-08 22:15:00;7701.50;7702.00;7700.75;7702.00
2026-31-08 22:20:00;7702.00;7702.00;7700.75;7701.25
2026-31-08 22:25:00;7701.25;7702.75;7701.00;7702.50
2026-31-08 22:30:00;7702.50;7702.50;7701.00;7701.75
2026-31-08 22:35:00;7702.00;7702.75;7701.75;7702.25
2026-31-08 22:40:00;7702.25;7703.00;7702.25;7702.50
2026-31-08 22:45:00;7702.25;7702.75;7700.50;7700.50
2026-31-08 22:50:00;7700.50;7702.50;7700.25;7701.75
2026-31-08 22:55:00;7702.00;7702.25;7700.75;7701.25
2026-01-09 00:00:00;7701.25;7702.50;7700.00;7702.00
2026-01-09 00:05:00;7702.25;7702.50;7701.00;7702.25
2026-01-09 00:10:00;7702.50;7702.75;7701.25;7702.25
2026-01-09 00:15:00;7702.50;7702.50;7700.75;7701.50
2026-01-09 00:20:00;7701.50;7702.00;7701.00;7701.75
2026-01-09 00:25:00;7702.00;7702.00;7701.25;7701.50
2026-01-09 00:30:00;7701.50;7702.25;7701.25;7702.00
2026-01-09 00:35:00;7701.75;7702.75;7701.75;7702.25
2026-01-09 00:40:00;7702.25;7702.50;7701.50;7701.50
2026-01-09 00:45:00;7701.75;7702.25;7700.75;7700.75
2026-01-09 00:50:00;7701.00;7701.00;7700.50;7700.50
2026-01-09 00:55:00;7700.50;7701.75;7700.50;7701.25
2026-01-09 01:00:00;7701.00;7702.25;7700.75;7701.25
2026-01-09 01:05:00;7701.25;7702.25;7701.25;7702.25
2026-01-09 01:10:00;7702.25;7703.25;7702.00;7702.25
2026-01-09 01:15:00;7702.25;7702.50;7701.25;7702.00
2026-01-09 01:20:00;7702.00;7702.00;7700.50;7701.00
2026-01-09 01:25:00;7701.25;7703.00;7701.00;7702.75
2026-01-09 01:30:00;7702.50;7705.00;7702.00;7704.50
2026-01-09 01:35:00;7704.50;7705.25;7702.75;7703.50
2026-01-09 01:40:00;7703.50;7704.25;7703.25;7704.00
2026-01-09 01:45:00;7704.00;7704.75;7702.25;7703.00
2026-01-09 01:50:00;7702.75;7704.00;7702.50;7702.75
2026-01-09 01:55:00;7703.00;7703.50;7702.00;7703.50
2026-01-09 02:00:00;7703.75;7704.75;7700.50;7704.75
2026-01-09 02:05:00;7704.75;7707.75;7704.25;7707.25
2026-01-09 02:10:00;7707.25;7707.50;7703.25;7703.75
2026-01-09 02:15:00;7703.50;7707.25;7702.50;7707.25
2026-01-09 02:20:00;7707.25;7708.00;7706.50;7706.50
2026-01-09 02:25:00;7706.50;7707.50;7705.75;7706.00
2026-01-09 02:30:00;7706.00;7707.50;7703.75;7705.00
2026-01-09 02:35:00;7704.75;7705.00;7703.50;7704.00
2026-01-09 02:40:00;7704.00;7706.75;7703.75;7705.50
2026-01-09 02:45:00;7705.75;7706.00;7704.00;7705.25
2026-01-09 02:50:00;7705.50;7705.75;7704.50;7704.75
2026-01-09 02:55:00;7705.00;7705.00;7704.00;7705.00
2026-01-09 03:00:00;7704.75;7705.75;7704.25;7704.75
2026-01-09 03:05:00;7704.75;7705.00;7702.25;7703.50
2026-01-09 03:10:00;7703.50;7704.75;7702.25;7704.75
2026-01-09 03:15:00;7704.75;7704.75;7703.50;7703.75
2026-01-09 03:20:00;7704.00;7704.25;7702.50;7702.50
2026-01-09 03:25:00;7702.50;7702.75;7699.00;7699.50
2026-01-09 03:30:00;7699.25;7702.50;7698.00;7702.50
2026-01-09 03:35:00;7702.50;7705.00;7702.00;7703.50
2026-01-09 03:40:00;7703.50;7704.50;7702.00;7704.50
2026-01-09 03:45:00;7704.75;7705.25;7703.25;7704.25
2026-01-09 03:50:00;7704.00;7704.50;7702.50;7702.50
2026-01-09 03:55:00;7702.75;7704.25;7702.50;7703.25
2026-01-09 04:00:00;7703.00;7703.75;7702.00;7702.00
2026-01-09 04:05:00;7702.00;7702.25;7700.00;7700.25
2026-01-09 04:10:00;7700.25;7700.25;7698.25;7698.75
2026-01-09 04:15:00;7698.75;7699.25;7697.75;7698.75
2026-01-09 04:20:00;7699.00;7699.50;7697.50;7697.50
2026-01-09 04:25:00;7697.50;7697.50;7695.50;7696.75
2026-01-09 04:30:00;7696.75;7699.00;7696.50;7697.50
2026-01-09 04:35:00;7697.50;7697.50;7694.50;7694.75
2026-01-09 04:40:00;7694.75;7695.25;7693.75;7694.50
2026-01-09 04:45:00;7694.25;7696.25;7694.00;7695.50
2026-01-09 04:50:00;7695.75;7696.75;7695.50;7696.25
2026-01-09 04:55:00;7696.25;7700.50;7696.00;7700.25
2026-01-09 05:00:00;7700.25;7700.25;7697.00;7697.00
2026-01-09 05:05:00;7697.00;7698.25;7696.75;7697.25
2026-01-09 05:10:00;7697.00;7697.50;7696.25;7696.25
2026-01-09 05:15:00;7696.50;7697.50;7696.25;7696.75
2026-01-09 05:20:00;7696.75;7697.00;7696.25;7696.50
2026-01-09 05:25:00;7696.50;7697.50;7695.50;7695.75
2026-01-09 05:30:00;7696.00;7697.25;7695.25;7695.75
2026-01-09 05:35:00;7695.75;7697.50;7695.50;7697.00
2026-01-09 05:40:00;7697.00;7697.75;7696.50;7696.75
2026-01-09 05:45:00;7696.50;7697.75;7695.75;7697.50
2026-01-09 05:50:00;7697.50;7697.75;7696.25;7696.50
2026-01-09 05:55:00;7696.25;7697.00;7696.00;7696.75
2026-01-09 06:00:00;7696.75;7698.50;7696.50;7696.50
2026-01-09 06:05:00;7696.75;7697.00;7696.00;7696.00
2026-01-09 06:10:00;7696.25;7697.00;7696.00;7696.50
2026-01-09 06:15:00;7696.50;7698.00;7696.50;7697.50
2026-01-09 06:20:00;7697.25;7698.00;7696.75;7697.00
2026-01-09 06:25:00;7697.25;7697.50;7695.00;7696.25
2026-01-09 06:30:00;7696.25;7697.25;7695.75;7696.25
2026-01-09 06:35:00;7696.50;7697.00;7695.50;7695.50
2026-01-09 06:40:00;7695.75;7696.00;7693.25;7693.50
2026-01-09 06:45:00;7693.75;7696.75;7693.50;7696.00
2026-01-09 06:50:00;7696.00;7696.25;7693.50;7693.50
2026-01-09 06:55:00;7693.50;7693.75;7692.00;7692.75
2026-01-09 07:00:00;7692.75;7692.75;7690.75;7692.50
2026-01-09 07:05:00;7692.75;7693.25;7692.50;7693.00
2026-01-09 07:10:00;7693.00;7693.00;7691.75;7691.75
2026-01-09 07:15:00;7691.75;7692.25;7690.50;7690.75
2026-01-09 07:20:00;7690.75;7691.25;7690.00;7691.25
2026-01-09 07:25:00;7691.25;7695.00;7691.00;7694.50
2026-01-09 07:30:00;7694.50;7696.75;7694.00;7695.75
2026-01-09 07:35:00;7695.75;7701.25;7695.25;7699.50
2026-01-09 07:40:00;7699.75;7703.25;7699.50;7702.75
2026-01-09 07:45:00;7703.00;7703.50;7701.50;7701.75
2026-01-09 07:50:00;7701.75;7703.50;7701.25;7703.25
2026-01-09 07:55:00;7703.25;7706.25;7703.25;7704.50
2026-01-09 08:00:00;7704.75;7705.50;7702.00;7702.00
2026-01-09 08:05:00;7702.25;7703.50;7701.00;7701.00
2026-01-09 08:10:00;7701.25;7701.75;7700.00;7700.50
2026-01-09 08:15:00;7700.25;7700.50;7698.00;7699.25
2026-01-09 08:20:00;7699.25;7700.00;7697.25;7697.75
2026-01-09 08:25:00;7698.00;7699.50;7696.50;7696.75
2026-01-09 08:30:00;7696.75;7699.50;7696.00;7697.75
2026-01-09 08:35:00;7697.50;7700.25;7696.00;7700.00
2026-01-09 08:40:00;7700.00;7700.00;7698.75;7699.25
2026-01-09 08:45:00;7699.50;7699.50;7697.75;7698.00
2026-01-09 08:50:00;7698.00;7699.00;7697.50;7699.00
2026-01-09 08:55:00;7698.75;7699.00;7697.25;7697.50
2026-01-09 09:00:00;7697.25;7704.50;7696.50;7704.25
2026-01-09 09:05:00;7704.00;7705.50;7701.00;7701.00
2026-01-09 09:10:00;7701.00;7705.25;7698.75;7705.00
2026-01-09 09:15:00;7704.75;7705.25;7701.25;7703.00
2026-01-09 09:20:00;7703.00;7704.25;7701.50;7702.50
2026-01-09 09:25:00;7702.25;7704.50;7702.25;7703.00
2026-01-09 09:30:00;7703.00;7703.25;7698.50;7698.75
2026-01-09 09:35:00;7698.50;7698.50;7692.25;7692.25
2026-01-09 09:40:00;7692.50;7693.25;7691.00;7691.25
2026-01-09 09:45:00;7691.00;7693.75;7687.00;7693.25
2026-01-09 09:50:00;7693.00;7694.00;7692.00;7692.25
2026-01-09 09:55:00;7692.25;7693.25;7689.25;7690.50
2026-01-09 10:00:00;7690.50;7691.25;7687.75;7689.50
2026-01-09 10:05:00;7689.25;7693.00;7673.50;7675.25
2026-01-09 10:10:00;7675.25;7678.75;7674.00;7676.50
2026-01-09 10:15:00;7677.00;7679.25;7670.50;7672.50
2026-01-09 10:20:00;7672.50;7673.00;7667.75;7668.50
2026-01-09 10:25:00;7668.50;7669.50;7664.50;7665.75
2026-01-09 10:30:00;7665.75;7669.00;7663.75;7668.00
2026-01-09 10:35:00;7668.00;7668.00;7661.25;7662.75
2026-01-09 10:40:00;7663.00;7664.75;7658.75;7661.00
2026-01-09 10:45:00;7661.00;7663.25;7659.50;7661.50
2026-01-09 10:50:00;7661.50;7665.00;7660.00;7663.75
2026-01-09 10:55:00;7663.75;7666.00;7658.50;7658.50
2026-01-09 11:00:00;7658.75;7660.00;7656.50;7658.25
2026-01-09 11:05:00;7658.25;7659.00;7653.50;7654.00
2026-01-09 11:10:00;7654.25;7655.75;7651.50;7652.25
2026-01-09 11:15:00;7652.00;7654.50;7650.25;7652.00
2026-01-09 11:20:00;7652.00;7652.50;7649.75;7650.00
2026-01-09 11:25:00;7650.25;7651.50;7648.50;7651.00
2026-01-09 11:30:00;7651.25;7653.25;7650.00;7652.75
2026-01-09 11:35:00;7652.75;7653.50;7649.50;7650.00
2026-01-09 11:40:00;7650.00;7653.25;7649.75;7652.50
2026-01-09 11:45:00;7652.75;7656.25;7652.50;7655.00
2026-01-09 11:50:00;7654.75;7655.75;7654.25;7655.25
2026-01-09 11:55:00;7655.50;7655.75;7653.25;7653.25
2026-01-09 12:00:00;7653.50;7655.75;7650.75;7652.50
2026-01-09 12:05:00;7652.75;7654.50;7652.25;7653.00
2026-01-09 12:10:00;7653.25;7656.50;7652.50;7655.50
2026-01-09 12:15:00;7655.50;7656.50;7653.25;7654.75
2026-01-09 12:20:00;7655.00;7661.25;7654.75;7661.00
2026-01-09 12:25:00;7661.00;7662.00;7660.00;7660.50
2026-01-09 12:30:00;7660.50;7663.75;7660.50;7663.75
2026-01-09 12:35:00;7663.75;7664.50;7662.75;7663.00
2026-01-09 12:40:00;7663.00;7663.00;7658.75;7659.00
2026-01-09 12:45:00;7659.00;7662.50;7657.75;7658.75
2026-01-09 12:50:00;7658.75;7658.75;7654.25;7656.50
2026-01-09 12:55:00;7656.25;7657.25;7655.75;7656.50
2026-01-09 13:00:00;7656.25;7657.00;7653.75;7656.00
2026-01-09 13:05:00;7655.75;7656.00;7652.50;7655.25
2026-01-09 13:10:00;7655.25;7656.75;7655.00;7655.75
2026-01-09 13:15:00;7655.75;7657.25;7655.50;7657.00
2026-01-09 13:20:00;7657.00;7658.25;7654.50;7655.25
2026-01-09 13:25:00;7655.25;7657.75;7654.50;7657.25
2026-01-09 13:30:00;7657.00;7659.50;7656.75;7657.50
2026-01-09 13:35:00;7657.50;7662.25;7656.75;7662.00
2026-01-09 13:40:00;7662.25;7663.25;7660.75;7660.75
2026-01-09 13:45:00;7661.00;7661.50;7659.00;7659.50
2026-01-09 13:50:00;7659.50;7660.25;7657.00;7657.50
2026-01-09 13:55:00;7657.25;7657.25;7651.25;7652.25
2026-01-09 14:00:00;7652.25;7653.00;7650.00;7652.50
2026-01-09 14:05:00;7652.50;7653.00;7649.75;7650.50
2026-01-09 14:10:00;7650.50;7652.50;7648.50;7652.25
2026-01-09 14:15:00;7652.00;7654.75;7650.50;7650.50
2026-01-09 14:20:00;7650.50;7652.50;7648.75;7651.25
2026-01-09 14:25:00;7651.25;7654.00;7650.50;7653.25
2026-01-09 14:30:00;7653.00;7653.00;7647.25;7648.75
2026-01-09 14:35:00;7648.75;7651.00;7645.00;7648.50
2026-01-09 14:40:00;7648.25;7649.25;7646.00;7647.75
2026-01-09 14:45:00;7647.50;7651.50;7647.25;7647.75
2026-01-09 14:50:00;7647.75;7649.50;7646.50;7647.75
2026-01-09 14:55:00;7647.75;7649.25;7647.00;7647.50
2026-01-09 15:00:00;7647.25;7647.50;7640.50;7643.25
2026-01-09 15:05:00;7643.25;7645.25;7641.75;7644.00
2026-01-09 15:10:00;7644.00;7645.25;7642.75;7644.00
2026-01-09 15:15:00;7644.00;7645.75;7643.00;7645.25
2026-01-09 15:20:00;7645.25;7648.00;7644.50;7647.75
2026-01-09 15:25:00;7647.75;7648.75;7644.75;7647.00
2026-01-09 15:30:00;7647.00;7648.25;7638.75;7646.25
2026-01-09 15:35:00;7646.25;7650.75;7642.75;7644.75
2026-01-09 15:40:00;7644.50;7648.25;7641.00;7646.50
2026-01-09 15:45:00;7646.50;7649.00;7643.75;7649.00
2026-01-09 15:50:00;7649.00;7652.75;7642.75;7645.00
2026-01-09 15:55:00;7645.25;7648.00;7641.50;7647.00
2026-01-09 16:00:00;7647.25;7652.75;7644.50;7648.50
2026-01-09 16:05:00;7648.75;7656.75;7648.75;7656.25
2026-01-09 16:10:00;7656.25;7658.00;7651.75;7657.00
2026-01-09 16:15:00;7657.00;7662.50;7656.75;7660.25
2026-01-09 16:20:00;7660.25;7667.75;7660.25;7664.00
2026-01-09 16:25:00;7664.00;7667.25;7663.25;7664.75
2026-01-09 16:30:00;7664.75;7672.25;7664.50;7671.50
2026-01-09 16:35:00;7671.50;7673.00;7668.00;7669.75
2026-01-09 16:40:00;7670.00;7670.75;7665.75;7668.50
2026-01-09 16:45:00;7668.75;7670.75;7666.25;7666.50
2026-01-09 16:50:00;7666.25;7666.50;7662.00;7663.00
2026-01-09 16:55:00;7663.00;7664.00;7660.25;7662.25
2026-01-09 17:00:00;7662.50;7663.50;7657.00;7658.00
2026-01-09 17:05:00;7658.00;7658.75;7653.75;7654.75
2026-01-09 17:10:00;7654.75;7658.75;7654.00;7656.25
2026-01-09 17:15:00;7656.25;7660.75;7655.50;7660.00
2026-01-09 17:20:00;7660.00;7661.75;7657.75;7661.25
2026-01-09 17:25:00;7661.25;7663.00;7658.75;7662.75
2026-01-09 17:30:00;7663.00;7664.75;7661.25;7663.25
2026-01-09 17:35:00;7663.00;7668.00;7661.75;7667.75
2026-01-09 17:40:00;7668.00;7669.50;7666.50;7669.25
2026-01-09 17:45:00;7669.00;7673.00;7668.00;7672.75
2026-01-09 17:50:00;7672.75;7673.75;7669.75;7672.25
2026-01-09 17:55:00;7672.50;7672.75;7668.25;7670.00
2026-01-09 18:00:00;7670.00;7670.50;7667.50;7669.50
2026-01-09 18:05:00;7669.25;7670.00;7664.75;7666.00
2026-01-09 18:10:00;7665.75;7668.00;7661.75;7662.00
2026-01-09 18:15:00;7662.25;7663.00;7656.25;7657.00
2026-01-09 18:20:00;7657.00;7657.75;7650.50;7655.25
2026-01-09 18:25:00;7655.25;7656.25;7649.25;7652.00
2026-01-09 18:30:00;7652.00;7653.25;7642.50;7643.75
2026-01-09 18:35:00;7643.75;7649.00;7643.75;7649.00
2026-01-09 18:40:00;7649.00;7650.75;7643.50;7643.75
2026-01-09 18:45:00;7643.75;7647.00;7643.00;7646.25
2026-01-09 18:50:00;7646.25;7647.50;7644.25;7645.50
2026-01-09 18:55:00;7645.75;7650.75;7645.75;7649.50
2026-01-09 19:00:00;7649.50;7649.50;7643.50;7643.75
2026-01-09 19:05:00;7643.50;7645.00;7641.75;7643.75
2026-01-09 19:10:00;7643.75;7647.50;7643.00;7646.50
2026-01-09 19:15:00;7646.25;7648.25;7641.75;7642.75
2026-01-09 19:20:00;7642.75;7644.50;7641.75;7642.75
2026-01-09 19:25:00;7643.00;7644.00;7635.00;7643.50
2026-01-09 19:30:00;7643.75;7647.25;7642.75;7646.50
2026-01-09 19:35:00;7646.75;7649.00;7644.50;7645.75
2026-01-09 19:40:00;7645.75;7649.00;7645.25;7647.25
2026-01-09 19:45:00;7647.25;7648.00;7642.25;7642.50
2026-01-09 19:50:00;7642.50;7645.00;7641.25;7642.25
2026-01-09 19:55:00;7642.50;7645.50;7641.25;7644.75
2026-01-09 20:00:00;7645.00;7647.00;7642.25;7642.75
2026-01-09 20:05:00;7642.75;7643.75;7641.00;7643.25
2026-01-09 20:10:00;7643.00;7644.00;7639.75;7640.25
2026-01-09 20:15:00;7640.25;7645.00;7639.25;7644.50
2026-01-09 20:20:00;7644.50;7645.25;7641.75;7643.25
2026-01-09 20:25:00;7643.25;7643.25;7637.25;7638.75
2026-01-09 20:30:00;7638.75;7639.50;7633.50;7634.25
2026-01-09 20:35:00;7634.25;7636.00;7631.75;7632.00
2026-01-09 20:40:00;7632.00;7633.25;7623.50;7624.00
2026-01-09 20:45:00;7624.00;7629.50;7621.50;7628.75
2026-01-09 20:50:00;7628.75;7630.50;7627.00;7629.25
2026-01-09 20:55:00;7629.00;7635.75;7628.25;7634.00
2026-01-09 21:00:00;7634.00;7639.00;7632.75;7638.50
2026-01-09 21:05:00;7638.25;7638.75;7635.25;7637.75
2026-01-09 21:10:00;7637.75;7641.75;7637.25;7641.50
2026-01-09 21:15:00;7641.50;7643.00;7639.00;7641.25
2026-01-09 21:20:00;7641.00;7641.75;7637.50;7640.00
2026-01-09 21:25:00;7640.00;7641.50;7638.50;7640.75
2026-01-09 21:30:00;7640.75;7641.00;7634.50;7638.25
2026-01-09 21:35:00;7638.25;7640.25;7635.25;7635.50
2026-01-09 21:40:00;7635.75;7639.75;7634.25;7637.75
2026-01-09 21:45:00;7637.75;7641.75;7636.75;7639.75
2026-01-09 21:50:00;7639.75;7640.25;7633.00;7636.50
2026-01-09 21:55:00;7636.75;7645.50;7633.00;7644.25
2026-01-09 22:00:00;7644.00;7647.25;7640.75;7643.00
2026-01-09 22:05:00;7643.00;7645.00;7641.25;7643.50
2026-01-09 22:10:00;7643.50;7645.00;7643.00;7644.50
2026-01-09 22:15:00;7644.50;7648.00;7644.25;7647.50
2026-01-09 22:20:00;7647.75;7648.75;7647.25;7647.75
2026-01-09 22:25:00;7647.50;7648.25;7646.75;7647.00
2026-01-09 22:30:00;7646.75;7647.50;7645.50;7645.50
2026-01-09 22:35:00;7645.75;7646.00;7645.50;7645.75
2026-01-09 22:40:00;7645.75;7648.75;7645.00;7647.50
2026-01-09 22:45:00;7647.25;7647.50;7646.00;7646.75
2026-01-09 22:50:00;7646.50;7648.00;7646.50;7647.50
2026-01-09 22:55:00;7647.50;7648.00;7645.75;7647.50
2026-02-09 00:00:00;7645.00;7648.00;7642.75;7643.00
2026-02-09 00:05:00;7643.00;7644.25;7641.50;7643.00
2026-02-09 00:10:00;7642.75;7642.75;7641.50;7642.50
2026-02-09 00:15:00;7642.25;7643.25;7642.25;7642.75
2026-02-09 00:20:00;7642.50;7643.25;7641.75;7643.25
2026-02-09 00:25:00;7643.00;7644.00;7642.25;7643.25
2026-02-09 00:30:00;7643.00;7644.25;7643.00;7643.50
2026-02-09 00:35:00;7643.50;7644.25;7642.75;7643.75
2026-02-09 00:40:00;7644.00;7644.00;7643.00;7643.25
2026-02-09 00:45:00;7643.50;7646.25;7643.50;7646.00
2026-02-09 00:50:00;7645.75;7647.25;7645.50;7645.50
2026-02-09 00:55:00;7645.50;7646.50;7644.75;7645.25
2026-02-09 01:00:00;7645.25;7646.00;7645.00;7645.25
2026-02-09 01:05:00;7645.50;7646.00;7645.00;7645.25
2026-02-09 01:10:00;7645.50;7646.00;7645.25;7645.50
2026-02-09 01:15:00;7645.75;7646.00;7645.25;7645.25
2026-02-09 01:20:00;7645.50;7646.00;7644.25;7645.25
2026-02-09 01:25:00;7645.00;7645.75;7644.75;7645.75
2026-02-09 01:30:00;7646.00;7646.25;7645.00;7645.75
2026-02-09 01:35:00;7645.50;7646.50;7645.50;7645.75
2026-02-09 01:40:00;7645.50;7646.75;7645.50;7646.25
2026-02-09 01:45:00;7646.50;7647.25;7645.50;7646.50
2026-02-09 01:50:00;7646.50;7647.00;7645.50;7646.25
2026-02-09 01:55:00;7646.25;7647.00;7646.00;7646.25
2026-02-09 02:00:00;7646.50;7647.00;7644.25;7645.00
2026-02-09 02:05:00;7645.00;7646.25;7641.75;7644.75
2026-02-09 02:10:00;7644.50;7646.00;7643.25;7644.50
2026-02-09 02:15:00;7644.50;7647.25;7644.50;7645.50
2026-02-09 02:20:00;7645.50;7651.50;7645.25;7647.25
2026-02-09 02:25:00;7647.25;7647.25;7644.00;7644.25
2026-02-09 02:30:00;7644.25;7647.00;7643.00;7643.75
2026-02-09 02:35:00;7643.75;7645.75;7643.50;7644.50
2026-02-09 02:40:00;7644.25;7645.75;7642.25;7645.50
2026-02-09 02:45:00;7645.50;7646.25;7644.75;7645.50
2026-02-09 02:50:00;7645.25;7645.50;7643.00;7643.00
2026-02-09 02:55:00;7643.25;7644.75;7640.00;7640.00
2026-02-09 03:00:00;7640.00;7642.75;7639.25;7641.75
2026-02-09 03:05:00;7641.75;7642.00;7639.00;7639.50
2026-02-09 03:10:00;7639.25;7640.25;7637.00;7638.50
2026-02-09 03:15:00;7638.25;7640.75;7638.00;7640.00
2026-02-09 03:20:00;7640.25;7642.00;7639.00;7642.00
2026-02-09 03:25:00;7642.00;7642.75;7640.00;7640.75
2026-02-09 03:30:00;7641.00;7641.75;7639.00;7641.75
2026-02-09 03:35:00;7642.00;7642.25;7637.25;7637.75
2026-02-09 03:40:00;7637.75;7638.50;7636.25;7637.00
2026-02-09 03:45:00;7637.00;7637.50;7635.25;7635.75
2026-02-09 03:50:00;7635.75;7635.75;7632.25;7634.50
2026-02-09 03:55:00;7634.50;7637.00;7634.25;7636.75
2026-02-09 04:00:00;7637.00;7637.00;7633.50;7634.00
2026-02-09 04:05:00;7634.25;7635.75;7633.75;7634.50
2026-02-09 04:10:00;7634.50;7637.00;7634.50;7636.75
2026-02-09 04:15:00;7636.50;7639.75;7636.50;7639.50
2026-02-09 04:20:00;7639.50;7641.75;7638.75;7641.00
2026-02-09 04:25:00;7640.75;7641.75;7640.25;7640.25
2026-02-09 04:30:00;7640.50;7640.50;7638.50;7639.25
2026-02-09 04:35:00;7639.25;7639.75;7638.00;7639.00
2026-02-09 04:40:00;7639.00;7640.50;7639.00;7640.25
2026-02-09 04:45:00;7640.25;7641.50;7640.25;7641.25
2026-02-09 04:50:00;7641.00;7641.75;7640.25;7640.50
2026-02-09 04:55:00;7640.50;7641.25;7639.50;7641.00
2026-02-09 05:00:00;7641.25;7642.00;7639.75;7639.75
2026-02-09 05:05:00;7639.75;7640.25;7638.00;7640.25
2026-02-09 05:10:00;7640.00;7641.75;7639.75;7640.75
2026-02-09 05:15:00;7640.75;7641.00;7639.50;7640.00
2026-02-09 05:20:00;7639.75;7640.00;7638.50;7639.25
2026-02-09 05:25:00;7639.25;7640.00;7637.75;7638.00
2026-02-09 05:30:00;7638.25;7638.25;7635.75;7636.75
2026-02-09 05:35:00;7636.50;7638.00;7636.00;7637.75
2026-02-09 05:40:00;7637.75;7638.25;7635.75;7636.00
2026-02-09 05:45:00;7636.00;7637.00;7635.50;7635.75
2026-02-09 05:50:00;7635.50;7635.75;7634.25;7635.75
2026-02-09 05:55:00;7635.50;7635.75;7634.50;7634.75
2026-02-09 06:00:00;7634.75;7635.50;7634.00;7634.00
2026-02-09 06:05:00;7634.00;7635.50;7633.25;7633.50
2026-02-09 06:10:00;7633.50;7634.75;7632.75;7634.50
2026-02-09 06:15:00;7634.50;7636.25;7634.00;7635.75
2026-02-09 06:20:00;7635.75;7636.00;7634.00;7634.75
2026-02-09 06:25:00;7634.75;7635.50;7634.00;7634.25
2026-02-09 06:30:00;7634.25;7636.50;7634.00;7636.00
2026-02-09 06:35:00;7635.50;7636.00;7634.25;7634.25
2026-02-09 06:40:00;7634.50;7635.25;7634.00;7634.75
2026-02-09 06:45:00;7634.75;7636.00;7634.25;7634.50
2026-02-09 06:50:00;7634.75;7635.75;7634.75;7635.50
2026-02-09 06:55:00;7635.50;7635.75;7634.75;7635.25
2026-02-09 07:00:00;7635.50;7636.00;7633.00;7633.75
2026-02-09 07:05:00;7633.75;7634.50;7632.75;7633.00
2026-02-09 07:10:00;7633.00;7637.50;7633.00;7637.00
2026-02-09 07:15:00;7637.00;7639.75;7636.75;7639.25
2026-02-09 07:20:00;7639.25;7639.25;7637.50;7639.25
2026-02-09 07:25:00;7639.25;7640.75;7639.00;7640.50
2026-02-09 07:30:00;7640.50;7643.00;7638.75;7639.75
2026-02-09 07:35:00;7639.50;7640.50;7637.00;7637.00
2026-02-09 07:40:00;7637.25;7641.50;7637.00;7641.25
2026-02-09 07:45:00;7641.50;7641.75;7640.50;7640.50
2026-02-09 07:50:00;7640.25;7641.00;7636.00;7636.00
2026-02-09 07:55:00;7636.25;7638.00;7635.75;7637.25
2026-02-09 08:00:00;7637.50;7639.25;7633.75;7634.25
2026-02-09 08:05:00;7634.50;7635.75;7633.75;7635.50
2026-02-09 08:10:00;7635.75;7637.00;7634.75;7635.75
2026-02-09 08:15:00;7636.00;7636.50;7631.75;7632.00
2026-02-09 08:20:00;7632.25;7633.25;7631.75;7633.25
2026-02-09 08:25:00;7633.25;7636.25;7632.00;7632.25
2026-02-09 08:30:00;7632.25;7634.00;7631.75;7633.75
2026-02-09 08:35:00;7633.50;7639.50;7633.25;7639.50
2026-02-09 08:40:00;7639.50;7643.00;7639.00;7639.75
2026-02-09 08:45:00;7640.00;7640.00;7637.75;7638.00
2026-02-09 08:50:00;7638.00;7639.00;7637.00;7637.25
2026-02-09 08:55:00;7637.50;7641.50;7637.50;7641.25
2026-02-09 09:00:00;7641.25;7645.00;7639.25;7644.00
2026-02-09 09:05:00;7643.75;7647.25;7643.75;7646.75
2026-02-09 09:10:00;7646.75;7647.25;7643.25;7643.75
2026-02-09 09:15:00;7643.50;7646.50;7643.00;7645.75
2026-02-09 09:20:00;7645.50;7645.50;7642.50;7643.00
2026-02-09 09:25:00;7642.75;7643.50;7639.75;7643.00
2026-02-09 09:30:00;7642.75;7643.50;7641.50;7642.75
2026-02-09 09:35:00;7643.00;7643.25;7639.50;7639.75
2026-02-09 09:40:00;7639.75;7641.75;7638.00;7639.00
2026-02-09 09:45:00;7639.00;7640.00;7637.25;7637.50
2026-02-09 09:50:00;7637.50;7640.00;7635.25;7639.25
2026-02-09 09:55:00;7638.75;7640.00;7637.50;7637.50
2026-02-09 10:00:00;7637.50;7642.75;7636.00;7642.75
2026-02-09 10:05:00;7642.50;7643.00;7638.25;7640.00
2026-02-09 10:10:00;7640.25;7642.25;7639.50;7640.00
2026-02-09 10:15:00;7640.00;7642.00;7637.75;7637.75
2026-02-09 10:20:00;7638.00;7638.50;7635.50;7636.50
2026-02-09 10:25:00;7636.50;7638.50;7635.50;7636.50
2026-02-09 10:30:00;7636.75;7639.25;7636.00;7636.25
2026-02-09 10:35:00;7636.25;7637.50;7634.75;7636.50
2026-02-09 10:40:00;7636.75;7637.50;7633.50;7634.25
2026-02-09 10:45:00;7634.25;7634.50;7632.25;7633.00
2026-02-09 10:50:00;7632.75;7633.25;7623.25;7624.25
2026-02-09 10:55:00;7624.50;7627.50;7623.25;7626.50
2026-02-09 11:00:00;7626.50;7631.50;7626.00;7630.25
2026-02-09 11:05:00;7630.25;7633.00;7628.75;7629.50
2026-02-09 11:10:00;7629.50;7630.50;7624.25;7624.50
2026-02-09 11:15:00;7624.50;7628.50;7623.75;7628.25
2026-02-09 11:20:00;7628.00;7628.50;7623.50;7624.75
2026-02-09 11:25:00;7624.50;7626.50;7624.00;7626.00
2026-02-09 11:30:00;7626.00;7626.25;7622.00;7622.75
2026-02-09 11:35:00;7622.50;7624.50;7621.50;7623.25
2026-02-09 11:40:00;7623.50;7624.50;7622.50;7623.00
2026-02-09 11:45:00;7623.00;7624.75;7622.50;7624.50
2026-02-09 11:50:00;7624.25;7625.25;7623.75;7624.25
2026-02-09 11:55:00;7624.50;7626.00;7624.25;7625.75
2026-02-09 12:00:00;7625.75;7626.25;7621.75;7622.00
2026-02-09 12:05:00;7621.75;7622.75;7621.25;7621.50
2026-02-09 12:10:00;7621.50;7626.00;7621.50;7626.00
2026-02-09 12:15:00;7625.75;7626.75;7624.75;7625.25
2026-02-09 12:20:00;7625.00;7626.25;7624.50;7625.50
2026-02-09 12:25:00;7625.25;7628.75;7625.25;7627.00
2026-02-09 12:30:00;7626.75;7627.25;7623.75;7625.50
2026-02-09 12:35:00;7625.50;7626.00;7623.00;7623.50
2026-02-09 12:40:00;7623.25;7624.00;7622.75;7623.25
2026-02-09 12:45:00;7623.50;7625.00;7622.50;7625.00
2026-02-09 12:50:00;7625.00;7625.00;7621.75;7624.25
2026-02-09 12:55:00;7624.25;7626.75;7623.75;7626.75
2026-02-09 13:00:00;7626.50;7627.00;7618.50;7620.00
2026-02-09 13:05:00;7620.00;7630.25;7619.25;7628.25
2026-02-09 13:10:00;7628.00;7635.75;7626.25;7634.25
2026-02-09 13:15:00;7634.25;7635.50;7629.75;7632.75
2026-02-09 13:20:00;7632.50;7634.50;7631.50;7634.25
2026-02-09 13:25:00;7634.25;7638.00;7633.50;7635.75
2026-02-09 13:30:00;7636.00;7640.75;7635.00;7640.50
2026-02-09 13:35:00;7640.75;7641.75;7639.75;7640.50
2026-02-09 13:40:00;7640.25;7640.50;7636.75;7637.75
2026-02-09 13:45:00;7637.75;7639.00;7637.25;7637.75
2026-02-09 13:50:00;7637.75;7641.25;7637.25;7640.00
2026-02-09 13:55:00;7640.25;7646.25;7639.00;7646.25
2026-02-09 14:00:00;7646.25;7647.75;7645.00;7647.50
2026-02-09 14:05:00;7647.50;7651.25;7647.00;7647.00
2026-02-09 14:10:00;7647.00;7654.00;7645.50;7653.00
2026-02-09 14:15:00;7652.50;7653.00;7649.00;7649.25
2026-02-09 14:20:00;7649.25;7658.75;7649.00;7653.25
2026-02-09 14:25:00;7653.25;7653.75;7649.50;7650.25
2026-02-09 14:30:00;7650.00;7650.75;7646.50;7647.50
2026-02-09 14:35:00;7647.50;7648.00;7644.25;7645.50
2026-02-09 14:40:00;7645.50;7646.75;7644.75;7645.25
2026-02-09 14:45:00;7645.25;7645.50;7643.50;7643.75
2026-02-09 14:50:00;7643.75;7644.25;7640.25;7640.75
2026-02-09 14:55:00;7640.75;7641.25;7639.25;7640.25
2026-02-09 15:00:00;7640.00;7643.75;7639.75;7643.00
2026-02-09 15:05:00;7643.00;7645.75;7643.00;7644.50
2026-02-09 15:10:00;7644.25;7645.25;7642.75;7643.75
2026-02-09 15:15:00;7643.75;7646.25;7643.00;7645.25
2026-02-09 15:20:00;7645.50;7649.25;7644.75;7648.75
2026-02-09 15:25:00;7648.75;7654.50;7647.75;7650.50
2026-02-09 15:30:00;7650.50;7652.00;7643.50;7650.00
2026-02-09 15:35:00;7650.00;7651.00;7643.00;7650.75
2026-02-09 15:40:00;7651.00;7654.50;7648.50;7654.25
2026-02-09 15:45:00;7654.00;7655.50;7645.75;7646.75
2026-02-09 15:50:00;7647.00;7652.25;7646.50;7650.50
2026-02-09 15:55:00;7650.50;7657.00;7647.50;7656.75
2026-02-09 16:00:00;7656.50;7664.00;7654.75;7664.00
2026-02-09 16:05:00;7664.00;7667.75;7662.50;7663.50
2026-02-09 16:10:00;7663.50;7669.25;7662.75;7668.75
2026-02-09 16:15:00;7668.75;7676.25;7667.00;7674.75
2026-02-09 16:20:00;7675.00;7680.00;7673.75;7678.50
2026-02-09 16:25:00;7678.25;7682.50;7676.75;7679.50
2026-02-09 16:30:00;7679.25;7682.50;7675.50;7682.50
2026-02-09 16:35:00;7682.25;7685.50;7681.25;7685.50
2026-02-09 16:40:00;7685.50;7690.25;7684.50;7689.50
2026-02-09 16:45:00;7689.50;7690.00;7682.75;7685.00
2026-02-09 16:50:00;7684.75;7685.00;7679.75;7680.75
2026-02-09 16:55:00;7680.75;7682.50;7678.00;7679.75
2026-02-09 17:00:00;7679.50;7683.00;7677.50;7680.75
2026-02-09 17:05:00;7680.75;7682.75;7678.50;7680.75
2026-02-09 17:10:00;7680.50;7684.25;7678.50;7681.75
2026-02-09 17:15:00;7681.75;7686.75;7680.25;7686.25
2026-02-09 17:20:00;7686.25;7687.00;7683.50;7685.25
2026-02-09 17:25:00;7685.25;7690.75;7685.00;7689.50
2026-02-09 17:30:00;7689.75;7691.25;7686.50;7686.50
2026-02-09 17:35:00;7686.50;7688.00;7684.00;7685.25
2026-02-09 17:40:00;7685.25;7686.50;7682.75;7683.00
2026-02-09 17:45:00;7683.00;7683.00;7676.25;7676.75
2026-02-09 17:50:00;7676.75;7682.50;7676.00;7679.00
2026-02-09 17:55:00;7679.00;7686.00;7677.75;7685.75
2026-02-09 18:00:00;7685.50;7685.75;7681.75;7684.50
2026-02-09 18:05:00;7684.50;7685.25;7682.75;7683.75
2026-02-09 18:10:00;7683.75;7685.00;7682.75;7683.25
2026-02-09 18:15:00;7683.50;7683.50;7679.50;7680.75
2026-02-09 18:20:00;7680.75;7682.00;7676.00;7676.25
2026-02-09 18:25:00;7676.25;7677.75;7673.00;7675.00
2026-02-09 18:30:00;7674.75;7679.50;7674.50;7677.50
2026-02-09 18:35:00;7677.25;7679.00;7676.25;7677.00
2026-02-09 18:40:00;7677.00;7677.25;7673.25;7673.25
2026-02-09 18:45:00;7673.25;7676.00;7673.25;7674.75
2026-02-09 18:50:00;7674.75;7678.25;7673.25;7678.00
2026-02-09 18:55:00;7678.00;7678.75;7674.75;7675.50
2026-02-09 19:00:00;7675.50;7681.25;7675.50;7680.75
2026-02-09 19:05:00;7681.00;7681.00;7672.25;7673.25
2026-02-09 19:10:00;7673.00;7677.50;7673.00;7675.50
2026-02-09 19:15:00;7675.50;7676.00;7671.50;7672.25
2026-02-09 19:20:00;7672.25;7674.00;7670.75;7672.50
2026-02-09 19:25:00;7672.75;7675.25;7672.25;7673.75
2026-02-09 19:30:00;7673.75;7674.25;7670.25;7670.25
2026-02-09 19:35:00;7670.50;7672.50;7670.25;7671.00
2026-02-09 19:40:00;7671.00;7676.00;7670.00;7675.50
2026-02-09 19:45:00;7675.75;7679.50;7675.50;7676.50
2026-02-09 19:50:00;7676.75;7677.50;7674.75;7676.25
2026-02-09 19:55:00;7676.25;7679.25;7674.00;7678.00
2026-02-09 20:00:00;7678.25;7679.75;7673.75;7679.50
2026-02-09 20:05:00;7679.25;7680.75;7677.25;7677.50
2026-02-09 20:10:00;7677.25;7679.50;7677.00;7678.50
2026-02-09 20:15:00;7678.25;7687.75;7677.75;7682.50
2026-02-09 20:20:00;7682.50;7683.75;7680.25;7681.25
2026-02-09 20:25:00;7681.25;7681.75;7678.50;7680.00
2026-02-09 20:30:00;7680.00;7681.75;7679.00;7679.25
2026-02-09 20:35:00;7679.25;7680.25;7674.25;7674.50
2026-02-09 20:40:00;7674.50;7675.25;7672.75;7673.75
2026-02-09 20:45:00;7673.75;7676.50;7672.50;7675.50
2026-02-09 20:50:00;7675.50;7676.50;7673.25;7674.75
2026-02-09 20:55:00;7674.75;7677.00;7673.25;7674.50
2026-02-09 21:00:00;7674.25;7676.25;7673.25;7675.25
2026-02-09 21:05:00;7675.50;7679.00;7675.25;7678.75
2026-02-09 21:10:00;7678.75;7681.50;7678.75;7680.50
2026-02-09 21:15:00;7680.50;7680.75;7678.25;7680.75
2026-02-09 21:20:00;7680.50;7680.75;7677.00;7678.75
2026-02-09 21:25:00;7679.00;7681.75;7678.25;7681.00
2026-02-09 21:30:00;7681.25;7681.50;7677.50;7679.25
2026-02-09 21:35:00;7679.25;7680.00;7677.00;7677.25
2026-02-09 21:40:00;7677.00;7680.25;7676.75;7679.75
2026-02-09 21:45:00;7680.00;7681.25;7678.50;7680.00
2026-02-09 21:50:00;7680.00;7681.00;7676.00;7678.75
2026-02-09 21:55:00;7678.75;7679.25;7674.00;7678.25
2026-02-09 22:00:00;7678.25;7680.75;7677.25;7680.25
2026-02-09 22:05:00;7680.25;7682.50;7679.00;7680.75
2026-02-09 22:10:00;7680.75;7681.75;7680.00;7680.25
2026-02-09 22:15:00;7680.25;7680.25;7667.50;7669.75
2026-02-09 22:20:00;7669.75;7672.50;7669.00;7671.75
2026-02-09 22:25:00;7671.50;7673.50;7671.00;7671.25
2026-02-09 22:30:00;7671.25;7671.50;7670.25;7671.50
2026-02-09 22:35:00;7671.25;7672.00;7670.25;7670.50
2026-02-09 22:40:00;7670.50;7672.25;7669.75;7669.75
2026-02-09 22:45:00;7669.75;7672.00;7669.25;7671.50
2026-02-09 22:50:00;7671.50;7672.50;7670.50;7672.25
2026-02-09 22:55:00;7672.00;7672.25;7668.75;7669.25
2026-03-09 00:00:00;7673.50;7674.75;7671.50;7673.50
2026-03-09 00:05:00;7673.50;7673.75;7672.25;7673.50
2026-03-09 00:10:00;7673.75;7677.50;7673.25;7677.25
2026-03-09 00:15:00;7677.00;7677.50;7675.75;7677.25
2026-03-09 00:20:00;7677.50;7680.00;7677.25;7679.25
2026-03-09 00:25:00;7679.00;7679.25;7677.50;7678.25
2026-03-09 00:30:00;7678.25;7678.25;7677.50;7677.75
2026-03-09 00:35:00;7677.75;7678.50;7677.25;7678.00
2026-03-09 00:40:00;7678.25;7678.75;7678.00;7678.00
2026-03-09 00:45:00;7678.00;7678.00;7676.50;7676.75
2026-03-09 00:50:00;7676.50;7676.50;7675.75;7675.75
2026-03-09 00:55:00;7676.00;7676.75;7675.75;7676.00
2026-03-09 01:00:00;7676.25;7677.75;7676.25;7677.00
2026-03-09 01:05:00;7677.25;7677.75;7676.25;7676.50
2026-03-09 01:10:00;7676.25;7677.50;7675.25;7675.50
2026-03-09 01:15:00;7675.50;7675.50;7674.75;7675.25
2026-03-09 01:20:00;7675.25;7676.00;7674.50;7675.75
2026-03-09 01:25:00;7675.50;7676.75;7675.50;7676.75
2026-03-09 01:30:00;7676.75;7678.00;7676.50;7677.00
2026-03-09 01:35:00;7677.25;7677.75;7676.25;7677.50
2026-03-09 01:40:00;7677.50;7677.75;7677.00;7677.75
2026-03-09 01:45:00;7677.75;7681.25;7677.75;7680.00
2026-03-09 01:50:00;7680.00;7681.25;7679.75;7680.25
2026-03-09 01:55:00;7680.25;7680.75;7679.75;7679.75
2026-03-09 02:00:00;7679.75;7679.75;7676.25;7677.50
2026-03-09 02:05:00;7677.25;7677.75;7675.50;7676.25
2026-03-09 02:10:00;7676.50;7677.75;7675.00;7676.00
2026-03-09 02:15:00;7675.75;7675.75;7672.50;7673.50
2026-03-09 02:20:00;7673.25;7673.50;7671.50;7673.25
2026-03-09 02:25:00;7673.00;7674.00;7672.50;7673.25
2026-03-09 02:30:00;7673.25;7673.75;7672.00;7672.25
2026-03-09 02:35:00;7672.50;7673.75;7672.25;7673.25
2026-03-09 02:40:00;7673.50;7673.50;7672.25;7672.75
2026-03-09 02:45:00;7672.75;7673.75;7672.25;7673.25
2026-03-09 02:50:00;7673.25;7673.75;7673.25;7673.50
2026-03-09 02:55:00;7673.50;7673.75;7672.25;7672.75
2026-03-09 03:00:00;7672.50;7674.75;7671.75;7674.75
2026-03-09 03:05:00;7674.75;7677.00;7674.75;7675.75
2026-03-09 03:10:00;7675.75;7677.25;7674.00;7676.75
2026-03-09 03:15:00;7676.50;7679.00;7676.50;7678.50
2026-03-09 03:20:00;7678.25;7678.75;7674.50;7674.50
2026-03-09 03:25:00;7674.50;7676.50;7673.25;7676.50
2026-03-09 03:30:00;7676.25;7679.00;7675.25;7679.00
2026-03-09 03:35:00;7679.00;7679.25;7676.25;7677.00
2026-03-09 03:40:00;7677.25;7677.50;7675.50;7675.75
2026-03-09 03:45:00;7675.50;7677.00;7674.00;7677.00
2026-03-09 03:50:00;7677.00;7677.00;7674.00;7674.00
2026-03-09 03:55:00;7674.75;7674.75;7671.50;7671.75
2026-03-09 04:00:00;7671.75;7673.75;7671.00;7672.75
2026-03-09 04:05:00;7672.75;7676.00;7672.75;7675.75
2026-03-09 04:10:00;7675.75;7679.25;7675.50;7678.50
2026-03-09 04:15:00;7678.50;7679.50;7677.75;7679.00
2026-03-09 04:20:00;7679.00;7679.25;7677.25;7677.50
2026-03-09 04:25:00;7677.50;7678.75;7676.75;7678.50
2026-03-09 04:30:00;7678.50;7680.50;7678.25;7679.50
2026-03-09 04:35:00;7679.50;7679.75;7677.75;7678.25
2026-03-09 04:40:00;7678.25;7678.25;7676.50;7677.00
2026-03-09 04:45:00;7677.00;7679.50;7676.25;7679.50
2026-03-09 04:50:00;7679.25;7679.75;7678.25;7678.50
2026-03-09 04:55:00;7678.75;7679.00;7678.25;7678.75
2026-03-09 05:00:00;7678.50;7680.00;7677.75;7679.75
2026-03-09 05:05:00;7679.50;7680.00;7678.75;7679.00
2026-03-09 05:10:00;7679.00;7680.50;7679.00;7680.25
2026-03-09 05:15:00;7680.25;7683.75;7680.25;7682.75
2026-03-09 05:20:00;7682.75;7683.00;7680.75;7680.75
2026-03-09 05:25:00;7681.00;7682.25;7680.50;7681.25
2026-03-09 05:30:00;7681.25;7682.75;7681.25;7681.75
2026-03-09 05:35:00;7681.75;7682.50;7681.00;7682.50
2026-03-09 05:40:00;7682.25;7682.75;7682.00;7682.00
2026-03-09 05:45:00;7682.00;7682.75;7681.00;7682.25
2026-03-09 05:50:00;7682.25;7683.50;7682.25;7683.25
2026-03-09 05:55:00;7683.25;7683.25;7682.00;7683.00
2026-03-09 06:00:00;7683.00;7683.25;7682.25;7682.25
2026-03-09 06:05:00;7682.25;7684.25;7682.25;7683.75
2026-03-09 06:10:00;7683.75;7684.50;7683.00;7683.25
2026-03-09 06:15:00;7683.50;7683.75;7682.75;7683.50
2026-03-09 06:20:00;7683.50;7683.50;7682.25;7683.50
2026-03-09 06:25:00;7683.50;7683.75;7681.75;7681.75
2026-03-09 06:30:00;7681.75;7683.50;7681.75;7682.75
2026-03-09 06:35:00;7682.75;7683.00;7681.50;7681.75
2026-03-09 06:40:00;7681.75;7682.00;7680.50;7681.25
2026-03-09 06:45:00;7681.25;7682.00;7680.75;7681.00
2026-03-09 06:50:00;7681.25;7681.25;7680.50;7680.75
2026-03-09 06:55:00;7680.75;7680.75;7679.25;7679.75
2026-03-09 07:00:00;7679.50;7679.75;7675.75;7676.00
2026-03-09 07:05:00;7676.00;7676.25;7672.25;7672.75
2026-03-09 07:10:00;7672.75;7673.50;7671.00;7672.00
2026-03-09 07:15:00;7671.75;7672.00;7665.50;7666.25
2026-03-09 07:20:00;7666.25;7666.75;7661.25;7663.50
2026-03-09 07:25:00;7663.75;7665.75;7661.50;7665.25
2026-03-09 07:30:00;7664.75;7671.00;7664.50;7671.00
2026-03-09 07:35:00;7671.00;7671.75;7667.50;7670.50
2026-03-09 07:40:00;7670.50;7671.75;7668.25;7670.75
2026-03-09 07:45:00;7670.75;7675.25;7669.00;7675.25
2026-03-09 07:50:00;7675.25;7678.25;7674.75;7675.75
2026-03-09 07:55:00;7675.75;7679.00;7675.50;7678.75
2026-03-09 08:00:00;7678.75;7679.75;7676.50;7678.75
2026-03-09 08:05:00;7678.50;7680.50;7677.50;7677.50
2026-03-09 08:10:00;7677.75;7677.75;7675.50;7677.00
2026-03-09 08:15:00;7677.25;7678.75;7676.75;7677.50
2026-03-09 08:20:00;7677.25;7678.00;7675.00;7675.25
2026-03-09 08:25:00;7675.25;7677.00;7675.00;7676.75
2026-03-09 08:30:00;7676.50;7677.50;7674.25;7676.00
2026-03-09 08:35:00;7676.25;7677.50;7674.50;7676.00
2026-03-09 08:40:00;7675.75;7677.00;7675.50;7676.25
2026-03-09 08:45:00;7676.25;7676.25;7674.25;7675.00
2026-03-09 08:50:00;7675.00;7675.00;7673.50;7674.00
2026-03-09 08:55:00;7674.00;7674.75;7672.00;7674.25
2026-03-09 09:00:00;7674.25;7679.75;7672.25;7679.50
2026-03-09 09:05:00;7679.50;7683.50;7677.50;7678.25
2026-03-09 09:10:00;7678.25;7680.00;7677.00;7679.50
2026-03-09 09:15:00;7679.50;7680.00;7678.00;7679.25
2026-03-09 09:20:00;7679.00;7680.50;7679.00;7679.75
2026-03-09 09:25:00;7679.75;7679.75;7675.00;7678.25
2026-03-09 09:30:00;7678.50;7681.75;7677.75;7681.50
2026-03-09 09:35:00;7681.75;7684.00;7679.50;7683.75
2026-03-09 09:40:00;7683.75;7686.25;7682.75;7684.75
2026-03-09 09:45:00;7685.00;7685.00;7678.00;7678.00
2026-03-09 09:50:00;7678.25;7683.25;7676.25;7683.00
2026-03-09 09:55:00;7683.00;7684.00;7681.25;7683.00
2026-03-09 10:00:00;7682.75;7691.75;7681.75;7688.25
2026-03-09 10:05:00;7688.25;7694.50;7685.75;7686.00
2026-03-09 10:10:00;7686.25;7689.75;7686.25;7687.25
2026-03-09 10:15:00;7687.00;7687.50;7685.00;7687.50
2026-03-09 10:20:00;7687.00;7688.50;7685.50;7687.25
2026-03-09 10:25:00;7687.00;7690.25;7687.00;7689.25
2026-03-09 10:30:00;7689.25;7689.25;7687.00;7687.50
2026-03-09 10:35:00;7687.50;7688.75;7685.75;7685.75
2026-03-09 10:40:00;7685.75;7687.50;7685.75;7686.00
2026-03-09 10:45:00;7685.75;7687.00;7685.00;7686.75
2026-03-09 10:50:00;7686.50;7686.75;7684.00;7684.75
2026-03-09 10:55:00;7684.50;7685.25;7683.25;7683.50
2026-03-09 11:00:00;7683.50;7685.25;7683.50;7685.00
2026-03-09 11:05:00;7685.00;7685.25;7683.50;7684.75
2026-03-09 11:10:00;7685.00;7686.75;7685.00;7686.25
2026-03-09 11:15:00;7686.50;7686.75;7684.00;7684.50
2026-03-09 11:20:00;7685.00;7685.25;7683.00;7684.25
2026-03-09 11:25:00;7684.00;7684.25;7682.25;7682.25
2026-03-09 11:30:00;7682.25;7683.25;7680.50;7682.00
2026-03-09 11:35:00;7681.75;7681.75;7680.00;7680.50
2026-03-09 11:40:00;7680.50;7680.75;7679.00;7680.00
2026-03-09 11:45:00;7680.00;7680.25;7676.00;7677.00
2026-03-09 11:50:00;7677.00;7678.25;7675.25;7675.25
2026-03-09 11:55:00;7675.50;7676.00;7672.00;7673.50
2026-03-09 12:00:00;7673.75;7677.00;7673.75;7676.00
2026-03-09 12:05:00;7676.00;7677.25;7674.25;7674.50
2026-03-09 12:10:00;7674.25;7675.25;7671.50;7672.50
2026-03-09 12:15:00;7672.25;7673.75;7671.75;7672.75
2026-03-09 12:20:00;7672.75;7672.75;7670.75;7670.75
2026-03-09 12:25:00;7670.75;7672.25;7669.75;7671.25
2026-03-09 12:30:00;7671.25;7673.25;7670.75;7671.00
2026-03-09 12:35:00;7671.00;7672.00;7669.25;7671.50
2026-03-09 12:40:00;7671.50;7673.50;7671.00;7673.00
2026-03-09 12:45:00;7673.00;7673.00;7669.25;7669.50
2026-03-09 12:50:00;7669.50;7672.75;7669.50;7672.50
2026-03-09 12:55:00;7672.50;7673.25;7670.75;7673.25
2026-03-09 13:00:00;7673.25;7675.50;7670.25;7675.50
2026-03-09 13:05:00;7675.25;7681.75;7675.00;7680.75
2026-03-09 13:10:00;7680.75;7681.50;7679.50;7681.00
2026-03-09 13:15:00;7681.00;7685.25;7681.00;7682.25
2026-03-09 13:20:00;7682.25;7684.50;7680.75;7684.25
2026-03-09 13:25:00;7684.25;7684.75;7681.00;7682.50
2026-03-09 13:30:00;7682.50;7684.00;7671.50;7682.50
2026-03-09 13:35:00;7682.25;7682.50;7679.25;7679.25
2026-03-09 13:40:00;7679.00;7680.25;7677.50;7678.75
2026-03-09 13:45:00;7678.75;7678.75;7672.75;7673.00
2026-03-09 13:50:00;7673.25;7674.50;7672.75;7673.50
2026-03-09 13:55:00;7673.25;7675.25;7673.00;7673.75
2026-03-09 14:00:00;7673.50;7677.50;7673.50;7677.00
2026-03-09 14:05:00;7677.25;7678.25;7676.00;7678.25
2026-03-09 14:10:00;7678.00;7680.75;7676.25;7677.00
2026-03-09 14:15:00;7677.25;7678.25;7675.25;7675.75
2026-03-09 14:20:00;7675.75;7681.00;7674.50;7680.00
2026-03-09 14:25:00;7680.00;7683.00;7678.75;7681.00
2026-03-09 14:30:00;7681.25;7701.50;7680.75;7693.25
2026-03-09 14:35:00;7693.25;7693.50;7688.75;7692.50
2026-03-09 14:40:00;7692.50;7693.25;7689.25;7690.75
2026-03-09 14:45:00;7690.75;7694.00;7690.25;7693.50
2026-03-09 14:50:00;7693.50;7700.50;7693.00;7699.50
2026-03-09 14:55:00;7699.50;7704.00;7699.50;7701.25
2026-03-09 15:00:00;7701.25;7701.25;7695.25;7697.25
2026-03-09 15:05:00;7697.25;7699.25;7694.00;7696.00
2026-03-09 15:10:00;7696.25;7703.75;7695.75;7702.25
2026-03-09 15:15:00;7702.00;7703.75;7697.25;7697.50
2026-03-09 15:20:00;7697.50;7701.00;7697.00;7701.00
2026-03-09 15:25:00;7700.75;7706.25;7699.25;7704.00
2026-03-09 15:30:00;7704.25;7718.00;7704.25;7715.00
2026-03-09 15:35:00;7715.25;7723.50;7710.75;7723.00
2026-03-09 15:40:00;7722.75;7724.50;7719.25;7723.50
2026-03-09 15:45:00;7723.25;7725.50;7720.00;7722.50
2026-03-09 15:50:00;7722.25;7726.50;7719.00;7721.75
2026-03-09 15:55:00;7721.75;7722.00;7717.00;7722.00
2026-03-09 16:00:00;7721.75;7722.00;7706.50;7706.75
2026-03-09 16:05:00;7707.00;7709.00;7700.50;7703.50
2026-03-09 16:10:00;7703.50;7709.25;7700.50;7709.25
2026-03-09 16:15:00;7709.00;7714.25;7707.50;7714.00
2026-03-09 16:20:00;7714.00;7716.25;7710.50;7714.25
2026-03-09 16:25:00;7714.00;7715.25;7710.50;7712.25
2026-03-09 16:30:00;7712.25;7715.25;7703.75;7704.00
2026-03-09 16:35:00;7704.25;7710.50;7703.75;7707.00
2026-03-09 16:40:00;7707.00;7712.25;7705.50;7707.25
2026-03-09 16:45:00;7707.25;7713.25;7705.75;7712.75
2026-03-09 16:50:00;7712.75;7714.00;7707.50;7711.75
2026-03-09 16:55:00;7711.75;7719.00;7700.00;7718.25
2026-03-09 17:00:00;7718.25;7730.50;7718.00;7730.25
2026-03-09 17:05:00;7730.50;7734.75;7730.00;7733.25
2026-03-09 17:10:00;7733.25;7741.25;7732.50;7741.25
2026-03-09 17:15:00;7741.50;7746.75;7741.00;7746.25
2026-03-09 17:20:00;7746.25;7748.50;7740.75;7746.75
2026-03-09 17:25:00;7746.75;7756.00;7746.25;7755.50
2026-03-09 17:30:00;7755.50;7758.50;7752.50;7754.75
2026-03-09 17:35:00;7755.00;7756.00;7750.25;7750.75
2026-03-09 17:40:00;7750.75;7754.75;7749.00;7752.25
2026-03-09 17:45:00;7752.25;7756.25;7752.00;7755.75
2026-03-09 17:50:00;7755.75;7759.00;7755.50;7757.75
2026-03-09 17:55:00;7757.75;7759.50;7755.75;7759.50
2026-03-09 18:00:00;7759.50;7759.50;7753.75;7754.00
2026-03-09 18:05:00;7754.00;7755.00;7750.75;7751.25
2026-03-09 18:10:00;7751.00;7753.00;7749.75;7752.75
2026-03-09 18:15:00;7752.75;7754.75;7751.25;7753.25
2026-03-09 18:20:00;7753.00;7754.25;7750.50;7751.25
2026-03-09 18:25:00;7751.00;7751.25;7748.00;7750.25
2026-03-09 18:30:00;7750.25;7752.00;7748.75;7750.50
2026-03-09 18:35:00;7750.50;7756.50;7749.50;7755.75
2026-03-09 18:40:00;7755.75;7758.25;7755.25;7757.50
2026-03-09 18:45:00;7757.50;7758.25;7756.00;7757.00
2026-03-09 18:50:00;7757.00;7757.25;7753.25;7754.25
2026-03-09 18:55:00;7754.25;7756.00;7753.25;7755.00
2026-03-09 19:00:00;7755.00;7756.00;7752.50;7753.75
2026-03-09 19:05:00;7754.00;7754.75;7750.00;7750.25
2026-03-09 19:10:00;7750.00;7751.00;7749.00;7750.25
2026-03-09 19:15:00;7750.25;7751.50;7749.00;7749.25
2026-03-09 19:20:00;7749.25;7749.25;7747.00;7748.75
2026-03-09 19:25:00;7748.50;7752.75;7748.50;7752.50
2026-03-09 19:30:00;7752.25;7755.25;7752.25;7754.25
2026-03-09 19:35:00;7754.50;7757.25;7754.00;7756.00
2026-03-09 19:40:00;7756.00;7757.75;7755.75;7756.50
2026-03-09 19:45:00;7756.50;7757.75;7754.75;7756.00
2026-03-09 19:50:00;7755.75;7761.00;7755.25;7760.25
2026-03-09 19:55:00;7760.00;7761.00;7758.00;7758.75
2026-03-09 20:00:00;7758.75;7765.50;7758.50;7763.50
2026-03-09 20:05:00;7763.75;7765.25;7762.50;7764.00
2026-03-09 20:10:00;7764.00;7765.25;7763.00;7764.00
2026-03-09 20:15:00;7764.25;7766.50;7762.25;7763.00
2026-03-09 20:20:00;7763.25;7764.25;7761.25;7763.25
2026-03-09 20:25:00;7763.50;7764.50;7762.25;7763.00
2026-03-09 20:30:00;7763.25;7764.75;7761.50;7764.25
2026-03-09 20:35:00;7764.25;7765.00;7763.50;7763.75
2026-03-09 20:40:00;7763.75;7764.00;7761.00;7761.75
2026-03-09 20:45:00;7761.75;7763.75;7761.75;7763.50
2026-03-09 20:50:00;7763.25;7764.25;7761.25;7762.00
2026-03-09 20:55:00;7762.00;7762.50;7759.75;7762.50
2026-03-09 21:00:00;7762.50;7763.00;7760.00;7761.75
2026-03-09 21:05:00;7761.75;7762.75;7760.50;7761.50
2026-03-09 21:10:00;7761.50;7762.25;7758.75;7759.50
2026-03-09 21:15:00;7759.25;7761.50;7758.50;7761.50
2026-03-09 21:20:00;7761.50;7761.75;7756.75;7757.50
2026-03-09 21:25:00;7757.50;7759.75;7757.00;7759.75
2026-03-09 21:30:00;7759.75;7761.00;7758.00;7758.25
2026-03-09 21:35:00;7758.25;7761.00;7758.25;7759.75
2026-03-09 21:40:00;7759.50;7760.75;7757.25;7757.50
2026-03-09 21:45:00;7757.50;7759.50;7756.50;7757.75
2026-03-09 21:50:00;7757.75;7759.00;7755.75;7757.50
2026-03-09 21:55:00;7757.75;7757.75;7752.00;7756.25
2026-03-09 22:00:00;7756.00;7757.00;7751.00;7753.00
2026-03-09 22:05:00;7753.25;7754.75;7752.00;7753.75
2026-03-09 22:10:00;7754.00;7754.25;7752.50;7753.50
2026-03-09 22:15:00;7753.50;7753.75;7750.75;7750.75
2026-03-09 22:20:00;7750.75;7751.25;7750.00;7750.25
2026-03-09 22:25:00;7750.25;7751.00;7750.00;7750.25
2026-03-09 22:30:00;7750.25;7751.25;7750.00;7751.00
2026-03-09 22:35:00;7751.00;7752.00;7750.75;7751.00
2026-03-09 22:40:00;7750.75;7751.50;7750.50;7750.75
2026-03-09 22:45:00;7750.50;7751.00;7749.00;7749.25
2026-03-09 22:50:00;7749.25;7749.50;7748.00;7749.25
2026-03-09 22:55:00;7749.50;7750.00;7748.75;7749.25
2026-04-09 00:00:00;7749.75;7751.75;7749.00;7750.00
2026-04-09 00:05:00;7750.00;7750.25;7748.25;7748.50
2026-04-09 00:10:00;7748.50;7750.25;7748.25;7749.50
2026-04-09 00:15:00;7749.50;7751.75;7749.50;7751.00
2026-04-09 00:20:00;7751.00;7751.00;7750.00;7750.75
2026-04-09 00:25:00;7750.50;7751.25;7749.75;7751.00
2026-04-09 00:30:00;7750.75;7752.25;7750.75;7752.25
2026-04-09 00:35:00;7752.25;7752.50;7751.50;7751.75
2026-04-09 00:40:00;7751.75;7752.00;7751.25;7751.75
2026-04-09 00:45:00;7751.75;7752.25;7751.50;7751.75
2026-04-09 00:50:00;7751.75;7752.50;7751.75;7752.00
2026-04-09 00:55:00;7752.25;7753.25;7752.25;7753.00
2026-04-09 01:00:00;7753.00;7753.50;7752.50;7753.50
2026-04-09 01:05:00;7753.25;7753.75;7752.50;7753.50
2026-04-09 01:10:00;7753.50;7753.75;7752.25;7752.50
2026-04-09 01:15:00;7752.50;7752.75;7751.25;7752.75
2026-04-09 01:20:00;7752.75;7752.75;7752.00;7752.25
2026-04-09 01:25:00;7752.50;7753.25;7752.25;7752.75
2026-04-09 01:30:00;7752.75;7753.00;7752.00;7752.25
2026-04-09 01:35:00;7752.50;7752.75;7752.25;7752.75
2026-04-09 01:40:00;7752.75;7753.50;7752.75;7752.75
2026-04-09 01:45:00;7752.75;7754.00;7752.50;7753.50
2026-04-09 01:50:00;7753.50;7754.25;7752.00;7752.25
2026-04-09 01:55:00;7752.50;7753.25;7752.25;7752.75
2026-04-09 02:00:00;7752.50;7752.50;7750.50;7752.25
2026-04-09 02:05:00;7752.25;7753.25;7751.75;7752.75
2026-04-09 02:10:00;7752.50;7754.00;7751.75;7752.25
2026-04-09 02:15:00;7752.00;7753.75;7751.25;7753.50
2026-04-09 02:20:00;7753.75;7755.00;7753.50;7754.75
2026-04-09 02:25:00;7754.50;7754.75;7753.00;7754.00
2026-04-09 02:30:00;7754.00;7755.00;7753.50;7754.50
2026-04-09 02:35:00;7754.25;7755.00;7753.50;7755.00
2026-04-09 02:40:00;7754.75;7755.00;7754.50;7754.75
2026-04-09 02:45:00;7754.75;7756.00;7754.75;7756.00
2026-04-09 02:50:00;7755.75;7757.00;7755.75;7756.75
2026-04-09 02:55:00;7756.50;7756.50;7756.00;7756.00
2026-04-09 03:00:00;7756.00;7756.00;7753.75;7754.75
2026-04-09 03:05:00;7754.75;7755.25;7754.25;7755.00
2026-04-09 03:10:00;7754.75;7755.25;7753.50;7754.00
2026-04-09 03:15:00;7754.00;7754.75;7753.00;7754.50
2026-04-09 03:20:00;7754.50;7756.50;7754.50;7756.00
2026-04-09 03:25:00;7756.00;7756.50;7754.75;7756.00
2026-04-09 03:30:00;7756.00;7756.50;7755.50;7756.50
2026-04-09 03:35:00;7756.50;7757.25;7755.50;7755.75
2026-04-09 03:40:00;7755.75;7757.00;7755.25;7756.75
2026-04-09 03:45:00;7756.75;7756.75;7755.25;7755.25
2026-04-09 03:50:00;7755.25;7755.50;7754.50;7754.75
2026-04-09 03:55:00;7754.50;7756.75;7753.75;7756.50
2026-04-09 04:00:00;7756.50;7756.75;7755.00;7755.75
2026-04-09 04:05:00;7755.50;7756.75;7755.50;7756.75
2026-04-09 04:10:00;7756.50;7757.50;7756.50;7757.00
2026-04-09 04:15:00;7757.00;7757.00;7756.50;7757.00
2026-04-09 04:20:00;7757.00;7757.50;7756.25;7757.25
2026-04-09 04:25:00;7757.50;7757.75;7757.00;7757.25
2026-04-09 04:30:00;7757.50;7758.75;7756.75;7756.75
2026-04-09 04:35:00;7756.50;7757.00;7755.75;7757.00
2026-04-09 04:40:00;7757.25;7757.50;7756.25;7756.50
2026-04-09 04:45:00;7756.50;7757.50;7756.00;7757.25
2026-04-09 04:50:00;7757.50;7758.25;7757.25;7758.25
2026-04-09 04:55:00;7758.50;7758.50;7758.00;7758.00
2026-04-09 05:00:00;7758.00;7758.25;7757.75;7757.75
2026-04-09 05:05:00;7757.75;7758.00;7757.50;7757.50
2026-04-09 05:10:00;7757.50;7757.50;7756.75;7757.25
2026-04-09 05:15:00;7757.25;7758.75;7757.25;7758.75
2026-04-09 05:20:00;7758.50;7759.25;7757.50;7757.75
2026-04-09 05:25:00;7758.00;7758.25;7757.50;7757.75
2026-04-09 05:30:00;7758.00;7758.75;7758.00;7758.50
2026-04-09 05:35:00;7758.50;7759.25;7758.50;7758.75
2026-04-09 05:40:00;7759.00;7759.00;7757.75;7757.75
2026-04-09 05:45:00;7757.75;7758.00;7757.00;7757.75
2026-04-09 05:50:00;7757.75;7758.00;7757.50;7758.00
2026-04-09 05:55:00;7757.75;7758.25;7757.50;7757.50
2026-04-09 06:00:00;7757.75;7758.00;7756.50;7756.75
2026-04-09 06:05:00;7756.75;7757.50;7756.00;7757.50
2026-04-09 06:10:00;7757.50;7759.00;7757.25;7758.75
2026-04-09 06:15:00;7758.75;7758.75;7757.75;7758.00
2026-04-09 06:20:00;7758.00;7759.75;7758.00;7759.50
2026-04-09 06:25:00;7759.50;7761.00;7759.25;7760.75
2026-04-09 06:30:00;7760.75;7761.75;7760.50;7761.50
2026-04-09 06:35:00;7761.50;7761.50;7760.00;7760.25
2026-04-09 06:40:00;7760.25;7760.25;7759.75;7760.25
2026-04-09 06:45:00;7760.25;7760.50;7759.50;7759.75
2026-04-09 06:50:00;7759.50;7760.50;7759.50;7760.50
2026-04-09 06:55:00;7760.50;7761.50;7760.25;7761.25
2026-04-09 07:00:00;7761.25;7761.75;7760.50;7761.50
2026-04-09 07:05:00;7761.25;7762.75;7761.25;7762.25
2026-04-09 07:10:00;7762.25;7763.25;7761.75;7762.75
2026-04-09 07:15:00;7762.75;7764.50;7762.50;7764.25
2026-04-09 07:20:00;7764.00;7764.50;7762.75;7763.50
2026-04-09 07:25:00;7763.75;7764.00;7762.25;7762.50
2026-04-09 07:30:00;7762.50;7763.50;7762.00;7763.50
2026-04-09 07:35:00;7763.50;7763.75;7762.75;7763.50
2026-04-09 07:40:00;7763.50;7763.50;7762.00;7762.25
2026-04-09 07:45:00;7762.50;7763.00;7761.00;7761.00
2026-04-09 07:50:00;7761.00;7761.00;7759.50;7760.25
2026-04-09 07:55:00;7760.00;7762.00;7759.75;7761.50
2026-04-09 08:00:00;7761.25;7762.25;7760.75;7761.25
2026-04-09 08:05:00;7761.25;7762.00;7760.75;7761.50
2026-04-09 08:10:00;7761.50;7763.75;7761.50;7763.50
2026-04-09 08:15:00;7763.50;7763.50;7760.75;7762.00
2026-04-09 08:20:00;7762.00;7763.25;7762.00;7763.00
2026-04-09 08:25:00;7763.00;7764.00;7762.50;7762.75
2026-04-09 08:30:00;7762.50;7762.75;7760.00;7760.50
2026-04-09 08:35:00;7760.50;7760.75;7759.25;7759.75
2026-04-09 08:40:00;7759.75;7760.50;7759.00;7759.50
2026-04-09 08:45:00;7759.50;7759.50;7757.25;7757.50
2026-04-09 08:50:00;7757.50;7757.50;7756.00;7756.50
2026-04-09 08:55:00;7756.50;7756.50;7755.00;7755.75
2026-04-09 09:00:00;7755.75;7757.00;7754.75;7756.25
2026-04-09 09:05:00;7756.25;7757.75;7755.00;7757.25
2026-04-09 09:10:00;7757.50;7759.25;7757.25;7758.25
2026-04-09 09:15:00;7758.50;7759.25;7756.25;7759.00
2026-04-09 09:20:00;7759.00;7759.50;7757.75;7758.50
2026-04-09 09:25:00;7758.25;7759.75;7757.00;7759.50
2026-04-09 09:30:00;7759.75;7761.50;7759.75;7761.00
2026-04-09 09:35:00;7761.25;7761.25;7759.25;7760.75
2026-04-09 09:40:00;7760.75;7762.75;7760.75;7762.00
2026-04-09 09:45:00;7761.75;7763.00;7761.50;7763.00
2026-04-09 09:50:00;7762.75;7762.75;7760.25;7760.25
2026-04-09 09:55:00;7760.50;7760.50;7758.75;7759.75
2026-04-09 10:00:00;7760.00;7761.00;7758.50;7759.00
2026-04-09 10:05:00;7759.00;7760.50;7758.50;7758.50
2026-04-09 10:10:00;7758.75;7761.00;7758.50;7759.25
2026-04-09 10:15:00;7759.50;7760.25;7759.00;7759.75
2026-04-09 10:20:00;7759.75;7760.75;7759.50;7759.50
2026-04-09 10:25:00;7759.50;7761.75;7758.75;7761.50
2026-04-09 10:30:00;7761.50;7762.25;7760.25;7760.25
2026-04-09 10:35:00;7760.50;7761.00;7759.00;7759.75
2026-04-09 10:40:00;7760.00;7761.25;7759.75;7761.00
2026-04-09 10:45:00;7761.00;7761.50;7759.75;7760.25
2026-04-09 10:50:00;7760.25;7762.25;7760.00;7761.75
2026-04-09 10:55:00;7761.75;7763.00;7761.25;7762.00
2026-04-09 11:00:00;7762.00;7762.25;7760.75;7761.75
2026-04-09 11:05:00;7761.75;7761.75;7760.00;7760.50
2026-04-09 11:10:00;7760.50;7760.75;7757.75;7758.00
2026-04-09 11:15:00;7758.00;7759.00;7757.75;7758.75
2026-04-09 11:20:00;7758.50;7758.50;7755.50;7755.75
2026-04-09 11:25:00;7755.75;7757.00;7755.50;7756.50
2026-04-09 11:30:00;7756.50;7757.25;7755.50;7756.75
2026-04-09 11:35:00;7756.75;7757.75;7756.75;7757.75
2026-04-09 11:40:00;7757.75;7758.75;7757.75;7758.00
2026-04-09 11:45:00;7758.00;7759.00;7757.75;7758.25
2026-04-09 11:50:00;7758.25;7759.00;7757.75;7758.25
2026-04-09 11:55:00;7758.25;7759.75;7757.50;7758.25
2026-04-09 12:00:00;7758.25;7759.25;7758.25;7759.00
2026-04-09 12:05:00;7758.75;7759.75;7758.25;7759.75
2026-04-09 12:10:00;7759.50;7760.75;7758.75;7760.00
2026-04-09 12:15:00;7760.00;7760.25;7759.25;7760.00
2026-04-09 12:20:00;7760.00;7760.25;7759.50;7760.25
2026-04-09 12:25:00;7760.50;7763.25;7760.00;7761.25
2026-04-09 12:30:00;7761.00;7761.00;7759.50;7759.50
2026-04-09 12:35:00;7759.50;7760.75;7759.00;7760.75
2026-04-09 12:40:00;7760.75;7762.25;7760.00;7761.25
2026-04-09 12:45:00;7761.00;7763.75;7761.00;7762.25
2026-04-09 12:50:00;7762.25;7762.50;7761.50;7762.25
2026-04-09 12:55:00;7762.00;7762.25;7761.25;7761.75
2026-04-09 13:00:00;7761.75;7762.25;7757.75;7758.50
2026-04-09 13:05:00;7758.25;7759.50;7758.00;7758.00
2026-04-09 13:10:00;7757.75;7758.50;7757.25;7758.25
2026-04-09 13:15:00;7758.25;7759.25;7758.25;7758.50
2026-04-09 13:20:00;7758.75;7759.50;7758.25;7759.00
2026-04-09 13:25:00;7759.00;7760.50;7758.50;7758.50
2026-04-09 13:30:00;7758.75;7760.75;7758.75;7759.75
2026-04-09 13:35:00;7760.00;7760.50;7759.50;7759.75
2026-04-09 13:40:00;7759.75;7761.00;7759.50;7760.50
2026-04-09 13:45:00;7760.50;7762.00;7760.25;7761.50
2026-04-09 13:50:00;7761.50;7762.25;7761.00;7762.00
2026-04-09 13:55:00;7762.00;7764.00;7761.75;7762.00
2026-04-09 14:00:00;7762.00;7763.00;7754.75;7755.00
2026-04-09 14:05:00;7755.00;7756.75;7750.75;7755.00
2026-04-09 14:10:00;7755.25;7755.75;7749.75;7750.25
2026-04-09 14:15:00;7750.25;7753.25;7748.50;7753.00
2026-04-09 14:20:00;7753.00;7755.75;7753.00;7755.75
2026-04-09 14:25:00;7755.50;7761.50;7754.50;7758.75
2026-04-09 14:30:00;7760.75;7762.00;7732.00;7738.00
2026-04-09 14:35:00;7738.25;7743.25;7736.75;7740.50
2026-04-09 14:40:00;7740.50;7744.50;7739.00;7739.50
2026-04-09 14:45:00;7739.75;7740.00;7731.25;7734.75
2026-04-09 14:50:00;7734.75;7740.50;7734.00;7736.50
2026-04-09 14:55:00;7736.50;7739.25;7735.00;7738.25
2026-04-09 15:00:00;7738.25;7739.50;7733.75;7736.25
2026-04-09 15:05:00;7736.25;7739.50;7735.25;7736.25
2026-04-09 15:10:00;7736.50;7738.75;7735.25;7738.50
2026-04-09 15:15:00;7738.25;7741.25;7737.75;7739.75
2026-04-09 15:20:00;7739.75;7743.25;7739.25;7743.25
2026-04-09 15:25:00;7743.00;7743.00;7740.50;7742.00
2026-04-09 15:30:00;7742.25;7750.50;7740.75;7749.00
2026-04-09 15:35:00;7749.00;7751.00;7744.75;7746.75
2026-04-09 15:40:00;7746.75;7747.25;7739.75;7743.50
2026-04-09 15:45:00;7743.50;7748.25;7740.25;7747.25
2026-04-09 15:50:00;7747.00;7747.00;7741.75;7745.75
2026-04-09 15:55:00;7745.75;7747.75;7743.00;7745.00
2026-04-09 16:00:00;7745.00;7745.50;7740.00;7741.75
2026-04-09 16:05:00;7741.75;7743.25;7736.75;7737.25
2026-04-09 16:10:00;7737.25;7738.75;7730.25;7738.50
2026-04-09 16:15:00;7738.25;7739.00;7731.50;7731.50
2026-04-09 16:20:00;7731.75;7734.50;7730.50;7732.75
2026-04-09 16:25:00;7733.00;7735.00;7729.50;7734.25
2026-04-09 16:30:00;7734.25;7735.25;7729.50;7730.00
2026-04-09 16:35:00;7730.00;7733.75;7729.75;7733.25
2026-04-09 16:40:00;7733.25;7733.25;7724.50;7725.00
2026-04-09 16:45:00;7725.00;7727.00;7719.50;7719.75
2026-04-09 16:50:00;7719.50;7723.50;7717.25;7717.50
2026-04-09 16:55:00;7717.75;7719.75;7715.00;7716.25
2026-04-09 17:00:00;7716.25;7718.25;7712.25;7717.00
2026-04-09 17:05:00;7716.75;7719.50;7715.50;7718.50
2026-04-09 17:10:00;7718.50;7721.50;7716.00;7721.25
2026-04-09 17:15:00;7721.25;7722.00;7714.50;7715.25
2026-04-09 17:20:00;7715.50;7716.50;7712.75;7714.75
2026-04-09 17:25:00;7714.75;7717.00;7713.00;7716.25
2026-04-09 17:30:00;7716.50;7716.75;7711.75;7714.00
2026-04-09 17:35:00;7714.00;7717.25;7713.75;7717.00
2026-04-09 17:40:00;7717.25;7722.50;7716.50;7721.75
2026-04-09 17:45:00;7721.75;7722.75;7718.25;7720.00
2026-04-09 17:50:00;7720.00;7721.75;7718.75;7721.00
2026-04-09 17:55:00;7720.75;7722.25;7718.25;7721.25
2026-04-09 18:00:00;7721.25;7723.25;7720.25;7722.75
2026-04-09 18:05:00;7722.75;7726.25;7721.00;7725.50
2026-04-09 18:10:00;7725.50;7729.50;7724.75;7729.25
2026-04-09 18:15:00;7729.50;7730.75;7727.50;7730.50
2026-04-09 18:20:00;7730.50;7733.50;7729.75;7730.50
2026-04-09 18:25:00;7730.75;7730.75;7727.75;7728.50
2026-04-09 18:30:00;7728.50;7731.25;7727.25;7731.00
2026-04-09 18:35:00;7731.00;7731.25;7728.75;7729.50
2026-04-09 18:40:00;7729.75;7731.75;7729.00;7731.25
2026-04-09 18:45:00;7731.25;7734.25;7730.75;7734.00
2026-04-09 18:50:00;7734.00;7735.25;7732.50;7732.75
2026-04-09 18:55:00;7732.75;7733.50;7730.50;7730.75
2026-04-09 19:00:00;7730.75;7731.50;7725.50;7726.25
2026-04-09 19:05:00;7726.25;7728.50;7725.25;7725.25
2026-04-09 19:10:00;7725.25;7726.75;7724.75;7725.50
2026-04-09 19:15:00;7725.50;7726.75;7724.00;7724.75
2026-04-09 19:20:00;7724.50;7725.75;7722.50;7723.00
2026-04-09 19:25:00;7722.75;7724.00;7719.75;7720.50
2026-04-09 19:30:00;7720.50;7720.50;7716.25;7718.25
2026-04-09 19:35:00;7718.25;7719.25;7717.00;7718.50
2026-04-09 19:40:00;7718.50;7718.50;7714.50;7715.00
2026-04-09 19:45:00;7714.75;7717.00;7712.75;7715.50
2026-04-09 19:50:00;7715.50;7716.75;7714.50;7715.50
2026-04-09 19:55:00;7715.50;7717.00;7714.50;7716.25
2026-04-09 20:00:00;7716.00;7717.75;7713.75;7715.00
2026-04-09 20:05:00;7715.00;7717.75;7713.50;7717.75
2026-04-09 20:10:00;7717.75;7719.00;7717.00;7718.25
2026-04-09 20:15:00;7718.25;7720.00;7717.50;7719.50
2026-04-09 20:20:00;7719.75;7721.50;7719.00;7720.50
2026-04-09 20:25:00;7720.75;7721.50;7719.25;7720.50
2026-04-09 20:30:00;7720.75;7722.25;7720.25;7721.75
2026-04-09 20:35:00;7721.75;7722.00;7719.50;7720.50
2026-04-09 20:40:00;7720.50;7723.75;7719.50;7723.25
2026-04-09 20:45:00;7723.50;7724.50;7722.50;7724.25
2026-04-09 20:50:00;7724.25;7725.00;7723.25;7724.00
2026-04-09 20:55:00;7724.25;7725.75;7723.25;7724.25
2026-04-09 21:00:00;7724.25;7726.00;7718.25;7718.75
2026-04-09 21:05:00;7719.00;7720.00;7718.00;7718.50
2026-04-09 21:10:00;7718.75;7720.00;7717.50;7718.00
2026-04-09 21:15:00;7718.00;7719.50;7717.50;7718.00
2026-04-09 21:20:00;7718.00;7720.00;7717.75;7719.25
2026-04-09 21:25:00;7719.00;7722.50;7719.00;7722.00
2026-04-09 21:30:00;7721.75;7722.50;7720.25;7721.75
2026-04-09 21:35:00;7721.75;7721.75;7718.00;7719.50
2026-04-09 21:40:00;7719.25;7721.25;7718.50;7720.75
2026-04-09 21:45:00;7721.00;7724.00;7720.50;7723.25
2026-04-09 21:50:00;7723.25;7726.00;7722.50;7725.50
2026-04-09 21:55:00;7725.75;7726.75;7719.25;7723.75
2026-04-09 22:00:00;7723.75;7724.25;7718.75;7718.75
2026-04-09 22:05:00;7719.00;7719.25;7716.25;7717.50
2026-04-09 22:10:00;7717.25;7719.75;7717.25;7718.50
2026-04-09 22:15:00;7718.75;7719.25;7717.50;7717.75
2026-04-09 22:20:00;7718.00;7718.25;7716.00;7716.50
2026-04-09 22:25:00;7716.50;7716.75;7716.00;7716.25
2026-04-09 22:30:00;7716.25;7716.50;7713.75;7714.75
2026-04-09 22:35:00;7714.75;7715.75;7714.00;7714.50
2026-04-09 22:40:00;7714.50;7715.75;7714.25;7715.75
2026-04-09 22:45:00;7716.00;7716.50;7714.75;7715.00
2026-04-09 22:50:00;7715.00;7717.00;7714.50;7716.50
2026-04-09 22:55:00;7716.50;7716.75;7714.50;7715.00
2026-07-09 00:00:00;7715.50;7723.75;7715.25;7721.50
2026-07-09 00:05:00;7721.50;7722.25;7720.75;7721.50
2026-07-09 00:10:00;7721.25;7722.25;7721.25;7721.75
2026-07-09 00:15:00;7721.50;7722.25;7721.25;7721.50
2026-07-09 00:20:00;7721.75;7722.00;7721.25;7721.75
2026-07-09 00:25:00;7721.75;7722.25;7721.25;7721.25
2026-07-09 00:30:00;7721.50;7722.50;7721.00;7721.50
2026-07-09 00:35:00;7721.50;7722.25;7721.00;7722.00
2026-07-09 00:40:00;7722.00;7722.50;7721.75;7721.75
2026-07-09 00:45:00;7722.00;7722.25;7721.75;7722.00
2026-07-09 00:50:00;7722.00;7723.00;7722.00;7722.50
2026-07-09 00:55:00;7722.50;7722.75;7722.00;7722.00
2026-07-09 01:00:00;7722.00;7722.25;7721.50;7722.25
2026-07-09 01:05:00;7722.25;7723.00;7721.50;7721.50
2026-07-09 01:10:00;7721.50;7721.75;7721.25;7721.25
2026-07-09 01:15:00;7721.25;7722.00;7720.75;7721.75
2026-07-09 01:20:00;7721.75;7722.00;7720.25;7720.50
2026-07-09 01:25:00;7720.50;7720.50;7719.50;7720.00
2026-07-09 01:30:00;7719.75;7720.50;7719.00;7719.00
2026-07-09 01:35:00;7719.25;7722.50;7719.25;7721.50
2026-07-09 01:40:00;7721.75;7722.25;7720.75;7722.00
2026-07-09 01:45:00;7722.00;7722.50;7720.75;7722.00
2026-07-09 01:50:00;7722.00;7722.00;7721.25;7721.25
2026-07-09 01:55:00;7721.25;7721.25;7719.00;7720.00
2026-07-09 02:00:00;7720.00;7720.50;7718.25;7718.75
2026-07-09 02:05:00;7718.75;7723.00;7718.75;7721.50
2026-07-09 02:10:00;7721.25;7723.25;7721.00;7721.75
2026-07-09 02:15:00;7721.75;7722.50;7719.75;7720.00
2026-07-09 02:20:00;7720.00;7720.25;7718.50;7718.50
2026-07-09 02:25:00;7718.50;7720.25;7718.00;7718.25
2026-07-09 02:30:00;7718.25;7718.75;7717.25;7717.50
2026-07-09 02:35:00;7717.25;7718.75;7716.25;7717.00
2026-07-09 02:40:00;7717.00;7719.50;7716.50;7718.75
2026-07-09 02:45:00;7718.75;7719.75;7718.75;7719.50
2026-07-09 02:50:00;7719.50;7719.50;7717.50;7718.75
2026-07-09 02:55:00;7719.00;7719.00;7716.50;7716.75
2026-07-09 03:00:00;7717.00;7719.50;7716.00;7719.50
2026-07-09 03:05:00;7719.75;7720.25;7715.75;7715.75
2026-07-09 03:10:00;7716.00;7716.75;7715.50;7716.50
2026-07-09 03:15:00;7716.25;7716.75;7715.25;7716.00
2026-07-09 03:20:00;7716.25;7717.00;7715.25;7717.00
2026-07-09 03:25:00;7717.00;7719.75;7716.50;7719.75
2026-07-09 03:30:00;7719.75;7721.00;7718.75;7720.50
2026-07-09 03:35:00;7720.50;7721.00;7719.25;7721.00
2026-07-09 03:40:00;7720.75;7721.25;7719.50;7720.00
2026-07-09 03:45:00;7720.00;7720.25;7719.25;7719.75
2026-07-09 03:50:00;7719.75;7720.25;7719.00;7720.00
2026-07-09 03:55:00;7719.75;7720.50;7719.25;7720.25
2026-07-09 04:00:00;7720.50;7720.75;7718.75;7719.00
2026-07-09 04:05:00;7719.25;7720.00;7719.00;7719.75
2026-07-09 04:10:00;7719.75;7719.75;7718.50;7719.25
2026-07-09 04:15:00;7719.50;7719.75;7718.25;7718.50
2026-07-09 04:20:00;7718.50;7718.75;7717.00;7717.75
2026-07-09 04:25:00;7718.00;7719.50;7717.50;7719.00
2026-07-09 04:30:00;7719.00;7720.75;7719.00;7720.75
2026-07-09 04:35:00;7720.75;7721.50;7720.75;7721.50
2026-07-09 04:40:00;7721.50;7721.75;7720.25;7720.50
2026-07-09 04:45:00;7720.50;7720.50;7719.75;7720.50
2026-07-09 04:50:00;7720.25;7720.25;7717.75;7718.00
2026-07-09 04:55:00;7718.00;7718.00;7716.00;7716.25
2026-07-09 05:00:00;7716.25;7716.25;7714.50;7715.50
2026-07-09 05:05:00;7715.50;7715.75;7714.25;7714.75
2026-07-09 05:10:00;7714.50;7714.50;7712.75;7714.00
2026-07-09 05:15:00;7714.00;7714.75;7713.75;7714.50
2026-07-09 05:20:00;7714.50;7716.75;7714.00;7716.00
2026-07-09 05:25:00;7716.00;7717.75;7715.75;7717.25
2026-07-09 05:30:00;7717.00;7720.75;7716.75;7720.75
2026-07-09 05:35:00;7720.75;7720.75;7718.00;7718.00
2026-07-09 05:40:00;7718.00;7718.50;7715.50;7715.75
2026-07-09 05:45:00;7715.50;7716.75;7715.00;7716.75
2026-07-09 05:50:00;7716.50;7716.50;7715.50;7715.75
2026-07-09 05:55:00;7715.75;7716.00;7714.00;7714.75
2026-07-09 06:00:00;7714.75;7714.75;7712.75;7713.00
2026-07-09 06:05:00;7712.75;7714.00;7712.75;7714.00
2026-07-09 06:10:00;7714.00;7714.25;7713.25;7713.50
2026-07-09 06:15:00;7713.50;7713.75;7712.25;7712.50
2026-07-09 06:20:00;7712.50;7712.75;7711.25;7711.50
2026-07-09 06:25:00;7711.50;7712.50;7711.50;7712.25
2026-07-09 06:30:00;7712.25;7712.50;7710.50;7711.25
2026-07-09 06:35:00;7711.00;7711.50;7709.75;7711.00
2026-07-09 06:40:00;7711.00;7712.00;7711.00;7711.50
2026-07-09 06:45:00;7711.50;7712.25;7711.25;7711.75
2026-07-09 06:50:00;7711.75;7712.75;7711.50;7712.25
2026-07-09 06:55:00;7712.50;7714.50;7712.25;7714.25
2026-07-09 07:00:00;7714.00;7714.00;7712.75;7713.75
2026-07-09 07:05:00;7713.75;7713.75;7712.25;7712.50
2026-07-09 07:10:00;7712.50;7713.00;7711.25;7712.25
2026-07-09 07:15:00;7712.00;7713.50;7711.25;7713.25
2026-07-09 07:20:00;7713.50;7714.25;7713.00;7714.25
2026-07-09 07:25:00;7714.25;7716.25;7714.00;7715.75
2026-07-09 07:30:00;7715.75;7717.25;7715.50;7716.50
2026-07-09 07:35:00;7716.50;7717.75;7716.50;7716.50
2026-07-09 07:40:00;7716.50;7720.00;7716.00;7719.75
2026-07-09 07:45:00;7719.75;7720.25;7718.75;7719.50
2026-07-09 07:50:00;7719.25;7719.25;7717.00;7717.75
2026-07-09 07:55:00;7717.75;7717.75;7715.25;7715.50
2026-07-09 08:00:00;7715.50;7717.00;7715.50;7716.50
2026-07-09 08:05:00;7716.50;7717.00;7714.00;7715.25
2026-07-09 08:10:00;7715.25;7719.25;7715.00;7719.00
2026-07-09 08:15:00;7719.00;7720.25;7718.25;7719.75
2026-07-09 08:20:00;7719.75;7720.75;7718.75;7720.75
2026-07-09 08:25:00;7720.50;7720.75;7718.75;7719.75
2026-07-09 08:30:00;7719.75;7722.50;7719.25;7722.50
2026-07-09 08:35:00;7722.75;7723.75;7721.50;7723.50
2026-07-09 08:40:00;7723.50;7725.00;7722.25;7722.25
2026-07-09 08:45:00;7722.50;7722.50;7720.25;7720.75
2026-07-09 08:50:00;7720.50;7722.50;7720.00;7722.25
2026-07-09 08:55:00;7722.25;7724.00;7722.00;7724.00
2026-07-09 09:00:00;7724.00;7726.50;7722.50;7726.25
2026-07-09 09:05:00;7726.25;7728.50;7726.00;7726.50
2026-07-09 09:10:00;7726.75;7727.25;7724.50;7725.25
2026-07-09 09:15:00;7725.25;7725.25;7723.00;7723.50
2026-07-09 09:20:00;7723.25;7724.75;7721.75;7724.75
2026-07-09 09:25:00;7724.50;7724.75;7720.75;7720.75
2026-07-09 09:30:00;7720.75;7722.50;7720.25;7721.75
2026-07-09 09:35:00;7721.50;7723.00;7720.50;7721.00
2026-07-09 09:40:00;7721.25;7721.25;7716.50;7718.25
2026-07-09 09:45:00;7718.25;7722.00;7717.75;7722.00
2026-07-09 09:50:00;7722.00;7724.25;7720.25;7722.00
2026-07-09 09:55:00;7721.75;7724.75;7721.75;7724.00
2026-07-09 10:00:00;7724.00;7724.25;7721.50;7723.25
2026-07-09 10:05:00;7723.25;7724.75;7722.75;7724.00
2026-07-09 10:10:00;7723.75;7723.75;7719.00;7721.50
2026-07-09 10:15:00;7721.50;7723.75;7721.25;7723.25
2026-07-09 10:20:00;7723.25;7723.75;7721.25;7722.25
2026-07-09 10:25:00;7722.25;7722.50;7721.75;7722.25
2026-07-09 10:30:00;7722.25;7723.00;7721.25;7722.25
2026-07-09 10:35:00;7722.25;7723.00;7722.00;7722.25
2026-07-09 10:40:00;7722.25;7722.25;7720.75;7720.75
2026-07-09 10:45:00;7721.00;7721.50;7719.00;7721.25
2026-07-09 10:50:00;7721.00;7722.00;7720.50;7721.50
2026-07-09 10:55:00;7721.75;7722.25;7720.50;7720.75
2026-07-09 11:00:00;7721.00;7721.75;7720.75;7721.00
2026-07-09 11:05:00;7721.00;7721.25;7719.50;7720.25
2026-07-09 11:10:00;7720.25;7720.75;7719.25;7719.75
2026-07-09 11:15:00;7719.50;7719.75;7717.50;7718.25
2026-07-09 11:20:00;7718.25;7718.50;7716.25;7716.75
2026-07-09 11:25:00;7717.00;7718.00;7716.75;7717.50
2026-07-09 11:30:00;7717.50;7717.75;7716.00;7716.00
2026-07-09 11:35:00;7716.00;7717.50;7715.00;7717.25
2026-07-09 11:40:00;7717.25;7719.25;7717.25;7718.50
2026-07-09 11:45:00;7718.75;7719.00;7718.00;7718.00
2026-07-09 11:50:00;7718.25;7718.75;7717.75;7718.75
2026-07-09 11:55:00;7718.75;7718.75;7716.50;7716.75
2026-07-09 12:00:00;7717.00;7719.25;7717.00;7717.75
2026-07-09 12:05:00;7717.75;7718.25;7716.50;7717.75
2026-07-09 12:10:00;7717.50;7718.50;7717.50;7718.50
2026-07-09 12:15:00;7718.50;7719.25;7718.50;7719.25
2026-07-09 12:20:00;7719.00;7720.25;7718.25;7719.25
2026-07-09 12:25:00;7719.00;7719.00;7718.00;7718.00
2026-07-09 12:30:00;7718.00;7719.00;7717.75;7718.00
2026-07-09 12:35:00;7717.75;7718.00;7716.25;7717.25
2026-07-09 12:40:00;7717.50;7718.50;7717.50;7718.00
2026-07-09 12:45:00;7717.75;7718.25;7715.25;7715.50
2026-07-09 12:50:00;7715.50;7716.50;7712.75;7713.00
2026-07-09 12:55:00;7713.00;7714.25;7710.50;7712.00
2026-07-09 13:00:00;7712.00;7712.50;7707.50;7710.25
2026-07-09 13:05:00;7710.25;7711.75;7706.75;7707.50
2026-07-09 13:10:00;7707.50;7711.75;7707.00;7711.25
2026-07-09 13:15:00;7711.25;7711.50;7709.25;7710.25
2026-07-09 13:20:00;7710.50;7710.75;7705.25;7705.75
2026-07-09 13:25:00;7705.75;7707.25;7705.00;7707.25
2026-07-09 13:30:00;7707.25;7709.00;7705.50;7706.00
2026-07-09 13:35:00;7706.00;7708.00;7705.25;7707.75
2026-07-09 13:40:00;7707.75;7709.25;7707.50;7707.50
2026-07-09 13:45:00;7707.50;7709.25;7707.50;7708.50
2026-07-09 13:50:00;7708.50;7708.50;7707.25;7707.50
2026-07-09 13:55:00;7707.50;7707.75;7704.50;7705.00
2026-07-09 14:00:00;7705.00;7706.25;7704.75;7705.50
2026-07-09 14:05:00;7705.50;7709.00;7705.50;7706.50
2026-07-09 14:10:00;7706.75;7707.00;7704.50;7704.75
2026-07-09 14:15:00;7704.50;7705.25;7704.00;7705.00
2026-07-09 14:20:00;7705.00;7705.50;7703.50;7705.50
2026-07-09 14:25:00;7705.50;7705.50;7704.50;7705.00
2026-07-09 14:30:00;7705.00;7707.50;7705.00;7705.50
2026-07-09 14:35:00;7705.50;7707.25;7704.75;7706.50
2026-07-09 14:40:00;7706.25;7707.50;7705.00;7706.25
2026-07-09 14:45:00;7706.50;7708.25;7706.50;7708.00
2026-07-09 14:50:00;7708.25;7713.00;7708.25;7712.75
2026-07-09 14:55:00;7712.75;7712.75;7709.75;7711.25
2026-07-09 15:00:00;7711.00;7711.00;7708.75;7710.50
2026-07-09 15:05:00;7710.25;7711.50;7709.25;7711.00
2026-07-09 15:10:00;7711.25;7714.00;7711.00;7713.50
2026-07-09 15:15:00;7713.75;7713.75;7711.00;7711.00
2026-07-09 15:20:00;7711.25;7715.75;7711.25;7715.75
2026-07-09 15:25:00;7715.50;7716.25;7713.25;7714.50
2026-07-09 15:30:00;7714.75;7717.25;7714.00;7714.50
2026-07-09 15:35:00;7714.50;7715.00;7712.25;7713.00
2026-07-09 15:40:00;7712.75;7714.25;7712.00;7713.25
2026-07-09 15:45:00;7713.50;7714.75;7712.75;7714.25
2026-07-09 15:50:00;7714.25;7714.75;7712.75;7714.25
2026-07-09 15:55:00;7714.25;7714.50;7712.75;7713.50
2026-07-09 16:00:00;7713.50;7715.75;7710.50;7710.75
2026-07-09 16:05:00;7710.75;7713.25;7710.25;7711.00
2026-07-09 16:10:00;7711.00;7711.50;7709.75;7710.50
2026-07-09 16:15:00;7710.50;7711.25;7709.25;7709.25
2026-07-09 16:20:00;7709.50;7710.25;7708.75;7709.00
2026-07-09 16:25:00;7708.75;7710.25;7708.75;7710.00
2026-07-09 16:30:00;7710.25;7710.25;7707.00;7707.25
2026-07-09 16:35:00;7707.25;7711.25;7706.50;7711.00
2026-07-09 16:40:00;7710.75;7712.00;7708.75;7711.25
2026-07-09 16:45:00;7711.25;7711.25;7709.75;7710.00
2026-07-09 16:50:00;7709.75;7710.00;7708.50;7709.25
2026-07-09 16:55:00;7709.25;7709.25;7704.50;7704.50
2026-07-09 17:00:00;7704.50;7707.75;7704.25;7706.50
2026-07-09 17:05:00;7706.25;7706.75;7705.25;7706.25
2026-07-09 17:10:00;7706.25;7706.25;7704.75;7705.50
2026-07-09 17:15:00;7705.25;7706.25;7704.75;7706.00
2026-07-09 17:20:00;7705.75;7706.00;7703.75;7704.25
2026-07-09 17:25:00;7704.25;7707.00;7703.50;7705.50
2026-07-09 17:30:00;7705.50;7707.25;7705.50;7706.25
2026-07-09 17:35:00;7706.25;7708.50;7705.75;7708.00
2026-07-09 17:40:00;7708.00;7708.00;7706.00;7707.50
2026-07-09 17:45:00;7707.75;7707.75;7706.50;7707.50
2026-07-09 17:50:00;7707.50;7707.75;7705.50;7706.00
2026-07-09 17:55:00;7705.75;7707.25;7705.50;7707.25
2026-07-09 18:00:00;7707.50;7708.50;7706.75;7708.00
2026-07-09 18:05:00;7708.25;7708.25;7706.50;7707.00
2026-07-09 18:10:00;7707.00;7708.75;7707.00;7708.75
2026-07-09 18:15:00;7709.00;7709.50;7708.50;7708.75
2026-07-09 18:20:00;7709.00;7709.50;7707.50;7707.50
2026-07-09 18:25:00;7707.75;7708.00;7707.00;7707.75
2026-07-09 18:30:00;7707.75;7709.25;7707.50;7708.75
2026-07-09 18:35:00;7709.00;7710.00;7709.00;7709.75
2026-07-09 18:40:00;7709.75;7710.25;7709.50;7709.75
2026-07-09 18:45:00;7709.75;7710.00;7708.75;7709.00
2026-07-09 18:50:00;7709.25;7709.75;7708.75;7709.00
2026-07-09 18:55:00;7708.75;7710.00;7708.25;7708.75
2026-08-09 00:00:00;7710.00;7710.75;7707.25;7709.25
2026-08-09 00:05:00;7709.25;7709.75;7707.50;7709.25
2026-08-09 00:10:00;7709.25;7709.75;7708.50;7708.75
2026-08-09 00:15:00;7708.75;7709.00;7707.50;7707.50
2026-08-09 00:20:00;7707.50;7708.00;7706.75;7707.00
2026-08-09 00:25:00;7707.00;7707.25;7705.50;7706.00
2026-08-09 00:30:00;7706.00;7706.00;7703.50;7703.50
2026-08-09 00:35:00;7703.75;7704.00;7702.50;7704.00
2026-08-09 00:40:00;7704.00;7705.50;7703.75;7705.00
2026-08-09 00:45:00;7705.00;7705.00;7703.50;7704.50
2026-08-09 00:50:00;7704.50;7705.00;7703.50;7704.75
2026-08-09 00:55:00;7705.00;7705.75;7704.50;7704.75
2026-08-09 01:00:00;7704.75;7705.50;7704.00;7704.00
2026-08-09 01:05:00;7704.00;7704.00;7703.00;7704.00
2026-08-09 01:10:00;7704.00;7704.25;7703.50;7703.75
2026-08-09 01:15:00;7703.50;7704.00;7698.25;7701.50
2026-08-09 01:20:00;7701.75;7703.50;7701.50;7702.75
2026-08-09 01:25:00;7703.00;7704.00;7702.50;7703.50
2026-08-09 01:30:00;7703.25;7703.75;7702.00;7703.75
2026-08-09 01:35:00;7704.00;7708.25;7703.75;7707.00
2026-08-09 01:40:00;7706.75;7710.00;7706.50;7709.75
2026-08-09 01:45:00;7709.50;7713.00;7708.75;7712.50
2026-08-09 01:50:00;7712.50;7712.50;7710.25;7711.75
2026-08-09 01:55:00;7711.50;7712.25;7710.25;7712.25
2026-08-09 02:00:00;7712.00;7714.75;7711.00;7712.50
2026-08-09 02:05:00;7712.75;7713.25;7709.50;7712.00
2026-08-09 02:10:00;7712.25;7712.25;7709.50;7710.00
2026-08-09 02:15:00;7710.00;7710.50;7707.00;7709.25
2026-08-09 02:20:00;7709.50;7710.25;7704.25;7705.75
2026-08-09 02:25:00;7705.50;7711.00;7704.75;7710.50
2026-08-09 02:30:00;7710.75;7712.75;7709.50;7712.75
2026-08-09 02:35:00;7712.75;7713.25;7711.75;7712.75
2026-08-09 02:40:00;7713.00;7713.00;7710.50;7711.50
2026-08-09 02:45:00;7711.75;7712.25;7710.75;7711.50
2026-08-09 02:50:00;7711.50;7712.50;7711.50;7712.50
2026-08-09 02:55:00;7712.75;7712.75;7710.50;7711.00
2026-08-09 03:00:00;7711.00;7711.75;7705.25;7706.25
2026-08-09 03:05:00;7706.25;7710.75;7703.75;7710.75
2026-08-09 03:10:00;7710.75;7711.50;7709.25;7711.25
2026-08-09 03:15:00;7711.25;7711.50;7709.50;7711.50
2026-08-09 03:20:00;7711.50;7713.50;7711.25;7712.75
2026-08-09 03:25:00;7713.00;7713.25;7711.50;7712.50
2026-08-09 03:30:00;7712.75;7715.25;7712.00;7714.50
2026-08-09 03:35:00;7714.50;7717.75;7714.00;7716.50
2026-08-09 03:40:00;7716.50;7717.00;7715.50;7716.00
2026-08-09 03:45:00;7716.00;7718.00;7715.50;7718.00
2026-08-09 03:50:00;7718.00;7720.00;7717.25;7719.50
2026-08-09 03:55:00;7719.75;7720.75;7719.50;7720.50
2026-08-09 04:00:00;7720.50;7721.25;7718.50;7718.50
2026-08-09 04:05:00;7718.75;7719.00;7717.75;7718.00
2026-08-09 04:10:00;7718.00;7719.50;7718.00;7718.75
2026-08-09 04:15:00;7718.75;7719.75;7718.50;7718.75
2026-08-09 04:20:00;7719.00;7721.25;7718.50;7720.00
2026-08-09 04:25:00;7720.00;7720.25;7719.00;7719.00
2026-08-09 04:30:00;7719.00;7719.25;7718.25;7718.50
2026-08-09 04:35:00;7718.50;7719.75;7718.00;7719.25
2026-08-09 04:40:00;7719.25;7719.50;7717.50;7717.50
2026-08-09 04:45:00;7717.75;7718.25;7717.75;7718.00
2026-08-09 04:50:00;7717.75;7717.75;7713.75;7713.75
2026-08-09 04:55:00;7713.50;7714.25;7712.75;7713.00
2026-08-09 05:00:00;7713.25;7715.00;7713.00;7714.00
2026-08-09 05:05:00;7713.75;7717.00;7713.75;7716.75
2026-08-09 05:10:00;7716.75;7718.00;7716.75;7717.50
2026-08-09 05:15:00;7717.50;7720.00;7717.25;7719.50
2026-08-09 05:20:00;7719.25;7720.25;7718.75;7719.00
2026-08-09 05:25:00;7719.00;7723.00;7718.75;7722.75
2026-08-09 05:30:00;7722.50;7723.25;7720.50;7721.00
2026-08-09 05:35:00;7720.75;7722.25;7720.25;7721.50
2026-08-09 05:40:00;7721.50;7722.25;7721.25;7721.50
2026-08-09 05:45:00;7721.25;7722.00;7721.00;7721.75
2026-08-09 05:50:00;7721.50;7721.50;7720.00;7720.00
2026-08-09 05:55:00;7720.25;7723.00;7720.00;7722.50
2026-08-09 06:00:00;7722.50;7722.75;7721.25;7722.50
2026-08-09 06:05:00;7722.50;7723.75;7722.50;7723.25
2026-08-09 06:10:00;7723.25;7723.50;7722.50;7723.00
2026-08-09 06:15:00;7723.00;7723.50;7722.25;7723.25
2026-08-09 06:20:00;7723.25;7724.50;7723.25;7724.25
2026-08-09 06:25:00;7724.25;7725.00;7723.50;7724.00
2026-08-09 06:30:00;7723.75;7723.75;7722.75;7723.00
2026-08-09 06:35:00;7722.75;7725.00;7721.25;7724.75
2026-08-09 06:40:00;7725.00;7725.50;7724.25;7725.00
2026-08-09 06:45:00;7725.00;7725.75;7723.50;7724.00
2026-08-09 06:50:00;7724.25;7724.25;7723.25;7724.00
2026-08-09 06:55:00;7723.75;7724.50;7722.25;7723.25
2026-08-09 07:00:00;7723.25;7723.50;7721.75;7721.75
2026-08-09 07:05:00;7721.50;7722.00;7717.50;7718.25
2026-08-09 07:10:00;7718.25;7718.25;7715.50;7716.25
2026-08-09 07:15:00;7716.50;7720.50;7715.00;7720.50
2026-08-09 07:20:00;7720.75;7722.50;7719.00;7720.00
2026-08-09 07:25:00;7719.50;7720.75;7716.50;7716.50
2026-08-09 07:30:00;7716.25;7716.25;7711.50;7711.75
2026-08-09 07:35:00;7711.75;7716.00;7711.50;7716.00
2026-08-09 07:40:00;7716.00;7716.00;7709.00;7709.50
2026-08-09 07:45:00;7709.50;7711.00;7708.75;7710.75
2026-08-09 07:50:00;7710.50;7710.75;7705.75;7705.75
2026-08-09 07:55:00;7705.75;7706.75;7705.00;7705.50
2026-08-09 08:00:00;7705.75;7707.00;7702.25;7704.75
2026-08-09 08:05:00;7704.75;7704.75;7701.50;7703.50
2026-08-09 08:10:00;7703.50;7703.50;7700.50;7701.75
2026-08-09 08:15:00;7701.50;7702.75;7695.25;7695.25
2026-08-09 08:20:00;7695.25;7701.00;7694.75;7699.25
2026-08-09 08:25:00;7699.00;7699.75;7697.50;7697.75
2026-08-09 08:30:00;7697.75;7699.50;7696.00;7697.50
2026-08-09 08:35:00;7697.50;7701.75;7695.00;7701.75
2026-08-09 08:40:00;7701.50;7703.75;7701.50;7702.75
2026-08-09 08:45:00;7702.75;7704.75;7702.50;7702.75
2026-08-09 08:50:00;7702.75;7703.50;7701.00;7701.25
2026-08-09 08:55:00;7701.50;7703.50;7701.00;7703.25
2026-08-09 09:00:00;7703.50;7706.50;7701.25;7706.50
2026-08-09 09:05:00;7706.50;7710.50;7705.50;7705.50
2026-08-09 09:10:00;7705.50;7707.50;7704.75;7705.50
2026-08-09 09:15:00;7705.25;7705.75;7702.25;7705.25
2026-08-09 09:20:00;7705.25;7706.25;7702.25;7705.75
2026-08-09 09:25:00;7706.00;7706.00;7703.50;7704.50
2026-08-09 09:30:00;7704.50;7704.75;7698.75;7699.25
2026-08-09 09:35:00;7699.25;7701.00;7695.75;7695.75
2026-08-09 09:40:00;7696.00;7698.00;7693.50;7696.00
2026-08-09 09:45:00;7696.00;7696.50;7694.25;7695.25
2026-08-09 09:50:00;7695.25;7695.25;7690.00;7690.50
2026-08-09 09:55:00;7690.50;7693.25;7690.25;7692.25
2026-08-09 10:00:00;7692.25;7693.75;7687.50;7689.00
2026-08-09 10:05:00;7689.00;7696.50;7689.00;7692.00
2026-08-09 10:10:00;7692.00;7692.75;7689.25;7692.75
2026-08-09 10:15:00;7693.00;7695.25;7692.00;7693.25
2026-08-09 10:20:00;7693.00;7693.50;7690.50;7692.50
2026-08-09 10:25:00;7692.50;7694.50;7690.25;7690.75
2026-08-09 10:30:00;7690.50;7694.25;7688.25;7694.00
2026-08-09 10:35:00;7693.75;7694.00;7688.50;7690.75
2026-08-09 10:40:00;7690.75;7692.00;7689.25;7690.00
2026-08-09 10:45:00;7689.75;7695.50;7688.25;7691.00
2026-08-09 10:50:00;7691.00;7692.00;7688.25;7690.75
2026-08-09 10:55:00;7690.75;7692.75;7689.75;7692.50
2026-08-09 11:00:00;7692.50;7694.25;7689.00;7693.25
2026-08-09 11:05:00;7693.00;7696.00;7692.75;7695.00
2026-08-09 11:10:00;7695.25;7699.00;7694.75;7697.75
2026-08-09 11:15:00;7697.75;7698.00;7696.00;7697.00
2026-08-09 11:20:00;7696.75;7699.50;7696.75;7699.25
2026-08-09 11:25:00;7699.50;7700.50;7698.25;7700.25
2026-08-09 11:30:00;7700.25;7702.75;7699.50;7701.75
2026-08-09 11:35:00;7701.75;7703.25;7701.50;7703.25
2026-08-09 11:40:00;7703.00;7706.75;7702.25;7703.00
2026-08-09 11:45:00;7703.00;7705.50;7702.75;7705.25
2026-08-09 11:50:00;7705.50;7707.25;7705.00;7706.25
2026-08-09 11:55:00;7706.25;7709.00;7706.00;7709.00
2026-08-09 12:00:00;7709.00;7709.00;7705.75;7706.25
2026-08-09 12:05:00;7706.00;7707.00;7705.50;7705.50
2026-08-09 12:10:00;7705.50;7706.25;7703.75;7705.75
2026-08-09 12:15:00;7705.75;7706.50;7705.00;7706.50
2026-08-09 12:20:00;7706.25;7718.25;7706.25;7707.25
2026-08-09 12:25:00;7707.25;7708.25;7706.00;7706.75
2026-08-09 12:30:00;7707.00;7707.00;7701.25;7702.50
2026-08-09 12:35:00;7702.50;7704.50;7702.50;7703.75
2026-08-09 12:40:00;7703.75;7704.00;7702.00;7703.25
2026-08-09 12:45:00;7703.00;7703.00;7699.50;7699.75
2026-08-09 12:50:00;7700.00;7700.50;7695.75;7698.50
2026-08-09 12:55:00;7698.50;7700.25;7698.25;7698.50
2026-08-09 13:00:00;7698.75;7700.00;7697.50;7699.25
2026-08-09 13:05:00;7699.00;7702.00;7694.00;7698.00
2026-08-09 13:10:00;7698.00;7698.00;7693.00;7695.50
2026-08-09 13:15:00;7695.50;7700.00;7695.50;7700.00
2026-08-09 13:20:00;7700.25;7700.50;7697.25;7698.50
2026-08-09 13:25:00;7698.50;7699.25;7697.75;7698.00
2026-08-09 13:30:00;7698.25;7701.25;7696.75;7700.50
2026-08-09 13:35:00;7700.50;7701.00;7698.50;7698.50
2026-08-09 13:40:00;7698.50;7699.25;7697.25;7697.75
2026-08-09 13:45:00;7698.00;7698.50;7695.75;7697.25
2026-08-09 13:50:00;7697.25;7701.50;7697.25;7701.25
2026-08-09 13:55:00;7701.00;7706.25;7700.75;7705.75
2026-08-09 14:00:00;7706.00;7706.00;7702.25;7703.25
2026-08-09 14:05:00;7703.00;7704.50;7702.00;7704.25
2026-08-09 14:10:00;7704.00;7704.00;7697.75;7698.00
2026-08-09 14:15:00;7698.25;7703.00;7696.25;7703.00
2026-08-09 14:20:00;7703.00;7704.00;7701.00;7703.00
2026-08-09 14:25:00;7703.00;7705.50;7703.00;7705.50
2026-08-09 14:30:00;7705.50;7710.00;7705.00;7708.25
2026-08-09 14:35:00;7708.00;7709.75;7707.50;7709.25
2026-08-09 14:40:00;7709.50;7710.50;7708.25;7710.50
2026-08-09 14:45:00;7710.50;7712.50;7708.50;7712.00
2026-08-09 14:50:00;7712.00;7713.75;7710.25;7713.50
2026-08-09 14:55:00;7713.50;7714.25;7711.75;7714.00
2026-08-09 15:00:00;7714.00;7714.25;7711.00;7713.25
2026-08-09 15:05:00;7713.00;7714.75;7712.25;7713.00
2026-08-09 15:10:00;7713.00;7715.00;7712.75;7713.50
2026-08-09 15:15:00;7713.50;7715.50;7713.00;7715.25
2026-08-09 15:20:00;7715.25;7715.50;7713.50;7714.00
2026-08-09 15:25:00;7713.75;7715.50;7709.75;7711.25
2026-08-09 15:30:00;7711.50;7717.75;7707.00;7708.50
2026-08-09 15:35:00;7708.50;7708.50;7701.50;7701.75
2026-08-09 15:40:00;7702.00;7702.00;7691.25;7693.50
2026-08-09 15:45:00;7693.50;7698.50;7692.25;7697.75
2026-08-09 15:50:00;7697.50;7697.75;7688.25;7694.00
2026-08-09 15:55:00;7694.00;7701.25;7693.00;7695.00
2026-08-09 16:00:00;7695.00;7696.75;7685.75;7690.00
2026-08-09 16:05:00;7690.00;7691.00;7684.25;7684.50
2026-08-09 16:10:00;7684.50;7688.25;7680.00;7685.00
2026-08-09 16:15:00;7684.75;7687.75;7681.25;7685.50
2026-08-09 16:20:00;7685.50;7691.75;7683.50;7691.25
2026-08-09 16:25:00;7691.50;7692.00;7684.25;7687.25
2026-08-09 16:30:00;7687.25;7690.75;7684.50;7690.25
2026-08-09 16:35:00;7690.25;7691.25;7686.75;7689.00
2026-08-09 16:40:00;7689.00;7692.50;7687.75;7691.50
2026-08-09 16:45:00;7691.75;7693.50;7686.75;7693.00
2026-08-09 16:50:00;7692.75;7698.00;7692.00;7696.50
2026-08-09 16:55:00;7696.50;7700.00;7693.50;7696.75
2026-08-09 17:00:00;7697.00;7699.00;7695.25;7697.25
2026-08-09 17:05:00;7697.25;7698.75;7695.00;7697.00
2026-08-09 17:10:00;7697.00;7703.75;7697.00;7700.75
2026-08-09 17:15:00;7700.75;7704.00;7699.50;7701.25
2026-08-09 17:20:00;7701.25;7701.50;7693.75;7700.00
2026-08-09 17:25:00;7700.25;7704.00;7698.50;7698.75
2026-08-09 17:30:00;7698.75;7701.25;7696.75;7698.50
2026-08-09 17:35:00;7698.50;7698.75;7694.00;7695.50
2026-08-09 17:40:00;7695.75;7701.00;7694.50;7700.25
2026-08-09 17:45:00;7700.50;7701.00;7695.00;7696.00
2026-08-09 17:50:00;7696.00;7698.25;7695.50;7696.00
2026-08-09 17:55:00;7696.00;7697.50;7693.75;7694.25
2026-08-09 18:00:00;7694.25;7697.00;7692.25;7697.00
2026-08-09 18:05:00;7697.00;7698.25;7693.50;7693.75
2026-08-09 18:10:00;7693.50;7694.00;7690.50;7692.75
2026-08-09 18:15:00;7692.75;7693.00;7688.25;7689.75
2026-08-09 18:20:00;7689.75;7694.50;7688.50;7694.50
2026-08-09 18:25:00;7694.50;7697.00;7691.25;7691.75
2026-08-09 18:30:00;7691.50;7693.75;7690.50;7692.25
2026-08-09 18:35:00;7692.25;7693.00;7689.75;7690.50
2026-08-09 18:40:00;7690.50;7692.00;7688.50;7690.75
2026-08-09 18:45:00;7690.75;7693.75;7689.50;7692.75
2026-08-09 18:50:00;7693.00;7697.00;7691.50;7693.00
2026-08-09 18:55:00;7693.00;7693.50;7685.75;7690.00
2026-08-09 19:00:00;7689.75;7699.75;7689.75;7699.75
2026-08-09 19:05:00;7699.75;7701.75;7696.00;7696.00
2026-08-09 19:10:00;7696.25;7697.75;7695.50;7696.75
2026-08-09 19:15:00;7696.75;7697.75;7695.75;7696.75
2026-08-09 19:20:00;7696.75;7697.75;7694.75;7696.75
2026-08-09 19:25:00;7696.50;7696.75;7692.50;7695.25
2026-08-09 19:30:00;7695.50;7699.00;7695.00;7697.50
2026-08-09 19:35:00;7697.50;7699.50;7696.75;7697.50
2026-08-09 19:40:00;7697.50;7697.50;7693.75;7694.25
2026-08-09 19:45:00;7694.00;7697.00;7694.00;7696.50
2026-08-09 19:50:00;7696.50;7699.00;7695.25;7698.50
2026-08-09 19:55:00;7698.25;7698.25;7695.00;7695.25
2026-08-09 20:00:00;7695.25;7697.00;7695.00;7696.75
2026-08-09 20:05:00;7696.50;7698.75;7695.75;7698.25
2026-08-09 20:10:00;7698.25;7699.25;7697.25;7698.00
2026-08-09 20:15:00;7698.00;7699.25;7697.25;7698.50
2026-08-09 20:20:00;7698.50;7699.50;7696.00;7696.50
2026-08-09 20:25:00;7696.25;7698.50;7695.50;7698.25
2026-08-09 20:30:00;7698.25;7698.50;7695.50;7695.75
2026-08-09 20:35:00;7695.75;7695.75;7691.75;7692.50
2026-08-09 20:40:00;7692.50;7696.00;7691.00;7695.75
2026-08-09 20:45:00;7695.75;7696.75;7676.75;7683.00
2026-08-09 20:50:00;7683.25;7691.00;7682.25;7690.25
2026-08-09 20:55:00;7690.25;7691.50;7687.75;7688.00
2026-08-09 21:00:00;7688.25;7689.75;7685.25;7686.75
2026-08-09 21:05:00;7686.50;7690.25;7686.00;7688.75
2026-08-09 21:10:00;7688.75;7691.50;7688.50;7689.50
2026-08-09 21:15:00;7689.50;7690.75;7686.50;7687.50
2026-08-09 21:20:00;7687.25;7689.25;7685.50;7686.25
2026-08-09 21:25:00;7686.25;7691.25;7685.75;7690.75
2026-08-09 21:30:00;7690.50;7692.25;7687.75;7691.50
2026-08-09 21:35:00;7691.50;7691.75;7688.25;7690.50
2026-08-09 21:40:00;7690.25;7691.50;7687.50;7689.00
2026-08-09 21:45:00;7688.75;7689.75;7683.75;7686.00
2026-08-09 21:50:00;7686.00;7687.00;7675.75;7678.00
2026-08-09 21:55:00;7678.00;7682.75;7672.25;7681.00
2026-08-09 22:00:00;7681.25;7683.00;7675.25;7676.25
2026-08-09 22:05:00;7676.25;7678.25;7673.75;7677.50
2026-08-09 22:10:00;7677.50;7679.50;7676.75;7678.75
2026-08-09 22:15:00;7678.75;7679.25;7677.00;7678.75
2026-08-09 22:20:00;7678.75;7679.75;7678.25;7678.75
2026-08-09 22:25:00;7678.75;7679.25;7674.50;7675.50
2026-08-09 22:30:00;7675.75;7675.75;7674.00;7675.50
2026-08-09 22:35:00;7675.75;7677.75;7675.75;7676.75
2026-08-09 22:40:00;7676.75;7677.50;7676.25;7677.50
2026-08-09 22:45:00;7677.50;7678.00;7676.75;7676.75
2026-08-09 22:50:00;7676.75;7678.25;7676.75;7677.75
2026-08-09 22:55:00;7677.50;7679.25;7677.50;7678.25
2026-09-09 00:00:00;7681.00;7681.00;7676.50;7680.00
2026-09-09 00:05:00;7679.75;7680.00;7678.25;7679.25
2026-09-09 00:10:00;7679.25;7679.50;7678.25;7678.50
2026-09-09 00:15:00;7678.25;7679.75;7678.25;7679.25
2026-09-09 00:20:00;7679.25;7679.50;7677.75;7678.75
2026-09-09 00:25:00;7679.00;7680.25;7679.00;7679.50
2026-09-09 00:30:00;7679.50;7679.75;7678.25;7679.50
2026-09-09 00:35:00;7679.75;7680.00;7679.25;7679.50
2026-09-09 00:40:00;7679.50;7680.00;7679.25;7679.50
2026-09-09 00:45:00;7679.25;7680.50;7679.25;7680.25
2026-09-09 00:50:00;7680.25;7681.00;7679.50;7680.50
2026-09-09 00:55:00;7680.75;7682.75;7680.50;7682.50
2026-09-09 01:00:00;7682.50;7682.75;7680.25;7681.00
2026-09-09 01:05:00;7681.00;7681.50;7681.00;7681.00
2026-09-09 01:10:00;7681.00;7681.00;7680.00;7680.25
2026-09-09 01:15:00;7680.25;7680.25;7678.50;7679.25
2026-09-09 01:20:00;7679.00;7679.50;7678.25;7679.00
2026-09-09 01:25:00;7679.25;7679.25;7677.75;7678.00
2026-09-09 01:30:00;7678.00;7678.50;7677.00;7677.25
2026-09-09 01:35:00;7677.25;7677.25;7675.50;7676.25
2026-09-09 01:40:00;7676.25;7677.00;7675.50;7676.00
2026-09-09 01:45:00;7676.00;7676.75;7674.25;7675.00
2026-09-09 01:50:00;7675.25;7675.75;7673.00;7673.00
2026-09-09 01:55:00;7673.25;7674.75;7672.75;7674.50
2026-09-09 02:00:00;7674.75;7682.00;7674.50;7682.00
2026-09-09 02:05:00;7681.75;7684.25;7681.00;7681.25
2026-09-09 02:10:00;7681.00;7683.00;7680.25;7681.00
2026-09-09 02:15:00;7681.00;7681.00;7676.25;7678.25
2026-09-09 02:20:00;7678.25;7679.50;7677.50;7678.25
2026-09-09 02:25:00;7678.25;7678.75;7676.25;7678.25
2026-09-09 02:30:00;7678.00;7678.50;7675.25;7677.25
2026-09-09 02:35:00;7677.25;7679.00;7675.50;7678.00
2026-09-09 02:40:00;7678.25;7680.00;7676.25;7679.75
2026-09-09 02:45:00;7679.75;7680.00;7678.50;7679.50
2026-09-09 02:50:00;7679.75;7682.50;7679.75;7682.25
2026-09-09 02:55:00;7682.00;7682.50;7681.00;7682.25
2026-09-09 03:00:00;7682.25;7683.75;7681.50;7682.00
2026-09-09 03:05:00;7682.00;7683.75;7681.25;7683.75
2026-09-09 03:10:00;7683.50;7684.25;7683.00;7683.25
2026-09-09 03:15:00;7683.25;7684.75;7682.75;7684.75
2026-09-09 03:20:00;7684.50;7686.50;7684.25;7686.00
2026-09-09 03:25:00;7686.00;7687.00;7685.50;7685.75
2026-09-09 03:30:00;7685.75;7687.25;7684.75;7686.50
2026-09-09 03:35:00;7686.75;7687.75;7686.00;7686.75
2026-09-09 03:40:00;7686.75;7686.75;7684.75;7684.75
2026-09-09 03:45:00;7684.75;7686.75;7684.75;7686.25
2026-09-09 03:50:00;7686.00;7686.00;7683.75;7684.75
2026-09-09 03:55:00;7684.50;7685.50;7684.25;7685.25
2026-09-09 04:00:00;7685.25;7687.00;7684.50;7687.00
2026-09-09 04:05:00;7686.75;7687.00;7685.50;7686.75
2026-09-09 04:10:00;7686.75;7687.00;7684.00;7684.50
2026-09-09 04:15:00;7684.50;7684.75;7682.75;7684.25
2026-09-09 04:20:00;7684.25;7685.75;7684.25;7685.50
2026-09-09 04:25:00;7685.50;7686.00;7684.75;7685.25
2026-09-09 04:30:00;7685.25;7686.00;7684.75;7685.25
2026-09-09 04:35:00;7685.25;7685.50;7684.50;7685.50
2026-09-09 04:40:00;7685.50;7687.00;7685.50;7686.50
2026-09-09 04:45:00;7686.50;7686.75;7685.75;7686.50
2026-09-09 04:50:00;7686.50;7687.25;7686.50;7686.75
2026-09-09 04:55:00;7686.75;7686.75;7685.75;7686.00
2026-09-09 05:00:00;7686.00;7686.50;7683.75;7683.75
2026-09-09 05:05:00;7684.00;7684.50;7682.75;7683.50
2026-09-09 05:10:00;7683.50;7685.00;7683.25;7683.75
2026-09-09 05:15:00;7684.00;7685.00;7684.00;7684.25
2026-09-09 05:20:00;7684.50;7685.25;7684.25;7685.25
2026-09-09 05:25:00;7685.00;7686.00;7684.75;7685.00
2026-09-09 05:30:00;7684.75;7685.25;7683.75;7684.50
2026-09-09 05:35:00;7684.50;7685.75;7684.25;7685.75
2026-09-09 05:40:00;7685.50;7685.75;7684.50;7685.00
2026-09-09 05:45:00;7684.75;7685.25;7683.25;7683.75
2026-09-09 05:50:00;7683.50;7684.00;7682.00;7682.50
2026-09-09 05:55:00;7682.50;7683.75;7682.50;7682.50
2026-09-09 06:00:00;7682.50;7685.00;7682.25;7684.50
2026-09-09 06:05:00;7684.50;7685.00;7683.00;7683.00
2026-09-09 06:10:00;7683.00;7683.25;7680.50;7681.50
2026-09-09 06:15:00;7681.50;7682.25;7681.25;7682.00
2026-09-09 06:20:00;7682.00;7686.25;7682.00;7685.75
2026-09-09 06:25:00;7685.75;7686.75;7685.00;7685.50
2026-09-09 06:30:00;7685.50;7687.00;7684.25;7687.00
2026-09-09 06:35:00;7686.75;7688.00;7686.75;7687.50
2026-09-09 06:40:00;7687.25;7688.25;7686.50;7688.00
2026-09-09 06:45:00;7688.00;7688.50;7687.75;7688.25
2026-09-09 06:50:00;7688.50;7689.50;7688.00;7689.25
2026-09-09 06:55:00;7689.00;7689.75;7688.50;7688.75
2026-09-09 07:00:00;7688.75;7689.00;7687.25;7687.50
2026-09-09 07:05:00;7687.75;7688.50;7686.75;7688.25
2026-09-09 07:10:00;7688.50;7689.00;7688.00;7688.25
2026-09-09 07:15:00;7688.25;7688.25;7685.75;7685.75
2026-09-09 07:20:00;7686.00;7686.00;7683.75;7685.50
2026-09-09 07:25:00;7685.50;7687.00;7685.25;7686.00
2026-09-09 07:30:00;7686.25;7687.50;7684.00;7685.75
2026-09-09 07:35:00;7685.75;7687.25;7685.00;7686.75
2026-09-09 07:40:00;7686.50;7687.50;7686.00;7686.25
2026-09-09 07:45:00;7686.00;7687.75;7685.75;7687.50
2026-09-09 07:50:00;7687.50;7690.25;7687.50;7690.25
2026-09-09 07:55:00;7690.25;7691.00;7689.25;7691.00
2026-09-09 08:00:00;7691.00;7691.25;7690.25;7691.00
2026-09-09 08:05:00;7690.75;7691.00;7687.75;7688.00
2026-09-09 08:10:00;7688.00;7690.75;7687.50;7690.50
2026-09-09 08:15:00;7690.50;7690.75;7689.75;7689.75
2026-09-09 08:20:00;7689.75;7689.75;7687.50;7689.00
2026-09-09 08:25:00;7689.00;7689.25;7684.50;7685.25
2026-09-09 08:30:00;7685.25;7687.50;7684.50;7687.50
2026-09-09 08:35:00;7687.50;7688.50;7686.75;7687.75
2026-09-09 08:40:00;7688.00;7688.25;7687.00;7688.25
2026-09-09 08:45:00;7688.25;7688.50;7686.00;7686.75
2026-09-09 08:50:00;7687.00;7687.75;7685.25;7685.50
2026-09-09 08:55:00;7685.25;7685.75;7684.75;7685.25
2026-09-09 09:00:00;7685.25;7687.50;7683.00;7687.50
2026-09-09 09:05:00;7687.50;7688.75;7687.50;7688.25
2026-09-09 09:10:00;7688.25;7691.25;7684.75;7684.75
2026-09-09 09:15:00;7685.00;7686.00;7683.50;7684.75
2026-09-09 09:20:00;7685.00;7689.50;7684.75;7688.50
2026-09-09 09:25:00;7688.50;7691.00;7687.00;7691.00
2026-09-09 09:30:00;7690.75;7691.00;7688.50;7689.00
2026-09-09 09:35:00;7689.00;7690.25;7687.00;7687.75
2026-09-09 09:40:00;7687.75;7688.25;7686.25;7687.00
2026-09-09 09:45:00;7687.00;7687.00;7683.00;7683.25
2026-09-09 09:50:00;7683.00;7683.75;7681.50;7683.75
2026-09-09 09:55:00;7683.75;7685.25;7683.25;7685.25
2026-09-09 10:00:00;7685.25;7687.75;7683.50;7686.25
2026-09-09 10:05:00;7686.25;7687.50;7684.50;7685.25
2026-09-09 10:10:00;7685.00;7686.25;7683.25;7683.75
2026-09-09 10:15:00;7684.00;7685.25;7683.50;7685.00
2026-09-09 10:20:00;7684.75;7685.25;7681.00;7681.25
2026-09-09 10:25:00;7681.50;7685.75;7681.25;7684.75
2026-09-09 10:30:00;7684.75;7686.00;7683.75;7683.75
2026-09-09 10:35:00;7683.75;7684.00;7679.75;7680.00
2026-09-09 10:40:00;7680.00;7682.75;7678.50;7678.50
2026-09-09 10:45:00;7678.50;7680.25;7677.75;7679.75
2026-09-09 10:50:00;7679.75;7683.25;7679.50;7682.75
2026-09-09 10:55:00;7683.00;7683.25;7681.75;7682.00
2026-09-09 11:00:00;7682.00;7683.75;7680.50;7681.50
2026-09-09 11:05:00;7681.50;7682.25;7678.75;7679.25
2026-09-09 11:10:00;7679.00;7681.25;7677.75;7680.75
2026-09-09 11:15:00;7680.75;7681.75;7679.75;7680.00
2026-09-09 11:20:00;7680.00;7680.00;7675.00;7675.50
2026-09-09 11:25:00;7675.50;7678.00;7675.50;7677.25
2026-09-09 11:30:00;7677.25;7679.50;7674.25;7674.25
2026-09-09 11:35:00;7674.25;7674.25;7672.25;7673.00
2026-09-09 11:40:00;7673.00;7673.50;7669.50;7670.50
2026-09-09 11:45:00;7670.25;7671.75;7667.75;7668.50
2026-09-09 11:50:00;7668.25;7669.00;7662.00;7662.00
2026-09-09 11:55:00;7662.00;7663.00;7657.00;7659.25
2026-09-09 12:00:00;7659.50;7662.75;7655.75;7662.50
2026-09-09 12:05:00;7662.50;7664.50;7660.75;7661.00
2026-09-09 12:10:00;7660.75;7663.25;7658.00;7659.75
2026-09-09 12:15:00;7659.50;7664.00;7657.50;7663.75
2026-09-09 12:20:00;7663.75;7665.00;7659.75;7661.00
2026-09-09 12:25:00;7660.75;7662.00;7659.75;7661.00
2026-09-09 12:30:00;7661.00;7661.25;7658.75;7659.25
2026-09-09 12:35:00;7659.25;7661.00;7658.25;7659.00
2026-09-09 12:40:00;7659.00;7659.50;7654.50;7654.75
2026-09-09 12:45:00;7654.75;7655.00;7651.75;7652.75
2026-09-09 12:50:00;7652.75;7654.00;7647.25;7650.25
2026-09-09 12:55:00;7650.25;7652.50;7649.00;7650.00
2026-09-09 13:00:00;7650.00;7653.50;7649.00;7651.75
2026-09-09 13:05:00;7651.75;7655.25;7650.00;7655.25
2026-09-09 13:10:00;7655.25;7657.50;7653.75;7654.25
2026-09-09 13:15:00;7654.50;7654.50;7650.00;7652.00
2026-09-09 13:20:00;7652.00;7658.25;7649.75;7658.00
2026-09-09 13:25:00;7657.75;7658.50;7655.00;7656.00
2026-09-09 13:30:00;7656.00;7656.00;7650.75;7651.25
2026-09-09 13:35:00;7651.25;7654.50;7650.50;7654.25
2026-09-09 13:40:00;7654.25;7655.00;7650.75;7651.25
2026-09-09 13:45:00;7651.00;7662.00;7651.00;7660.50
2026-09-09 13:50:00;7660.25;7663.50;7655.75;7656.50
2026-09-09 13:55:00;7656.50;7656.50;7651.75;7652.75
2026-09-09 14:00:00;7652.75;7653.50;7649.50;7650.00
2026-09-09 14:05:00;7650.00;7651.25;7648.00;7649.25
2026-09-09 14:10:00;7649.50;7649.50;7644.50;7644.75
2026-09-09 14:15:00;7644.75;7647.75;7644.75;7646.00
2026-09-09 14:20:00;7646.25;7649.75;7645.75;7648.25
2026-09-09 14:25:00;7648.25;7649.00;7646.75;7647.00
2026-09-09 14:30:00;7646.75;7652.50;7645.75;7651.75
2026-09-09 14:35:00;7651.75;7654.00;7651.50;7653.00
2026-09-09 14:40:00;7653.00;7653.25;7650.75;7652.75
2026-09-09 14:45:00;7652.50;7656.75;7652.50;7655.75
2026-09-09 14:50:00;7655.75;7656.50;7653.75;7654.00
2026-09-09 14:55:00;7654.00;7657.00;7654.00;7655.50
2026-09-09 15:00:00;7655.50;7659.25;7654.00;7658.00
2026-09-09 15:05:00;7658.00;7658.00;7655.50;7656.00
2026-09-09 15:10:00;7656.00;7657.00;7655.00;7656.50
2026-09-09 15:15:00;7656.50;7657.50;7655.00;7657.25
2026-09-09 15:20:00;7657.00;7657.75;7655.25;7657.00
2026-09-09 15:25:00;7657.00;7662.25;7657.00;7660.50
2026-09-09 15:30:00;7660.75;7663.75;7651.75;7660.75
2026-09-09 15:35:00;7661.00;7661.75;7655.75;7658.00
2026-09-09 15:40:00;7657.75;7660.25;7653.75;7656.75
2026-09-09 15:45:00;7656.75;7661.75;7654.00;7658.50
2026-09-09 15:50:00;7658.50;7659.50;7654.25;7657.50
2026-09-09 15:55:00;7657.50;7662.00;7656.25;7661.00
2026-09-09 16:00:00;7660.75;7662.00;7653.50;7658.00
2026-09-09 16:05:00;7658.00;7661.25;7657.25;7660.50
2026-09-09 16:10:00;7660.50;7661.25;7656.00;7658.75
2026-09-09 16:15:00;7658.50;7659.00;7647.50;7650.00
2026-09-09 16:20:00;7650.25;7651.25;7644.50;7645.00
2026-09-09 16:25:00;7645.00;7660.75;7644.50;7659.50
2026-09-09 16:30:00;7659.50;7660.00;7654.00;7654.75
2026-09-09 16:35:00;7654.75;7658.00;7652.25;7656.00
2026-09-09 16:40:00;7655.75;7659.00;7654.50;7657.50
2026-09-09 16:45:00;7657.50;7657.75;7654.00;7657.25
2026-09-09 16:50:00;7657.25;7659.25;7655.50;7656.25
2026-09-09 16:55:00;7656.25;7659.00;7654.25;7657.75
2026-09-09 17:00:00;7658.00;7665.00;7646.25;7648.75
2026-09-09 17:05:00;7648.50;7650.50;7641.00;7642.25
2026-09-09 17:10:00;7642.25;7642.75;7633.50;7636.00
2026-09-09 17:15:00;7635.75;7641.50;7634.50;7640.00
2026-09-09 17:20:00;7640.00;7641.00;7629.50;7630.25
2026-09-09 17:25:00;7630.25;7635.50;7628.75;7635.25
2026-09-09 17:30:00;7635.25;7641.50;7634.50;7641.25
2026-09-09 17:35:00;7641.25;7649.50;7637.25;7648.50
2026-09-09 17:40:00;7648.75;7650.75;7640.75;7642.25
2026-09-09 17:45:00;7642.25;7643.50;7640.00;7642.50
2026-09-09 17:50:00;7642.50;7646.25;7642.50;7645.25
2026-09-09 17:55:00;7645.25;7645.25;7638.25;7641.50
2026-09-09 18:00:00;7641.50;7643.75;7640.25;7643.50
2026-09-09 18:05:00;7643.50;7643.75;7634.75;7634.75
2026-09-09 18:10:00;7634.75;7638.75;7633.75;7636.00
2026-09-09 18:15:00;7636.00;7636.25;7633.25;7634.00
2026-09-09 18:20:00;7634.00;7637.00;7632.75;7636.75
2026-09-09 18:25:00;7637.00;7638.00;7634.00;7635.75
2026-09-09 18:30:00;7635.75;7642.25;7635.50;7640.75
2026-09-09 18:35:00;7641.00;7642.50;7639.00;7642.25
2026-09-09 18:40:00;7642.50;7644.50;7640.75;7644.25
2026-09-09 18:45:00;7644.50;7645.25;7641.50;7644.75
2026-09-09 18:50:00;7644.75;7648.75;7644.75;7646.25
2026-09-09 18:55:00;7646.00;7647.75;7645.00;7645.75
2026-09-09 19:00:00;7645.75;7650.25;7643.50;7643.50
2026-09-09 19:05:00;7643.75;7647.75;7643.75;7645.50
2026-09-09 19:10:00;7645.50;7652.25;7645.25;7651.25
2026-09-09 19:15:00;7651.50;7653.00;7648.50;7648.50
2026-09-09 19:20:00;7648.50;7651.75;7647.50;7651.75
2026-09-09 19:25:00;7652.00;7652.00;7648.50;7649.00
2026-09-09 19:30:00;7649.25;7650.50;7646.75;7648.00
2026-09-09 19:35:00;7648.00;7648.75;7643.50;7644.25
2026-09-09 19:40:00;7644.50;7649.75;7644.25;7648.75
2026-09-09 19:45:00;7649.00;7651.50;7648.75;7650.50
2026-09-09 19:50:00;7650.75;7653.25;7649.25;7652.50
2026-09-09 19:55:00;7652.50;7653.25;7650.00;7650.25
2026-09-09 20:00:00;7650.25;7652.00;7649.50;7651.00
2026-09-09 20:05:00;7651.00;7651.00;7647.00;7647.50
2026-09-09 20:10:00;7647.50;7647.75;7643.75;7644.00
2026-09-09 20:15:00;7644.00;7646.75;7642.75;7645.50
2026-09-09 20:20:00;7645.50;7650.25;7645.50;7649.75
2026-09-09 20:25:00;7649.50;7650.50;7647.25;7648.50
2026-09-09 20:30:00;7648.25;7648.75;7645.75;7647.50
2026-09-09 20:35:00;7647.50;7650.25;7647.00;7650.00
2026-09-09 20:40:00;7650.00;7653.00;7650.00;7651.75
2026-09-09 20:45:00;7651.50;7652.00;7649.25;7650.00
2026-09-09 20:50:00;7650.25;7653.50;7650.00;7652.75
2026-09-09 20:55:00;7652.75;7653.75;7648.75;7648.75
2026-09-09 21:00:00;7648.75;7650.75;7646.25;7646.75
2026-09-09 21:05:00;7647.00;7651.00;7646.25;7650.50
2026-09-09 21:10:00;7650.75;7651.50;7649.50;7649.50
2026-09-09 21:15:00;7649.75;7653.50;7649.50;7652.75
2026-09-09 21:20:00;7652.75;7653.50;7651.25;7652.50
2026-09-09 21:25:00;7652.50;7654.50;7651.00;7651.25
2026-09-09 21:30:00;7651.25;7652.25;7649.00;7650.00
2026-09-09 21:35:00;7650.00;7651.00;7647.75;7648.00
2026-09-09 21:40:00;7647.75;7648.50;7646.00;7648.25
2026-09-09 21:45:00;7648.25;7649.75;7646.50;7648.75
2026-09-09 21:50:00;7648.75;7649.00;7642.25;7644.75
2026-09-09 21:55:00;7644.75;7645.75;7641.25;7644.75
2026-09-09 22:00:00;7644.50;7646.25;7642.50;7643.00
2026-09-09 22:05:00;7643.00;7646.25;7643.00;7645.75
2026-09-09 22:10:00;7645.75;7647.25;7644.75;7646.00
2026-09-09 22:15:00;7646.25;7646.50;7645.00;7645.50
2026-09-09 22:20:00;7645.50;7646.25;7644.75;7645.75
2026-09-09 22:25:00;7645.75;7646.25;7645.25;7645.25
2026-09-09 22:30:00;7645.25;7646.50;7645.00;7646.50
2026-09-09 22:35:00;7646.25;7647.75;7646.25;7647.25
2026-09-09 22:40:00;7647.25;7647.25;7646.50;7646.75
2026-09-09 22:45:00;7647.00;7647.00;7646.50;7646.75
2026-09-09 22:50:00;7646.75;7647.00;7645.75;7647.00
2026-09-09 22:55:00;7647.00;7648.25;7646.75;7648.00
2026-10-09 00:00:00;7646.50;7651.00;7646.50;7647.25
2026-10-09 00:05:00;7647.00;7648.00;7646.25;7647.25
2026-10-09 00:10:00;7647.50;7648.25;7646.75;7646.75
2026-10-09 00:15:00;7647.00;7647.25;7646.50;7646.50
2026-10-09 00:20:00;7646.75;7647.25;7646.25;7646.50
2026-10-09 00:25:00;7646.50;7647.00;7645.75;7646.00
2026-10-09 00:30:00;7646.00;7647.50;7646.00;7647.25
2026-10-09 00:35:00;7647.25;7647.75;7646.75;7647.00
2026-10-09 00:40:00;7647.25;7647.75;7646.75;7647.50
2026-10-09 00:45:00;7647.50;7648.00;7647.25;7647.50
2026-10-09 00:50:00;7647.50;7647.50;7646.50;7646.75
2026-10-09 00:55:00;7647.00;7647.00;7646.25;7647.00
2026-10-09 01:00:00;7647.00;7647.25;7646.25;7646.50
2026-10-09 01:05:00;7646.75;7647.00;7646.25;7646.25
2026-10-09 01:10:00;7646.50;7646.50;7646.25;7646.25
2026-10-09 01:15:00;7646.25;7648.00;7645.75;7647.50
2026-10-09 01:20:00;7647.50;7647.75;7646.75;7647.00
2026-10-09 01:25:00;7647.00;7647.50;7646.25;7647.25
2026-10-09 01:30:00;7647.50;7647.75;7647.25;7647.50
2026-10-09 01:35:00;7647.25;7648.25;7647.25;7647.50
2026-10-09 01:40:00;7647.75;7648.25;7647.25;7648.00
2026-10-09 01:45:00;7648.00;7648.75;7647.25;7648.75
2026-10-09 01:50:00;7648.75;7653.00;7648.25;7652.75
2026-10-09 01:55:00;7652.50;7652.75;7650.50;7652.00
2026-10-09 02:00:00;7652.25;7652.75;7650.50;7652.50
2026-10-09 02:05:00;7652.50;7654.50;7652.50;7653.75
2026-10-09 02:10:00;7653.75;7654.75;7650.75;7651.75
2026-10-09 02:15:00;7651.75;7655.00;7651.50;7654.25
2026-10-09 02:20:00;7654.00;7655.25;7653.50;7654.00
2026-10-09 02:25:00;7654.00;7656.50;7653.25;7656.25
2026-10-09 02:30:00;7656.00;7656.25;7653.50;7654.00
2026-10-09 02:35:00;7654.00;7654.50;7653.25;7653.50
2026-10-09 02:40:00;7653.75;7654.25;7652.25;7654.25
2026-10-09 02:45:00;7654.00;7654.00;7651.00;7651.50
2026-10-09 02:50:00;7651.50;7651.50;7648.75;7649.50
2026-10-09 02:55:00;7649.50;7649.50;7647.25;7647.50
2026-10-09 03:00:00;7647.50;7650.00;7647.00;7648.75
2026-10-09 03:05:00;7648.75;7650.50;7647.75;7649.00
2026-10-09 03:10:00;7648.75;7649.25;7646.25;7648.00
2026-10-09 03:15:00;7648.00;7650.50;7646.75;7650.25
2026-10-09 03:20:00;7650.25;7650.50;7646.50;7647.00
2026-10-09 03:25:00;7647.00;7647.75;7644.75;7645.50
2026-10-09 03:30:00;7645.50;7646.25;7644.00;7644.25
2026-10-09 03:35:00;7644.25;7646.25;7644.00;7646.25
2026-10-09 03:40:00;7646.25;7649.75;7646.25;7649.25
2026-10-09 03:45:00;7649.00;7652.00;7648.25;7651.25
2026-10-09 03:50:00;7651.50;7652.00;7648.25;7648.25
2026-10-09 03:55:00;7648.50;7651.50;7648.50;7651.50
2026-10-09 04:00:00;7651.50;7652.00;7650.25;7651.00
2026-10-09 04:05:00;7651.00;7652.25;7650.50;7650.75
2026-10-09 04:10:00;7650.50;7651.25;7648.50;7651.25
2026-10-09 04:15:00;7651.00;7651.25;7648.25;7648.75
2026-10-09 04:20:00;7649.00;7650.75;7649.00;7650.00
2026-10-09 04:25:00;7650.00;7650.25;7648.50;7649.00
2026-10-09 04:30:00;7649.00;7652.00;7648.75;7651.75
2026-10-09 04:35:00;7651.75;7654.00;7651.25;7653.50
2026-10-09 04:40:00;7653.75;7655.50;7653.25;7654.25
2026-10-09 04:45:00;7654.00;7654.75;7653.00;7653.50
2026-10-09 04:50:00;7653.25;7655.00;7653.25;7655.00
2026-10-09 04:55:00;7654.75;7654.75;7653.50;7654.50
2026-10-09 05:00:00;7654.50;7656.50;7654.50;7655.75
2026-10-09 05:05:00;7655.75;7655.75;7654.75;7655.50
2026-10-09 05:10:00;7655.50;7656.75;7654.25;7654.50
2026-10-09 05:15:00;7654.50;7655.00;7654.25;7655.00
2026-10-09 05:20:00;7655.00;7656.00;7653.25;7653.25
2026-10-09 05:25:00;7653.25;7654.25;7652.00;7654.25
2026-10-09 05:30:00;7654.00;7654.75;7653.25;7654.25
2026-10-09 05:35:00;7654.00;7654.50;7653.25;7654.00
2026-10-09 05:40:00;7653.75;7655.00;7653.75;7654.75
2026-10-09 05:45:00;7654.75;7656.50;7654.50;7656.00
2026-10-09 05:50:00;7655.75;7656.00;7654.75;7655.75
2026-10-09 05:55:00;7655.50;7656.75;7655.25;7656.50
2026-10-09 06:00:00;7656.50;7656.75;7655.50;7656.75
2026-10-09 06:05:00;7656.75;7657.50;7656.00;7656.25
2026-10-09 06:10:00;7656.50;7657.25;7656.50;7656.75
2026-10-09 06:15:00;7656.75;7657.00;7655.50;7656.00
2026-10-09 06:20:00;7655.75;7656.75;7655.00;7656.25
2026-10-09 06:25:00;7656.50;7657.25;7655.75;7656.25
2026-10-09 06:30:00;7656.25;7656.75;7655.75;7656.50
2026-10-09 06:35:00;7656.50;7657.50;7655.75;7657.25
2026-10-09 06:40:00;7657.25;7657.75;7655.75;7656.00
2026-10-09 06:45:00;7656.25;7658.50;7656.00;7658.00
2026-10-09 06:50:00;7658.00;7660.00;7658.00;7659.00
2026-10-09 06:55:00;7659.00;7659.50;7658.25;7659.00
2026-10-09 07:00:00;7659.00;7660.50;7658.50;7658.75
2026-10-09 07:05:00;7659.00;7659.00;7657.75;7658.25
2026-10-09 07:10:00;7658.25;7660.00;7658.00;7660.00
2026-10-09 07:15:00;7660.00;7660.00;7659.25;7660.00
2026-10-09 07:20:00;7659.75;7660.50;7659.25;7660.25
2026-10-09 07:25:00;7660.50;7663.00;7660.00;7662.75
2026-10-09 07:30:00;7663.00;7664.50;7661.25;7663.75
2026-10-09 07:35:00;7663.75;7664.75;7662.75;7662.75
2026-10-09 07:40:00;7662.75;7664.00;7662.75;7662.75
2026-10-09 07:45:00;7663.00;7665.75;7663.00;7663.25
2026-10-09 07:50:00;7663.25;7663.50;7662.00;7662.00
2026-10-09 07:55:00;7662.00;7663.75;7661.00;7663.50
2026-10-09 08:00:00;7663.50;7664.75;7662.50;7663.25
2026-10-09 08:05:00;7663.25;7663.25;7661.00;7661.50
2026-10-09 08:10:00;7661.50;7662.75;7661.25;7661.50
2026-10-09 08:15:00;7661.75;7662.00;7659.50;7660.25
2026-10-09 08:20:00;7660.25;7661.00;7659.25;7660.50
2026-10-09 08:25:00;7660.50;7663.50;7660.00;7663.50
2026-10-09 08:30:00;7663.75;7665.25;7662.75;7664.00
2026-10-09 08:35:00;7664.00;7665.75;7663.00;7665.75
2026-10-09 08:40:00;7665.75;7666.25;7664.50;7664.75
2026-10-09 08:45:00;7664.75;7666.00;7664.75;7665.75
2026-10-09 08:50:00;7666.00;7666.25;7663.75;7664.25
2026-10-09 08:55:00;7664.25;7664.25;7663.00;7664.00
2026-10-09 09:00:00;7664.00;7664.00;7660.50;7660.50
2026-10-09 09:05:00;7660.75;7662.25;7660.00;7661.75
2026-10-09 09:10:00;7661.50;7663.50;7661.25;7662.75
2026-10-09 09:15:00;7662.75;7663.75;7661.50;7663.50
2026-10-09 09:20:00;7663.75;7664.00;7662.50;7662.75
2026-10-09 09:25:00;7662.75;7663.00;7657.50;7657.75
2026-10-09 09:30:00;7657.75;7659.25;7656.25;7657.00
2026-10-09 09:35:00;7657.50;7660.00;7657.00;7657.75
2026-10-09 09:40:00;7658.00;7660.75;7657.50;7660.50
2026-10-09 09:45:00;7660.50;7661.00;7658.50;7659.50
2026-10-09 09:50:00;7659.75;7661.25;7659.00;7660.25
2026-10-09 09:55:00;7660.25;7661.00;7659.25;7659.25
2026-10-09 10:00:00;7659.50;7662.50;7659.25;7659.75
2026-10-09 10:05:00;7659.50;7661.25;7658.00;7659.00
2026-10-09 10:10:00;7659.25;7661.00;7657.50;7658.00
2026-10-09 10:15:00;7658.00;7658.00;7656.50;7657.50
2026-10-09 10:20:00;7657.25;7659.75;7657.25;7659.00
2026-10-09 10:25:00;7659.00;7660.75;7658.25;7660.00
2026-10-09 10:30:00;7660.25;7661.00;7656.00;7656.25
2026-10-09 10:35:00;7656.25;7659.25;7656.25;7657.50
2026-10-09 10:40:00;7657.25;7657.75;7652.75;7653.50
2026-10-09 10:45:00;7653.75;7655.25;7652.25;7652.25
2026-10-09 10:50:00;7652.50;7653.25;7651.25;7652.75
2026-10-09 10:55:00;7653.00;7653.00;7651.25;7652.50
2026-10-09 11:00:00;7652.50;7655.50;7651.50;7654.75
2026-10-09 11:05:00;7654.50;7655.00;7651.25;7652.00
2026-10-09 11:10:00;7652.25;7653.75;7651.75;7652.75
2026-10-09 11:15:00;7653.00;7653.75;7651.75;7653.50
2026-10-09 11:20:00;7653.75;7654.25;7651.25;7651.25
2026-10-09 11:25:00;7651.25;7652.25;7649.75;7650.50
2026-10-09 11:30:00;7650.25;7650.25;7647.25;7649.75
2026-10-09 11:35:00;7649.75;7650.00;7647.25;7647.75
2026-10-09 11:40:00;7647.50;7650.75;7646.00;7650.50
2026-10-09 11:45:00;7650.50;7652.25;7650.25;7652.00
2026-10-09 11:50:00;7651.75;7654.75;7650.75;7652.75
2026-10-09 11:55:00;7652.75;7653.25;7651.50;7652.00
2026-10-09 12:00:00;7652.00;7654.00;7650.50;7653.00
2026-10-09 12:05:00;7653.00;7653.50;7649.75;7650.50
2026-10-09 12:10:00;7650.50;7652.00;7649.75;7650.50
2026-10-09 12:15:00;7650.50;7652.00;7650.50;7651.75
2026-10-09 12:20:00;7651.75;7652.50;7650.50;7651.50
2026-10-09 12:25:00;7651.50;7653.50;7650.50;7651.00
2026-10-09 12:30:00;7651.25;7651.50;7647.25;7648.25
2026-10-09 12:35:00;7648.00;7652.25;7647.50;7652.00
2026-10-09 12:40:00;7652.00;7653.25;7651.25;7651.25
2026-10-09 12:45:00;7651.25;7651.50;7649.25;7650.75
2026-10-09 12:50:00;7650.75;7651.00;7646.50;7646.50
2026-10-09 12:55:00;7646.50;7657.00;7646.25;7648.25
2026-10-09 13:00:00;7648.00;7648.75;7644.50;7646.50
2026-10-09 13:05:00;7646.75;7647.50;7643.50;7644.75
2026-10-09 13:10:00;7644.75;7646.00;7642.75;7645.25
2026-10-09 13:15:00;7645.00;7645.75;7644.00;7644.25
2026-10-09 13:20:00;7644.25;7644.75;7642.50;7644.50
2026-10-09 13:25:00;7644.50;7644.75;7643.00;7643.00
2026-10-09 13:30:00;7643.25;7648.50;7643.00;7647.50
2026-10-09 13:35:00;7647.25;7648.50;7646.00;7647.25
2026-10-09 13:40:00;7647.00;7647.00;7643.50;7644.50
2026-10-09 13:45:00;7644.50;7645.75;7641.50;7641.50
2026-10-09 13:50:00;7641.50;7641.75;7636.75;7637.75
2026-10-09 13:55:00;7637.50;7637.50;7632.00;7632.00
2026-10-09 14:00:00;7632.00;7635.00;7629.50;7630.50
2026-10-09 14:05:00;7630.25;7632.00;7629.00;7629.25
2026-10-09 14:10:00;7629.25;7634.25;7628.75;7632.75
2026-10-09 14:15:00;7633.00;7633.75;7627.75;7628.00
2026-10-09 14:20:00;7628.25;7628.25;7626.00;7626.75
2026-10-09 14:25:00;7626.75;7630.00;7623.75;7625.75
2026-10-09 14:30:00;7627.00;7630.00;7605.25;7605.75
2026-10-09 14:35:00;7605.75;7613.50;7605.75;7608.75
2026-10-09 14:40:00;7609.00;7609.25;7598.75;7602.50
2026-10-09 14:45:00;7602.50;7605.00;7597.75;7604.50
2026-10-09 14:50:00;7604.50;7606.75;7603.00;7605.75
2026-10-09 14:55:00;7605.75;7605.75;7600.00;7601.50
2026-10-09 15:00:00;7601.50;7609.00;7601.00;7608.25
2026-10-09 15:05:00;7608.50;7608.75;7601.75;7603.50
2026-10-09 15:10:00;7603.25;7605.75;7600.50;7601.00
2026-10-09 15:15:00;7600.75;7603.50;7599.00;7601.50
2026-10-09 15:20:00;7601.25;7603.00;7598.50;7598.75
2026-10-09 15:25:00;7599.00;7600.75;7595.00;7598.75
2026-10-09 15:30:00;7599.00;7603.00;7595.00;7596.75
2026-10-09 15:35:00;7597.00;7604.50;7593.75;7603.50
2026-10-09 15:40:00;7603.25;7606.75;7599.50;7600.25
2026-10-09 15:45:00;7600.25;7609.00;7600.00;7605.50
2026-10-09 15:50:00;7605.75;7605.75;7591.25;7592.25
2026-10-09 15:55:00;7592.25;7592.75;7586.00;7586.75
2026-10-09 16:00:00;7586.75;7596.75;7586.50;7592.00
2026-10-09 16:05:00;7592.00;7593.25;7585.50;7587.50
2026-10-09 16:10:00;7587.50;7597.00;7586.50;7593.00
2026-10-09 16:15:00;7592.75;7600.00;7590.50;7599.25
2026-10-09 16:20:00;7599.25;7620.00;7598.50;7613.00
2026-10-09 16:25:00;7613.00;7618.25;7604.75;7606.25
2026-10-09 16:30:00;7606.25;7612.00;7605.50;7608.00
2026-10-09 16:35:00;7608.25;7615.50;7608.00;7612.50
2026-10-09 16:40:00;7612.25;7613.50;7606.00;7607.75
2026-10-09 16:45:00;7607.75;7609.75;7603.75;7607.25
2026-10-09 16:50:00;7607.25;7611.25;7604.50;7611.00
2026-10-09 16:55:00;7611.25;7614.50;7608.25;7613.50
2026-10-09 17:00:00;7613.25;7614.00;7604.75;7607.75
2026-10-09 17:05:00;7607.75;7614.00;7607.75;7609.50
2026-10-09 17:10:00;7609.50;7614.00;7608.75;7609.75
2026-10-09 17:15:00;7609.75;7611.75;7608.00;7610.25
2026-10-09 17:20:00;7610.25;7613.00;7605.75;7612.50
2026-10-09 17:25:00;7612.50;7615.00;7610.75;7611.25
2026-10-09 17:30:00;7611.50;7615.50;7609.25;7614.00
2026-10-09 17:35:00;7613.75;7619.25;7610.00;7612.00
2026-10-09 17:40:00;7611.75;7613.75;7610.25;7613.25
2026-10-09 17:45:00;7613.50;7614.75;7606.75;7610.50
2026-10-09 17:50:00;7610.50;7613.00;7605.25;7605.50
2026-10-09 17:55:00;7605.25;7606.50;7601.25;7604.75
2026-10-09 18:00:00;7605.00;7610.25;7603.50;7605.00
2026-10-09 18:05:00;7604.75;7605.75;7599.75;7600.25
2026-10-09 18:10:00;7600.00;7602.75;7597.50;7600.50
2026-10-09 18:15:00;7600.25;7603.75;7598.00;7599.75
2026-10-09 18:20:00;7599.75;7602.50;7599.25;7600.00
2026-10-09 18:25:00;7599.75;7600.25;7597.00;7600.25
2026-10-09 18:30:00;7600.00;7603.50;7594.25;7594.25
2026-10-09 18:35:00;7594.25;7601.75;7591.50;7601.00
2026-10-09 18:40:00;7601.00;7608.50;7600.50;7607.25
2026-10-09 18:45:00;7607.25;7613.00;7607.00;7607.50
2026-10-09 18:50:00;7607.50;7611.25;7606.25;7611.00
2026-10-09 18:55:00;7611.00;7613.00;7609.75;7611.50
2026-10-09 19:00:00;7611.25;7617.75;7607.00;7609.50
2026-10-09 19:05:00;7609.75;7612.00;7607.50;7609.00
2026-10-09 19:10:00;7608.75;7613.75;7608.75;7609.50
2026-10-09 19:15:00;7609.50;7611.25;7607.75;7609.00
2026-10-09 19:20:00;7609.25;7610.25;7605.50;7606.00
2026-10-09 19:25:00;7606.00;7606.50;7604.25;7605.25
2026-10-09 19:30:00;7605.00;7607.25;7602.75;7605.00
2026-10-09 19:35:00;7605.00;7607.25;7599.50;7600.00
2026-10-09 19:40:00;7600.00;7604.00;7599.50;7603.50
2026-10-09 19:45:00;7603.75;7604.25;7601.25;7602.00
2026-10-09 19:50:00;7602.25;7605.00;7601.25;7603.25
2026-10-09 19:55:00;7603.25;7604.75;7601.25;7602.25
2026-10-09 20:00:00;7602.25;7605.25;7597.75;7599.00
2026-10-09 20:05:00;7599.00;7601.25;7596.00;7597.00
2026-10-09 20:10:00;7596.75;7598.50;7594.25;7596.50
2026-10-09 20:15:00;7596.25;7597.00;7594.00;7596.25
2026-10-09 20:20:00;7596.25;7600.00;7596.00;7597.50
2026-10-09 20:25:00;7597.50;7598.75;7595.25;7596.75
2026-10-09 20:30:00;7596.50;7596.50;7591.75;7595.25
2026-10-09 20:35:00;7595.50;7598.25;7594.25;7597.75
2026-10-09 20:40:00;7598.00;7598.75;7596.25;7597.75
2026-10-09 20:45:00;7597.50;7600.50;7593.50;7597.00
2026-10-09 20:50:00;7597.00;7603.50;7595.00;7599.25
2026-10-09 20:55:00;7599.25;7600.75;7596.00;7597.00
2026-10-09 21:00:00;7597.00;7597.00;7592.75;7592.75
2026-10-09 21:05:00;7592.50;7599.50;7592.50;7599.25
2026-10-09 21:10:00;7599.25;7599.25;7594.75;7597.50
2026-10-09 21:15:00;7597.75;7599.25;7593.00;7594.75
2026-10-09 21:20:00;7594.75;7596.75;7593.00;7596.50
2026-10-09 21:25:00;7596.50;7597.50;7594.75;7595.75
2026-10-09 21:30:00;7595.75;7599.75;7594.25;7599.00
2026-10-09 21:35:00;7599.25;7601.00;7596.25;7599.75
2026-10-09 21:40:00;7599.75;7602.75;7599.50;7600.00
2026-10-09 21:45:00;7600.25;7602.00;7597.50;7600.75
2026-10-09 21:50:00;7600.75;7602.75;7595.75;7598.50
2026-10-09 21:55:00;7598.50;7600.50;7596.00;7598.75
2026-10-09 22:00:00;7598.50;7599.50;7596.50;7598.00
2026-10-09 22:05:00;7598.00;7602.00;7595.75;7601.50
2026-10-09 22:10:00;7601.25;7606.25;7599.75;7605.75
2026-10-09 22:15:00;7606.00;7606.50;7603.75;7604.75
2026-10-09 22:20:00;7604.75;7606.25;7604.50;7605.50
2026-10-09 22:25:00;7605.50;7605.75;7603.25;7603.50
2026-10-09 22:30:00;7603.75;7604.50;7603.25;7604.50
2026-10-09 22:35:00;7604.25;7605.00;7603.75;7604.75
2026-10-09 22:40:00;7604.75;7605.00;7604.00;7604.00
2026-10-09 22:45:00;7604.25;7605.00;7603.75;7604.50
2026-10-09 22:50:00;7604.25;7605.50;7604.00;7605.00
2026-10-09 22:55:00;7605.00;7605.25;7599.25;7602.00
2026-11-09 00:00:00;7599.50;7603.25;7599.50;7602.50
2026-11-09 00:05:00;7602.50;7603.00;7600.25;7602.50
2026-11-09 00:10:00;7602.50;7603.75;7602.00;7602.75
2026-11-09 00:15:00;7602.50;7605.25;7602.50;7605.00
2026-11-09 00:20:00;7604.75;7607.25;7603.75;7604.25
2026-11-09 00:25:00;7604.25;7604.50;7601.00;7601.00
2026-11-09 00:30:00;7601.00;7602.00;7600.00;7601.25
2026-11-09 00:35:00;7601.25;7601.75;7600.50;7600.50
2026-11-09 00:40:00;7600.50;7600.75;7598.75;7599.00
2026-11-09 00:45:00;7599.00;7602.00;7598.25;7601.25
2026-11-09 00:50:00;7601.50;7601.50;7599.00;7599.00
2026-11-09 00:55:00;7599.25;7600.25;7598.75;7599.75
2026-11-09 01:00:00;7599.50;7601.25;7599.25;7599.50
2026-11-09 01:05:00;7599.50;7600.75;7599.50;7600.75
2026-11-09 01:10:00;7600.75;7601.50;7600.25;7601.25
2026-11-09 01:15:00;7601.25;7601.75;7600.75;7601.00
2026-11-09 01:20:00;7601.25;7601.50;7599.50;7599.50
2026-11-09 01:25:00;7599.75;7601.50;7599.75;7600.25
2026-11-09 01:30:00;7600.25;7601.75;7600.25;7601.00
2026-11-09 01:35:00;7600.75;7601.25;7600.00;7600.75
2026-11-09 01:40:00;7600.75;7601.25;7599.75;7601.00
2026-11-09 01:45:00;7601.00;7601.00;7599.25;7599.25
2026-11-09 01:50:00;7599.50;7599.75;7597.00;7597.50
2026-11-09 01:55:00;7597.25;7597.25;7594.50;7595.00
2026-11-09 02:00:00;7595.00;7601.25;7594.25;7600.25
2026-11-09 02:05:00;7600.25;7606.00;7600.00;7603.75
2026-11-09 02:10:00;7603.50;7606.25;7603.25;7604.25
2026-11-09 02:15:00;7604.50;7606.00;7603.50;7604.25
2026-11-09 02:20:00;7604.25;7606.25;7603.00;7605.50
2026-11-09 02:25:00;7605.25;7609.00;7604.75;7608.50
2026-11-09 02:30:00;7608.50;7608.50;7605.25;7606.75
2026-11-09 02:35:00;7606.50;7612.25;7606.50;7610.75
2026-11-09 02:40:00;7610.75;7611.00;7606.50;7606.75
2026-11-09 02:45:00;7607.00;7609.25;7606.75;7608.50
2026-11-09 02:50:00;7608.75;7611.75;7608.50;7611.25
2026-11-09 02:55:00;7611.25;7613.75;7610.75;7613.25
2026-11-09 03:00:00;7613.25;7616.25;7612.50;7615.25
2026-11-09 03:05:00;7615.25;7615.50;7613.00;7614.25
2026-11-09 03:10:00;7614.25;7615.50;7613.00;7613.25
2026-11-09 03:15:00;7613.25;7613.50;7611.50;7611.50
2026-11-09 03:20:00;7611.75;7612.00;7609.00;7609.75
2026-11-09 03:25:00;7609.75;7611.00;7609.00;7609.25
2026-11-09 03:30:00;7609.25;7611.25;7609.00;7610.00
2026-11-09 03:35:00;7610.25;7611.50;7607.75;7608.00
2026-11-09 03:40:00;7608.00;7608.75;7606.75;7608.50
2026-11-09 03:45:00;7608.50;7608.50;7606.75;7608.00
2026-11-09 03:50:00;7607.75;7608.50;7607.00;7608.00
2026-11-09 03:55:00;7608.00;7610.00;7607.75;7610.00
2026-11-09 04:00:00;7610.00;7611.25;7608.50;7609.00
2026-11-09 04:05:00;7609.25;7610.50;7608.50;7609.00
2026-11-09 04:10:00;7609.25;7610.75;7609.25;7610.00
2026-11-09 04:15:00;7610.25;7610.25;7607.50;7608.25
2026-11-09 04:20:00;7608.00;7609.00;7607.25;7607.50
2026-11-09 04:25:00;7607.75;7607.75;7605.00;7606.25
2026-11-09 04:30:00;7606.25;7606.75;7603.25;7603.75
2026-11-09 04:35:00;7603.50;7606.00;7603.50;7605.50
2026-11-09 04:40:00;7605.50;7606.50;7602.25;7603.00
2026-11-09 04:45:00;7603.25;7607.50;7602.50;7607.50
2026-11-09 04:50:00;7607.25;7608.00;7603.25;7603.50
2026-11-09 04:55:00;7603.50;7604.50;7602.75;7603.75
2026-11-09 05:00:00;7603.50;7604.25;7602.00;7602.25
2026-11-09 05:05:00;7602.25;7602.50;7601.00;7602.00
2026-11-09 05:10:00;7602.00;7602.75;7599.75;7602.25
2026-11-09 05:15:00;7602.00;7603.50;7601.00;7602.75
2026-11-09 05:20:00;7602.75;7603.00;7600.00;7600.50
2026-11-09 05:25:00;7600.50;7602.50;7600.25;7601.25
2026-11-09 05:30:00;7601.25;7601.50;7597.75;7599.25
2026-11-09 05:35:00;7599.25;7601.75;7598.50;7600.50
2026-11-09 05:40:00;7600.25;7604.25;7600.25;7603.75
2026-11-09 05:45:00;7603.75;7604.00;7599.75;7600.25
2026-11-09 05:50:00;7600.00;7601.75;7599.25;7601.50
2026-11-09 05:55:00;7601.50;7602.75;7600.75;7601.00
2026-11-09 06:00:00;7600.75;7604.25;7598.50;7603.00
2026-11-09 06:05:00;7603.00;7605.75;7602.50;7604.25
2026-11-09 06:10:00;7604.00;7607.25;7601.25;7606.75
2026-11-09 06:15:00;7606.50;7606.75;7604.75;7605.25
2026-11-09 06:20:00;7605.00;7608.00;7605.00;7608.00
2026-11-09 06:25:00;7608.00;7611.00;7608.00;7610.75
2026-11-09 06:30:00;7610.75;7612.25;7610.00;7610.25
2026-11-09 06:35:00;7610.00;7611.50;7610.00;7610.75
2026-11-09 06:40:00;7610.75;7612.50;7610.50;7612.50
2026-11-09 06:45:00;7612.50;7613.00;7611.50;7612.75
2026-11-09 06:50:00;7612.50;7614.50;7612.00;7612.75
2026-11-09 06:55:00;7612.75;7613.50;7611.00;7611.25
2026-11-09 07:00:00;7611.00;7611.75;7610.75;7611.75
2026-11-09 07:05:00;7611.75;7615.00;7611.25;7614.75
2026-11-09 07:10:00;7614.75;7616.50;7613.50;7616.25
2026-11-09 07:15:00;7616.25;7617.00;7613.50;7614.25
2026-11-09 07:20:00;7614.25;7615.00;7612.75;7614.25
2026-11-09 07:25:00;7614.25;7614.25;7611.50;7612.00
2026-11-09 07:30:00;7612.00;7615.75;7612.00;7615.00
2026-11-09 07:35:00;7615.25;7617.50;7614.75;7617.00
2026-11-09 07:40:00;7617.00;7620.75;7616.75;7620.25
2026-11-09 07:45:00;7620.00;7623.00;7617.50;7622.75
2026-11-09 07:50:00;7622.75;7625.50;7621.00;7624.50
2026-11-09 07:55:00;7624.50;7627.50;7624.25;7626.00
2026-11-09 08:00:00;7626.00;7626.50;7623.25;7623.50
2026-11-09 08:05:00;7623.50;7629.00;7622.50;7626.00
2026-11-09 08:10:00;7626.00;7629.50;7624.75;7627.75
2026-11-09 08:15:00;7628.00;7629.00;7626.50;7628.00
2026-11-09 08:20:00;7628.25;7628.50;7626.00;7627.25
2026-11-09 08:25:00;7627.25;7627.75;7625.25;7627.00
2026-11-09 08:30:00;7627.00;7629.00;7623.75;7624.25
2026-11-09 08:35:00;7624.50;7628.00;7624.50;7627.25
2026-11-09 08:40:00;7627.25;7627.25;7625.00;7626.25
2026-11-09 08:45:00;7626.50;7632.25;7626.50;7630.50
2026-11-09 08:50:00;7630.50;7631.50;7629.50;7630.50
2026-11-09 08:55:00;7630.50;7632.00;7629.75;7631.00
2026-11-09 09:00:00;7631.00;7632.75;7630.00;7632.75
2026-11-09 09:05:00;7633.00;7633.00;7630.50;7631.25
2026-11-09 09:10:00;7631.25;7632.75;7629.00;7630.50
2026-11-09 09:15:00;7630.50;7631.50;7628.75;7630.00
2026-11-09 09:20:00;7630.25;7631.25;7628.75;7630.00
2026-11-09 09:25:00;7630.00;7630.00;7627.00;7627.00
2026-11-09 09:30:00;7627.00;7629.00;7625.50;7625.75
2026-11-09 09:35:00;7625.75;7628.00;7625.75;7627.25
2026-11-09 09:40:00;7627.25;7627.50;7625.25;7626.25
2026-11-09 09:45:00;7626.00;7626.50;7624.50;7625.00
2026-11-09 09:50:00;7624.75;7626.25;7624.75;7625.75
2026-11-09 09:55:00;7625.75;7627.50;7625.50;7626.75
2026-11-09 10:00:00;7626.75;7630.25;7625.25;7626.00
2026-11-09 10:05:00;7626.00;7626.50;7623.50;7624.25
2026-11-09 10:10:00;7624.25;7628.50;7623.25;7627.00
2026-11-09 10:15:00;7627.00;7631.00;7626.00;7628.50
2026-11-09 10:20:00;7628.50;7644.25;7628.25;7635.00
2026-11-09 10:25:00;7635.00;7635.75;7630.50;7631.25
2026-11-09 10:30:00;7631.25;7638.00;7631.25;7636.50
2026-11-09 10:35:00;7636.75;7637.25;7634.50;7634.75
2026-11-09 10:40:00;7635.00;7636.00;7633.75;7634.50
2026-11-09 10:45:00;7634.50;7637.50;7633.50;7636.50
2026-11-09 10:50:00;7636.50;7642.25;7636.50;7640.75
2026-11-09 10:55:00;7640.50;7643.75;7640.00;7643.75
2026-11-09 11:00:00;7643.75;7647.75;7642.75;7643.25
2026-11-09 11:05:00;7643.25;7643.25;7639.25;7639.25
2026-11-09 11:10:00;7639.25;7640.00;7637.25;7637.50
2026-11-09 11:15:00;7637.25;7639.75;7636.50;7639.25
2026-11-09 11:20:00;7639.25;7640.25;7638.50;7639.00
2026-11-09 11:25:00;7639.25;7639.75;7638.50;7638.75
2026-11-09 11:30:00;7638.75;7640.25;7638.50;7639.50
2026-11-09 11:35:00;7639.75;7640.25;7639.00;7640.00
2026-11-09 11:40:00;7639.75;7640.75;7639.00;7639.25
2026-11-09 11:45:00;7639.25;7641.00;7638.75;7640.00
2026-11-09 11:50:00;7640.00;7640.50;7639.25;7639.75
2026-11-09 11:55:00;7639.75;7642.25;7639.50;7641.00
2026-11-09 12:00:00;7640.75;7645.25;7635.50;7644.75
2026-11-09 12:05:00;7644.50;7644.50;7643.00;7643.75
2026-11-09 12:10:00;7643.75;7644.00;7641.50;7642.25
2026-11-09 12:15:00;7642.50;7643.50;7641.25;7642.50
2026-11-09 12:20:00;7642.25;7643.25;7640.25;7641.75
2026-11-09 12:25:00;7641.75;7642.25;7639.75;7640.75
2026-11-09 12:30:00;7640.75;7642.75;7640.25;7642.50
2026-11-09 12:35:00;7642.50;7643.50;7640.50;7641.75
2026-11-09 12:40:00;7641.75;7641.75;7640.00;7640.00
2026-11-09 12:45:00;7640.00;7640.00;7638.00;7638.75
2026-11-09 12:50:00;7638.75;7639.75;7638.00;7638.50
2026-11-09 12:55:00;7638.50;7639.50;7638.00;7638.50
2026-11-09 13:00:00;7638.75;7639.50;7637.75;7638.50
2026-11-09 13:05:00;7638.25;7638.50;7635.50;7636.50
2026-11-09 13:10:00;7636.25;7637.25;7635.75;7636.25
2026-11-09 13:15:00;7636.25;7638.75;7635.50;7638.50
2026-11-09 13:20:00;7638.75;7638.75;7636.00;7638.25
2026-11-09 13:25:00;7638.25;7641.25;7638.25;7639.50
2026-11-09 13:30:00;7639.50;7640.50;7636.25;7636.50
2026-11-09 13:35:00;7636.75;7638.50;7635.75;7638.00
2026-11-09 13:40:00;7637.75;7640.50;7637.50;7640.50
2026-11-09 13:45:00;7640.75;7641.50;7637.75;7641.00
2026-11-09 13:50:00;7641.00;7641.00;7639.00;7640.50
2026-11-09 13:55:00;7640.50;7642.50;7640.00;7640.75
2026-11-09 14:00:00;7640.75;7641.25;7637.50;7639.50
2026-11-09 14:05:00;7639.50;7640.25;7638.25;7640.25
2026-11-09 14:10:00;7640.50;7644.00;7639.25;7641.75
2026-11-09 14:15:00;7641.75;7645.75;7640.75;7644.50
2026-11-09 14:20:00;7644.75;7646.75;7643.25;7643.50
2026-11-09 14:25:00;7643.75;7657.50;7642.75;7653.75
2026-11-09 14:30:00;7653.50;7655.25;7620.50;7643.00
2026-11-09 14:35:00;7642.75;7650.50;7640.25;7647.75
2026-11-09 14:40:00;7647.50;7650.00;7644.75;7646.50
2026-11-09 14:45:00;7646.75;7658.25;7644.75;7656.00
2026-11-09 14:50:00;7656.00;7668.75;7655.50;7667.25
2026-11-09 14:55:00;7667.25;7677.50;7666.50;7676.25
2026-11-09 15:00:00;7676.25;7683.50;7675.75;7677.25
2026-11-09 15:05:00;7677.25;7680.25;7671.25;7673.50
2026-11-09 15:10:00;7673.25;7674.50;7665.50;7667.25
2026-11-09 15:15:00;7667.50;7669.00;7665.25;7665.75
2026-11-09 15:20:00;7665.75;7668.25;7665.75;7667.00
2026-11-09 15:25:00;7667.00;7673.00;7664.50;7665.00
2026-11-09 15:30:00;7665.00;7676.50;7659.75;7675.50
2026-11-09 15:35:00;7675.25;7677.75;7671.50;7673.50
2026-11-09 15:40:00;7673.25;7676.50;7664.25;7672.25
2026-11-09 15:45:00;7672.50;7677.00;7665.75;7667.75
2026-11-09 15:50:00;7667.50;7670.75;7664.75;7668.75
2026-11-09 15:55:00;7668.75;7682.00;7667.75;7681.00
2026-11-09 16:00:00;7681.00;7681.25;7671.25;7672.25
2026-11-09 16:05:00;7672.25;7673.75;7667.00;7672.00
2026-11-09 16:10:00;7672.00;7674.75;7664.50;7666.50
2026-11-09 16:15:00;7666.75;7675.50;7664.00;7674.75
2026-11-09 16:20:00;7675.00;7678.25;7673.50;7675.25
2026-11-09 16:25:00;7675.50;7678.75;7673.50;7675.00
2026-11-09 16:30:00;7675.00;7676.00;7664.25;7664.75
2026-11-09 16:35:00;7664.75;7665.00;7657.75;7660.50
2026-11-09 16:40:00;7660.50;7665.00;7656.00;7657.75
2026-11-09 16:45:00;7657.75;7665.50;7653.25;7664.50
2026-11-09 16:50:00;7664.50;7665.00;7657.25;7658.00
2026-11-09 16:55:00;7658.00;7659.50;7654.25;7657.25
2026-11-09 17:00:00;7657.25;7664.25;7655.25;7664.25
2026-11-09 17:05:00;7664.00;7670.25;7663.25;7666.50
2026-11-09 17:10:00;7666.50;7667.25;7658.50;7663.50
2026-11-09 17:15:00;7663.50;7673.25;7663.50;7671.50
2026-11-09 17:20:00;7671.50;7676.75;7670.75;7676.25
2026-11-09 17:25:00;7676.25;7680.25;7674.25;7677.50
2026-11-09 17:30:00;7677.50;7679.25;7675.00;7676.50
2026-11-09 17:35:00;7676.50;7678.25;7673.75;7677.00
2026-11-09 17:40:00;7677.25;7680.50;7676.25;7679.00
2026-11-09 17:45:00;7679.00;7679.25;7675.25;7676.75
2026-11-09 17:50:00;7676.75;7677.50;7671.75;7673.00
2026-11-09 17:55:00;7673.00;7676.00;7671.50;7675.00
2026-11-09 18:00:00;7674.75;7680.00;7674.75;7679.25
2026-11-09 18:05:00;7679.25;7679.75;7675.25;7676.75
2026-11-09 18:10:00;7677.00;7678.00;7673.00;7673.50
2026-11-09 18:15:00;7673.75;7674.25;7671.50;7672.75
2026-11-09 18:20:00;7672.75;7674.00;7670.25;7671.25
2026-11-09 18:25:00;7671.25;7673.75;7666.25;7667.00
2026-11-09 18:30:00;7667.00;7675.50;7665.75;7673.50
2026-11-09 18:35:00;7673.50;7673.75;7666.75;7667.00
2026-11-09 18:40:00;7667.00;7672.50;7666.25;7672.00
2026-11-09 18:45:00;7672.00;7673.75;7670.75;7671.00
2026-11-09 18:50:00;7670.75;7673.50;7670.50;7671.75
2026-11-09 18:55:00;7672.00;7674.50;7671.75;7674.25
2026-11-09 19:00:00;7674.25;7676.50;7673.25;7674.00
2026-11-09 19:05:00;7674.25;7678.75;7673.75;7675.00
2026-11-09 19:10:00;7675.00;7676.75;7673.00;7673.25
2026-11-09 19:15:00;7673.50;7677.00;7673.50;7676.75
2026-11-09 19:20:00;7677.00;7680.50;7676.50;7680.00
2026-11-09 19:25:00;7680.25;7681.00;7677.00;7677.50
2026-11-09 19:30:00;7677.75;7680.25;7676.75;7677.75
2026-11-09 19:35:00;7677.50;7678.25;7675.50;7676.00
2026-11-09 19:40:00;7675.75;7677.75;7675.50;7676.50
2026-11-09 19:45:00;7676.25;7677.25;7675.00;7676.75
2026-11-09 19:50:00;7676.75;7677.50;7676.00;7676.25
2026-11-09 19:55:00;7676.25;7676.25;7674.00;7674.75
2026-11-09 20:00:00;7675.00;7677.75;7674.50;7676.50
2026-11-09 20:05:00;7676.50;7676.50;7673.50;7674.50
2026-11-09 20:10:00;7674.75;7675.00;7672.75;7673.50
2026-11-09 20:15:00;7673.25;7675.00;7672.75;7673.75
2026-11-09 20:20:00;7673.50;7673.75;7668.75;7671.25
2026-11-09 20:25:00;7671.25;7673.25;7669.75;7672.00
2026-11-09 20:30:00;7672.00;7673.50;7669.00;7672.00
2026-11-09 20:35:00;7672.00;7673.25;7670.00;7670.50
2026-11-09 20:40:00;7670.50;7671.75;7668.50;7669.25
2026-11-09 20:45:00;7669.00;7671.50;7667.50;7668.25
2026-11-09 20:50:00;7668.00;7669.50;7668.00;7668.50
2026-11-09 20:55:00;7668.25;7670.25;7667.00;7668.00
2026-11-09 21:00:00;7668.00;7669.50;7667.50;7669.25
2026-11-09 21:05:00;7669.00;7669.00;7664.75;7665.25
2026-11-09 21:10:00;7665.25;7666.75;7663.00;7666.75
2026-11-09 21:15:00;7666.75;7668.50;7666.25;7667.50
2026-11-09 21:20:00;7667.50;7669.75;7666.50;7669.50
2026-11-09 21:25:00;7669.50;7670.50;7667.50;7667.75
2026-11-09 21:30:00;7667.75;7668.75;7666.25;7667.00
2026-11-09 21:35:00;7667.25;7667.75;7666.00;7666.50
2026-11-09 21:40:00;7666.75;7668.00;7666.25;7667.50
2026-11-09 21:45:00;7667.50;7667.75;7664.50;7664.50
2026-11-09 21:50:00;7664.75;7665.50;7661.75;7664.00
2026-11-09 21:55:00;7664.00;7664.50;7657.50;7658.75
2026-11-09 22:00:00;7658.75;7661.25;7658.50;7660.75
2026-11-09 22:05:00;7661.00;7661.75;7660.50;7661.25
2026-11-09 22:10:00;7661.25;7662.00;7659.50;7660.50
2026-11-09 22:15:00;7660.50;7660.75;7659.75;7660.00
2026-11-09 22:20:00;7660.00;7661.75;7660.00;7661.50
2026-11-09 22:25:00;7661.75;7661.75;7660.50;7661.00
2026-11-09 22:30:00;7661.00;7663.50;7660.75;7662.25
2026-11-09 22:35:00;7662.25;7662.75;7661.75;7661.75
2026-11-09 22:40:00;7662.00;7662.25;7660.00;7660.75
2026-11-09 22:45:00;7661.00;7661.25;7659.75;7660.25
2026-11-09 22:50:00;7660.25;7661.50;7660.00;7661.50
2026-11-09 22:55:00;7661.25;7661.50;7660.00;7660.75
2026-14-09 00:00:00;7680.00;7693.00;7672.50;7684.50
2026-14-09 00:05:00;7684.25;7688.00;7675.75;7676.25
2026-14-09 00:10:00;7676.00;7679.75;7674.25;7678.75
2026-14-09 00:15:00;7679.25;7680.50;7676.00;7680.25
2026-14-09 00:20:00;7680.00;7681.75;7679.00;7680.75
2026-14-09 00:25:00;7680.75;7685.75;7680.75;7685.50
2026-14-09 00:30:00;7685.50;7689.50;7684.75;7688.75
2026-14-09 00:35:00;7688.75;7688.75;7685.75;7687.75
2026-14-09 00:40:00;7687.50;7687.50;7684.00;7684.25
2026-14-09 00:45:00;7684.25;7686.25;7683.50;7685.25
2026-14-09 00:50:00;7685.25;7686.75;7684.75;7686.25
2026-14-09 00:55:00;7686.25;7687.25;7685.25;7685.50
2026-14-09 01:00:00;7685.50;7686.75;7684.25;7684.75
2026-14-09 01:05:00;7684.75;7686.25;7684.50;7686.25
2026-14-09 01:10:00;7686.00;7687.25;7685.75;7686.50
2026-14-09 01:15:00;7686.75;7687.00;7686.00;7686.00
2026-14-09 01:20:00;7685.75;7690.75;7685.75;7690.75
2026-14-09 01:25:00;7690.75;7691.75;7689.50;7691.75
2026-14-09 01:30:00;7691.50;7692.25;7690.50;7690.50
2026-14-09 01:35:00;7690.25;7690.25;7685.00;7686.50
2026-14-09 01:40:00;7686.50;7687.75;7684.75;7685.75
2026-14-09 01:45:00;7685.50;7685.50;7682.50;7683.50
2026-14-09 01:50:00;7683.50;7686.25;7683.00;7683.50
2026-14-09 01:55:00;7683.50;7684.00;7681.25;7682.25
2026-14-09 02:00:00;7682.00;7686.75;7681.00;7685.25
2026-14-09 02:05:00;7685.25;7690.00;7685.25;7689.50
2026-14-09 02:10:00;7689.25;7690.25;7686.50;7688.00
2026-14-09 02:15:00;7687.75;7690.00;7686.75;7688.25
2026-14-09 02:20:00;7688.00;7688.25;7686.00;7687.50
2026-14-09 02:25:00;7687.50;7688.00;7684.50;7686.50
2026-14-09 02:30:00;7686.75;7689.25;7686.50;7688.00
2026-14-09 02:35:00;7688.25;7689.00;7686.00;7686.50
2026-14-09 02:40:00;7686.50;7690.25;7686.00;7689.75
2026-14-09 02:45:00;7690.00;7691.25;7689.00;7690.25
2026-14-09 02:50:00;7690.25;7691.25;7689.75;7691.00
2026-14-09 02:55:00;7691.00;7691.25;7688.25;7688.50
2026-14-09 03:00:00;7688.25;7691.25;7687.00;7689.25
2026-14-09 03:05:00;7689.25;7691.25;7689.00;7691.00
2026-14-09 03:10:00;7691.00;7692.50;7688.75;7689.00
2026-14-09 03:15:00;7688.75;7689.25;7687.50;7688.00
2026-14-09 03:20:00;7688.00;7689.50;7687.00;7688.75
2026-14-09 03:25:00;7688.50;7691.00;7687.75;7690.50
2026-14-09 03:30:00;7690.75;7691.00;7688.50;7689.00
2026-14-09 03:35:00;7689.25;7694.00;7689.25;7693.75
2026-14-09 03:40:00;7693.75;7694.75;7692.75;7693.75
2026-14-09 03:45:00;7694.00;7697.50;7693.75;7697.25
2026-14-09 03:50:00;7697.25;7699.00;7697.00;7698.75
2026-14-09 03:55:00;7698.50;7701.25;7698.25;7699.75
2026-14-09 04:00:00;7699.75;7700.50;7698.25;7698.25
2026-14-09 04:05:00;7698.25;7701.00;7698.25;7699.75
2026-14-09 04:10:00;7699.50;7700.75;7699.00;7699.25
2026-14-09 04:15:00;7699.25;7699.75;7698.00;7699.25
2026-14-09 04:20:00;7699.00;7700.25;7698.75;7699.00
2026-14-09 04:25:00;7699.00;7699.50;7698.75;7699.00
2026-14-09 04:30:00;7698.75;7700.00;7698.25;7699.25
2026-14-09 04:35:00;7699.00;7699.25;7697.75;7697.75
2026-14-09 04:40:00;7697.75;7698.25;7695.50;7696.50
2026-14-09 04:45:00;7696.00;7698.50;7696.00;7698.25
2026-14-09 04:50:00;7698.25;7698.75;7698.00;7698.00
2026-14-09 04:55:00;7698.00;7698.00;7696.25;7696.75
2026-14-09 05:00:00;7696.50;7696.50;7694.25;7694.25
2026-14-09 05:05:00;7694.00;7695.50;7694.00;7695.00
2026-14-09 05:10:00;7695.00;7695.00;7692.50;7692.75
2026-14-09 05:15:00;7692.75;7693.50;7691.25;7692.25
2026-14-09 05:20:00;7692.25;7692.75;7691.50;7692.50
2026-14-09 05:25:00;7692.75;7693.75;7691.75;7693.50
2026-14-09 05:30:00;7693.50;7693.50;7690.75;7691.50
2026-14-09 05:35:00;7691.75;7692.00;7690.50;7691.00
2026-14-09 05:40:00;7691.25;7691.25;7689.50;7690.00
2026-14-09 05:45:00;7690.00;7691.00;7689.00;7690.25
2026-14-09 05:50:00;7690.00;7691.00;7689.25;7690.75
2026-14-09 05:55:00;7690.75;7690.75;7689.00;7689.50
2026-14-09 06:00:00;7689.75;7691.25;7689.50;7691.25
2026-14-09 06:05:00;7691.25;7691.50;7689.75;7690.25
2026-14-09 06:10:00;7690.25;7690.25;7688.25;7688.25
2026-14-09 06:15:00;7688.25;7689.25;7688.00;7689.25
2026-14-09 06:20:00;7689.50;7689.50;7688.50;7689.50
2026-14-09 06:25:00;7689.50;7690.00;7689.25;7689.25
2026-14-09 06:30:00;7689.25;7689.25;7686.50;7686.75
2026-14-09 06:35:00;7687.00;7689.50;7686.25;7689.50
2026-14-09 06:40:00;7689.25;7690.00;7686.50;7687.50
2026-14-09 06:45:00;7687.25;7689.50;7687.00;7689.00
2026-14-09 06:50:00;7689.25;7690.50;7687.50;7687.75
2026-14-09 06:55:00;7687.50;7688.50;7686.75;7687.25
2026-14-09 07:00:00;7687.25;7688.00;7686.75;7688.00
2026-14-09 07:05:00;7687.75;7688.50;7687.00;7687.25
2026-14-09 07:10:00;7687.25;7687.75;7686.00;7687.50
2026-14-09 07:15:00;7687.75;7687.75;7685.50;7686.00
2026-14-09 07:20:00;7686.25;7686.25;7683.50;7683.75
2026-14-09 07:25:00;7684.00;7687.00;7683.50;7686.25
2026-14-09 07:30:00;7686.25;7687.25;7685.00;7686.00
2026-14-09 07:35:00;7686.25;7688.00;7685.25;7686.75
2026-14-09 07:40:00;7686.50;7686.75;7682.50;7684.25
2026-14-09 07:45:00;7684.50;7685.50;7682.75;7683.25
2026-14-09 07:50:00;7683.25;7686.50;7682.75;7686.50
2026-14-09 07:55:00;7686.75;7687.25;7685.00;7687.25
2026-14-09 08:00:00;7687.50;7690.25;7686.75;7689.50
2026-14-09 08:05:00;7689.50;7690.50;7688.50;7689.50
2026-14-09 08:10:00;7689.50;7691.75;7689.00;7690.50
2026-14-09 08:15:00;7690.25;7691.00;7689.50;7690.25
2026-14-09 08:20:00;7690.25;7691.00;7687.50;7690.25
2026-14-09 08:25:00;7689.75;7690.75;7688.25;7688.50
2026-14-09 08:30:00;7688.25;7688.25;7683.50;7684.50
2026-14-09 08:35:00;7684.50;7684.75;7683.25;7684.25
2026-14-09 08:40:00;7684.25;7684.75;7679.25;7681.50
2026-14-09 08:45:00;7681.75;7683.00;7679.25;7679.25
2026-14-09 08:50:00;7679.50;7681.50;7679.00;7680.25
2026-14-09 08:55:00;7680.00;7681.00;7675.50;7677.00
2026-14-09 09:00:00;7677.00;7680.50;7674.50;7680.50
2026-14-09 09:05:00;7680.50;7682.25;7678.75;7680.50
2026-14-09 09:10:00;7680.25;7683.00;7678.50;7682.00
2026-14-09 09:15:00;7681.75;7682.50;7679.25;7680.00
2026-14-09 09:20:00;7679.75;7682.50;7678.00;7681.00
2026-14-09 09:25:00;7681.25;7681.75;7678.00;7678.75
2026-14-09 09:30:00;7678.75;7680.50;7678.00;7678.75
2026-14-09 09:35:00;7678.50;7679.25;7677.00;7677.50
2026-14-09 09:40:00;7677.75;7678.75;7672.50;7673.50
2026-14-09 09:45:00;7673.50;7676.00;7672.25;7675.25
2026-14-09 09:50:00;7675.25;7675.50;7671.25;7673.25
2026-14-09 09:55:00;7673.25;7676.50;7673.25;7675.75
2026-14-09 10:00:00;7676.00;7680.75;7674.75;7679.00
2026-14-09 10:05:00;7679.00;7680.75;7677.50;7680.50
2026-14-09 10:10:00;7680.50;7680.50;7675.75;7677.75
2026-14-09 10:15:00;7677.75;7678.00;7674.00;7674.75
2026-14-09 10:20:00;7674.75;7676.25;7673.50;7674.00
2026-14-09 10:25:00;7674.00;7674.75;7670.75;7671.00
2026-14-09 10:30:00;7671.00;7674.25;7670.75;7673.00
2026-14-09 10:35:00;7673.25;7676.50;7673.25;7676.50
2026-14-09 10:40:00;7676.75;7677.50;7674.50;7675.00
2026-14-09 10:45:00;7675.00;7676.25;7670.00;7672.00
2026-14-09 10:50:00;7672.00;7673.75;7669.50;7669.75
2026-14-09 10:55:00;7669.75;7675.50;7669.50;7675.25
2026-14-09 11:00:00;7675.25;7676.75;7673.75;7674.25
2026-14-09 11:05:00;7674.25;7675.50;7672.75;7674.00
2026-14-09 11:10:00;7673.75;7675.00;7667.00;7668.50
2026-14-09 11:15:00;7668.25;7668.50;7665.25;7665.75
2026-14-09 11:20:00;7665.50;7666.75;7661.25;7662.25
2026-14-09 11:25:00;7662.00;7668.00;7661.75;7666.75
2026-14-09 11:30:00;7666.75;7668.75;7666.00;7666.50
2026-14-09 11:35:00;7666.50;7666.50;7662.75;7663.50
2026-14-09 11:40:00;7663.50;7666.50;7661.75;7662.25
2026-14-09 11:45:00;7662.25;7665.25;7661.75;7663.00
2026-14-09 11:50:00;7663.00;7666.00;7661.75;7665.50
2026-14-09 11:55:00;7665.50;7666.25;7662.50;7664.25
2026-14-09 12:00:00;7664.25;7666.00;7663.50;7664.75
2026-14-09 12:05:00;7665.00;7666.75;7664.25;7665.50
2026-14-09 12:10:00;7665.50;7668.25;7665.00;7666.75
2026-14-09 12:15:00;7666.75;7667.25;7663.75;7665.25
2026-14-09 12:20:00;7665.25;7670.25;7665.25;7669.50
2026-14-09 12:25:00;7669.50;7671.75;7669.50;7671.25
2026-14-09 12:30:00;7671.50;7672.75;7670.75;7672.50
2026-14-09 12:35:00;7672.50;7674.50;7672.50;7672.75
2026-14-09 12:40:00;7672.75;7676.25;7672.25;7675.00
2026-14-09 12:45:00;7675.00;7677.00;7675.00;7676.25
2026-14-09 12:50:00;7676.25;7676.75;7673.75;7674.25
2026-14-09 12:55:00;7674.00;7678.25;7674.00;7676.75
2026-14-09 13:00:00;7676.75;7679.50;7674.25;7679.25
2026-14-09 13:05:00;7679.25;7680.25;7678.25;7679.50
2026-14-09 13:10:00;7679.50;7681.25;7677.00;7679.25
2026-14-09 13:15:00;7679.25;7681.25;7679.25;7680.75
2026-14-09 13:20:00;7680.75;7682.75;7679.50;7682.25
2026-14-09 13:25:00;7682.25;7684.75;7681.75;7684.25
2026-14-09 13:30:00;7684.25;7685.25;7680.75;7681.25
2026-14-09 13:35:00;7681.25;7682.00;7677.75;7681.50
2026-14-09 13:40:00;7681.50;7684.25;7681.00;7682.25
2026-14-09 13:45:00;7682.50;7684.00;7679.50;7683.25
2026-14-09 13:50:00;7683.25;7683.25;7679.00;7680.50
2026-14-09 13:55:00;7680.75;7681.75;7678.50;7678.75
2026-14-09 14:00:00;7678.75;7679.00;7674.25;7675.25
2026-14-09 14:05:00;7675.25;7678.00;7673.75;7677.00
2026-14-09 14:10:00;7677.00;7679.50;7675.50;7677.00
2026-14-09 14:15:00;7677.00;7682.25;7676.50;7677.75
2026-14-09 14:20:00;7678.00;7679.25;7676.00;7677.50
2026-14-09 14:25:00;7677.50;7677.75;7674.50;7676.75
2026-14-09 14:30:00;7676.75;7679.25;7672.75;7673.75
2026-14-09 14:35:00;7673.75;7674.00;7663.00;7667.75
2026-14-09 14:40:00;7667.75;7675.00;7663.25;7674.25
2026-14-09 14:45:00;7674.25;7676.00;7670.50;7672.75
2026-14-09 14:50:00;7672.75;7674.25;7670.00;7670.75
2026-14-09 14:55:00;7670.75;7674.00;7668.50;7673.50
2026-14-09 15:00:00;7673.50;7673.50;7664.75;7666.00
2026-14-09 15:05:00;7666.00;7668.50;7663.50;7666.00
2026-14-09 15:10:00;7666.00;7674.25;7665.25;7673.25
2026-14-09 15:15:00;7673.25;7675.75;7671.75;7674.75
2026-14-09 15:20:00;7674.75;7676.25;7674.00;7674.75
2026-14-09 15:25:00;7674.75;7675.75;7672.50;7673.25
2026-14-09 15:30:00;7673.50;7675.75;7668.75;7670.50
2026-14-09 15:35:00;7670.50;7672.50;7668.00;7669.00
2026-14-09 15:40:00;7669.25;7678.50;7667.75;7677.50
2026-14-09 15:45:00;7677.75;7689.50;7677.50;7686.50
2026-14-09 15:50:00;7686.75;7690.00;7684.00;7685.25
2026-14-09 15:55:00;7685.50;7686.00;7681.25;7683.25
2026-14-09 16:00:00;7683.25;7689.25;7682.50;7688.00
2026-14-09 16:05:00;7688.00;7694.75;7686.50;7692.25
2026-14-09 16:10:00;7692.25;7694.00;7687.50;7687.75
2026-14-09 16:15:00;7688.00;7690.00;7681.00;7681.75
2026-14-09 16:20:00;7682.00;7682.00;7671.25;7671.25
2026-14-09 16:25:00;7671.25;7671.75;7665.25;7671.25
2026-14-09 16:30:00;7671.00;7674.50;7668.00;7674.00
2026-14-09 16:35:00;7674.00;7674.00;7666.00;7667.75
2026-14-09 16:40:00;7667.75;7670.00;7664.00;7669.75
2026-14-09 16:45:00;7670.00;7673.75;7667.75;7669.50
2026-14-09 16:50:00;7669.50;7669.75;7664.00;7665.25
2026-14-09 16:55:00;7665.25;7669.25;7662.25;7669.00
2026-14-09 17:00:00;7668.75;7669.00;7664.75;7665.25
2026-14-09 17:05:00;7665.25;7682.50;7664.50;7674.25
2026-14-09 17:10:00;7674.50;7675.25;7669.25;7669.25
2026-14-09 17:15:00;7669.25;7675.00;7668.00;7673.75
2026-14-09 17:20:00;7674.00;7679.00;7672.75;7678.75
2026-14-09 17:25:00;7678.50;7682.25;7676.25;7679.50
2026-14-09 17:30:00;7679.25;7692.50;7678.00;7691.50
2026-14-09 17:35:00;7691.50;7696.25;7688.00;7696.00
2026-14-09 17:40:00;7696.00;7706.50;7693.75;7705.00
2026-14-09 17:45:00;7705.25;7705.50;7698.50;7698.75
2026-14-09 17:50:00;7698.50;7703.00;7697.00;7702.50
2026-14-09 17:55:00;7702.25;7704.50;7701.00;7702.00
2026-14-09 18:00:00;7701.75;7703.50;7697.25;7697.25
2026-14-09 18:05:00;7697.25;7699.25;7696.00;7698.25
2026-14-09 18:10:00;7698.00;7701.00;7697.75;7698.75
2026-14-09 18:15:00;7699.00;7709.00;7698.75;7708.00
2026-14-09 18:20:00;7708.00;7710.50;7704.50;7708.25
2026-14-09 18:25:00;7708.50;7709.25;7703.00;7704.25
2026-14-09 18:30:00;7704.25;7708.75;7703.50;7703.75
2026-14-09 18:35:00;7703.50;7705.75;7702.25;7704.75
2026-14-09 18:40:00;7704.50;7707.25;7703.25;7707.25
2026-14-09 18:45:00;7707.25;7719.25;7704.50;7717.00
2026-14-09 18:50:00;7717.00;7719.75;7714.50;7714.75
2026-14-09 18:55:00;7715.00;7715.25;7709.50;7713.00
2026-14-09 19:00:00;7713.00;7714.75;7709.25;7710.75
2026-14-09 19:05:00;7710.75;7712.25;7707.50;7708.50
2026-14-09 19:10:00;7708.50;7712.50;7705.50;7705.50
2026-14-09 19:15:00;7705.75;7706.75;7703.00;7704.50
2026-14-09 19:20:00;7704.50;7708.25;7704.25;7707.00
2026-14-09 19:25:00;7707.00;7711.25;7705.75;7711.25
2026-14-09 19:30:00;7711.25;7712.75;7709.00;7710.75
2026-14-09 19:35:00;7710.75;7712.75;7709.25;7712.50
2026-14-09 19:40:00;7712.25;7712.50;7709.25;7710.25
2026-14-09 19:45:00;7710.25;7712.50;7709.50;7710.75
2026-14-09 19:50:00;7710.75;7712.75;7709.75;7712.00
2026-14-09 19:55:00;7712.00;7712.50;7707.50;7707.50
2026-14-09 20:00:00;7707.50;7712.25;7706.00;7706.50
2026-14-09 20:05:00;7706.50;7710.25;7705.25;7708.50
2026-14-09 20:10:00;7708.50;7708.75;7705.75;7707.50
2026-14-09 20:15:00;7707.75;7709.00;7706.00;7706.75
2026-14-09 20:20:00;7706.75;7707.50;7705.25;7705.50
2026-14-09 20:25:00;7705.50;7706.25;7703.25;7704.50
2026-14-09 20:30:00;7704.75;7708.00;7704.00;7706.50
2026-14-09 20:35:00;7706.50;7709.25;7706.25;7707.50
2026-14-09 20:40:00;7707.50;7709.50;7706.50;7707.75
2026-14-09 20:45:00;7707.75;7709.75;7705.25;7709.50
2026-14-09 20:50:00;7709.25;7709.75;7707.25;7707.50
2026-14-09 20:55:00;7707.50;7709.00;7705.25;7705.50
2026-14-09 21:00:00;7705.50;7706.50;7703.00;7703.50
2026-14-09 21:05:00;7703.75;7704.25;7700.50;7703.00
2026-14-09 21:10:00;7702.75;7705.75;7702.75;7704.75
2026-14-09 21:15:00;7704.75;7705.00;7702.25;7703.25
2026-14-09 21:20:00;7703.25;7704.00;7700.75;7702.75
2026-14-09 21:25:00;7702.50;7703.50;7701.50;7702.00
2026-14-09 21:30:00;7701.75;7704.00;7701.25;7702.00
2026-14-09 21:35:00;7702.00;7702.25;7700.25;7700.75
2026-14-09 21:40:00;7700.75;7702.00;7700.00;7700.50
2026-14-09 21:45:00;7700.50;7703.00;7700.25;7702.00
2026-14-09 21:50:00;7701.75;7703.25;7695.50;7697.25
2026-14-09 21:55:00;7697.25;7698.25;7691.25;7692.50
2026-14-09 22:00:00;7692.75;7694.75;7690.50;7692.25
2026-14-09 22:05:00;7692.25;7692.50;7690.75;7691.25
2026-14-09 22:10:00;7691.00;7693.00;7690.75;7692.25
2026-14-09 22:15:00;7692.25;7692.50;7689.50;7692.00
2026-14-09 22:20:00;7692.25;7694.75;7692.25;7694.50
2026-14-09 22:25:00;7694.50;7695.75;7694.00;7695.50
2026-14-09 22:30:00;7695.50;7695.75;7694.00;7694.75
2026-14-09 22:35:00;7694.75;7695.75;7694.25;7695.00
2026-14-09 22:40:00;7695.00;7695.75;7694.75;7695.00
2026-14-09 22:45:00;7695.00;7698.00;7695.00;7698.00
2026-14-09 22:50:00;7698.00;7699.25;7697.50;7699.00
2026-14-09 22:55:00;7699.25;7700.25;7698.25;7700.00
2026-15-09 00:00:00;7699.25;7700.25;7696.00;7698.00
2026-15-09 00:05:00;7697.75;7697.75;7695.50;7696.00
2026-15-09 00:10:00;7696.25;7697.00;7696.00;7696.75
2026-15-09 00:15:00;7696.75;7697.50;7695.00;7696.25
2026-15-09 00:20:00;7696.50;7696.75;7696.00;7696.25
2026-15-09 00:25:00;7696.25;7696.50;7695.00;7696.25
2026-15-09 00:30:00;7696.50;7697.25;7696.25;7697.00
2026-15-09 00:35:00;7697.00;7697.25;7696.25;7696.25
2026-15-09 00:40:00;7696.25;7696.25;7695.50;7695.50
2026-15-09 00:45:00;7695.75;7697.50;7695.75;7697.50
2026-15-09 00:50:00;7697.50;7698.50;7697.50;7697.75
2026-15-09 00:55:00;7697.75;7697.75;7696.75;7696.75
2026-15-09 01:00:00;7696.75;7697.00;7694.75;7696.00
2026-15-09 01:05:00;7696.00;7696.25;7695.25;7696.25
2026-15-09 01:10:00;7696.25;7697.50;7696.00;7697.00
2026-15-09 01:15:00;7697.00;7697.25;7694.75;7695.00
2026-15-09 01:20:00;7695.00;7696.50;7694.50;7696.25
2026-15-09 01:25:00;7696.00;7696.75;7695.00;7695.00
2026-15-09 01:30:00;7695.00;7696.25;7694.75;7695.50
2026-15-09 01:35:00;7695.75;7696.75;7695.50;7696.50
2026-15-09 01:40:00;7696.50;7697.00;7695.25;7696.00
2026-15-09 01:45:00;7696.25;7696.75;7694.75;7695.50
2026-15-09 01:50:00;7695.50;7695.50;7694.00;7694.75
2026-15-09 01:55:00;7694.75;7696.50;7694.75;7696.00
2026-15-09 02:00:00;7696.00;7697.50;7693.25;7694.00
2026-15-09 02:05:00;7694.25;7696.75;7692.00;7696.25
2026-15-09 02:10:00;7696.25;7696.50;7694.00;7696.00
2026-15-09 02:15:00;7696.00;7696.00;7692.75;7694.00
2026-15-09 02:20:00;7693.75;7696.25;7692.75;7696.25
2026-15-09 02:25:00;7696.25;7696.50;7694.50;7694.75
2026-15-09 02:30:00;7695.00;7695.75;7694.25;7694.25
2026-15-09 02:35:00;7694.25;7697.50;7694.00;7697.25
2026-15-09 02:40:00;7697.50;7700.25;7697.50;7699.50
2026-15-09 02:45:00;7699.50;7699.50;7697.25;7698.75
2026-15-09 02:50:00;7698.50;7700.50;7698.50;7699.50
2026-15-09 02:55:00;7699.50;7700.00;7697.25;7697.75
2026-15-09 03:00:00;7697.50;7700.75;7696.25;7700.00
2026-15-09 03:05:00;7699.75;7699.75;7697.25;7698.75
2026-15-09 03:10:00;7698.50;7700.50;7698.50;7700.25
2026-15-09 03:15:00;7700.25;7701.00;7699.75;7700.25
2026-15-09 03:20:00;7700.00;7700.50;7699.50;7700.00
2026-15-09 03:25:00;7699.75;7700.00;7697.75;7698.00
2026-15-09 03:30:00;7698.25;7698.25;7695.25;7695.25
2026-15-09 03:35:00;7695.25;7695.50;7693.00;7694.25
2026-15-09 03:40:00;7694.25;7694.25;7690.00;7692.00
2026-15-09 03:45:00;7692.00;7693.50;7690.75;7693.50
2026-15-09 03:50:00;7693.50;7695.00;7690.50;7693.50
2026-15-09 03:55:00;7693.25;7694.75;7692.75;7693.50
2026-15-09 04:00:00;7693.25;7695.25;7692.75;7694.50
2026-15-09 04:05:00;7694.75;7694.75;7692.75;7694.00
2026-15-09 04:10:00;7694.00;7694.50;7693.25;7693.50
2026-15-09 04:15:00;7693.50;7693.50;7692.00;7692.00
2026-15-09 04:20:00;7692.25;7693.00;7691.50;7692.75
2026-15-09 04:25:00;7692.75;7693.50;7692.25;7692.50
2026-15-09 04:30:00;7692.50;7693.50;7691.75;7692.25
2026-15-09 04:35:00;7692.00;7692.75;7690.50;7691.50
2026-15-09 04:40:00;7691.50;7692.00;7690.00;7690.50
2026-15-09 04:45:00;7690.50;7691.75;7690.00;7691.50
2026-15-09 04:50:00;7691.50;7691.75;7689.75;7691.25
2026-15-09 04:55:00;7691.25;7692.00;7690.25;7690.50
2026-15-09 05:00:00;7690.25;7691.75;7689.50;7689.75
2026-15-09 05:05:00;7690.00;7690.00;7688.50;7688.50
2026-15-09 05:10:00;7688.25;7689.25;7687.75;7688.75
2026-15-09 05:15:00;7688.75;7689.25;7688.00;7688.00
2026-15-09 05:20:00;7688.00;7688.50;7687.75;7688.00
2026-15-09 05:25:00;7688.00;7688.25;7687.25;7688.00
2026-15-09 05:30:00;7688.00;7688.50;7687.00;7688.00
2026-15-09 05:35:00;7688.25;7688.75;7687.25;7687.50
2026-15-09 05:40:00;7687.50;7687.75;7687.00;7687.75
2026-15-09 05:45:00;7687.75;7688.50;7685.75;7686.50
2026-15-09 05:50:00;7686.50;7686.50;7683.00;7683.25
2026-15-09 05:55:00;7683.25;7683.50;7681.75;7682.25
2026-15-09 06:00:00;7682.00;7683.25;7680.50;7683.00
2026-15-09 06:05:00;7683.00;7684.50;7681.50;7682.00
2026-15-09 06:10:00;7682.00;7682.75;7680.25;7680.50
2026-15-09 06:15:00;7680.50;7681.00;7679.50;7679.75
2026-15-09 06:20:00;7680.00;7680.25;7676.50;7677.00
2026-15-09 06:25:00;7677.00;7677.25;7674.25;7675.50
2026-15-09 06:30:00;7675.75;7676.75;7674.75;7675.50
2026-15-09 06:35:00;7675.75;7675.75;7671.75;7673.25
2026-15-09 06:40:00;7673.50;7677.00;7673.00;7675.50
2026-15-09 06:45:00;7675.50;7676.75;7674.25;7675.00
2026-15-09 06:50:00;7674.75;7675.00;7670.75;7672.25
2026-15-09 06:55:00;7672.25;7672.25;7668.75;7669.00
2026-15-09 07:00:00;7668.75;7671.25;7668.75;7669.00
2026-15-09 07:05:00;7669.00;7670.00;7666.00;7666.00
2026-15-09 07:10:00;7666.00;7666.75;7664.75;7665.75
2026-15-09 07:15:00;7665.50;7665.50;7663.00;7664.25
2026-15-09 07:20:00;7664.00;7666.00;7663.75;7665.00
2026-15-09 07:25:00;7665.00;7669.00;7664.50;7668.25
2026-15-09 07:30:00;7668.00;7670.00;7667.00;7669.25
2026-15-09 07:35:00;7669.00;7669.25;7665.75;7668.25
2026-15-09 07:40:00;7668.50;7675.00;7668.25;7674.50
2026-15-09 07:45:00;7674.50;7677.00;7673.25;7674.50
2026-15-09 07:50:00;7674.75;7679.25;7673.75;7679.00
2026-15-09 07:55:00;7679.00;7679.00;7674.50;7674.75
2026-15-09 08:00:00;7675.00;7677.75;7674.75;7676.75
2026-15-09 08:05:00;7676.75;7677.00;7673.50;7674.50
2026-15-09 08:10:00;7674.50;7676.00;7673.00;7674.75
2026-15-09 08:15:00;7674.50;7675.25;7673.75;7675.00
2026-15-09 08:20:00;7674.75;7675.75;7672.75;7673.00
2026-15-09 08:25:00;7673.25;7673.50;7671.50;7672.00
2026-15-09 08:30:00;7672.00;7672.25;7669.50;7669.50
2026-15-09 08:35:00;7669.75;7671.75;7668.00;7669.25
2026-15-09 08:40:00;7669.25;7671.00;7667.50;7668.00
2026-15-09 08:45:00;7668.00;7669.75;7667.50;7668.25
2026-15-09 08:50:00;7668.25;7668.75;7665.75;7666.50
2026-15-09 08:55:00;7666.25;7668.75;7664.75;7667.50
2026-15-09 09:00:00;7667.50;7670.00;7664.25;7668.00
2026-15-09 09:05:00;7668.00;7669.00;7664.00;7666.25
2026-15-09 09:10:00;7666.50;7667.25;7660.25;7660.75
2026-15-09 09:15:00;7660.50;7664.25;7660.50;7664.25
2026-15-09 09:20:00;7664.25;7668.00;7663.25;7668.00
2026-15-09 09:25:00;7668.25;7668.75;7662.75;7665.25
2026-15-09 09:30:00;7665.25;7666.75;7663.75;7665.00
2026-15-09 09:35:00;7664.75;7665.25;7660.25;7660.50
2026-15-09 09:40:00;7660.50;7661.00;7656.25;7656.50
2026-15-09 09:45:00;7656.25;7659.75;7656.00;7657.75
2026-15-09 09:50:00;7658.00;7658.75;7653.50;7656.25
2026-15-09 09:55:00;7656.00;7659.00;7654.50;7658.50
2026-15-09 10:00:00;7658.75;7658.75;7653.00;7654.00
2026-15-09 10:05:00;7654.00;7654.50;7647.25;7647.25
2026-15-09 10:10:00;7647.00;7653.50;7645.00;7653.25
2026-15-09 10:15:00;7653.25;7658.25;7652.75;7658.25
2026-15-09 10:20:00;7658.25;7660.00;7654.75;7655.25
2026-15-09 10:25:00;7655.50;7657.00;7651.25;7654.00
2026-15-09 10:30:00;7654.00;7655.00;7651.75;7652.25
2026-15-09 10:35:00;7652.25;7654.75;7650.75;7652.50
2026-15-09 10:40:00;7652.50;7652.50;7649.50;7650.00
2026-15-09 10:45:00;7650.25;7650.50;7649.25;7650.50
2026-15-09 10:50:00;7650.00;7652.00;7650.00;7651.00
2026-15-09 10:55:00;7651.00;7653.75;7649.00;7651.00
2026-15-09 11:00:00;7651.25;7651.50;7648.25;7650.75
2026-15-09 11:05:00;7650.50;7653.25;7649.25;7649.50
2026-15-09 11:10:00;7649.25;7651.75;7648.50;7650.25
2026-15-09 11:15:00;7650.00;7651.00;7645.75;7646.75
2026-15-09 11:20:00;7647.00;7652.00;7646.50;7647.50
2026-15-09 11:25:00;7647.75;7652.25;7646.75;7652.00
2026-15-09 11:30:00;7652.00;7654.25;7650.75;7654.25
2026-15-09 11:35:00;7654.00;7658.75;7653.75;7658.25
2026-15-09 11:40:00;7658.25;7659.00;7657.00;7657.50
2026-15-09 11:45:00;7657.50;7664.00;7657.50;7663.25
2026-15-09 11:50:00;7663.25;7666.25;7663.00;7665.75
2026-15-09 11:55:00;7666.00;7666.50;7663.75;7666.00
2026-15-09 12:00:00;7666.25;7667.50;7665.00;7665.50
2026-15-09 12:05:00;7665.50;7667.00;7664.25;7666.75
2026-15-09 12:10:00;7666.75;7672.00;7666.75;7667.75
2026-15-09 12:15:00;7667.50;7667.50;7665.00;7666.00
2026-15-09 12:20:00;7666.25;7669.00;7666.00;7668.75
2026-15-09 12:25:00;7668.75;7669.25;7667.25;7668.25
2026-15-09 12:30:00;7668.50;7669.75;7667.00;7669.75
2026-15-09 12:35:00;7669.50;7671.50;7668.75;7671.25
2026-15-09 12:40:00;7671.00;7676.25;7670.50;7672.00
2026-15-09 12:45:00;7672.25;7673.50;7670.25;7673.00
2026-15-09 12:50:00;7673.00;7676.50;7672.75;7676.00
2026-15-09 12:55:00;7676.00;7680.50;7675.25;7676.25
2026-15-09 13:00:00;7676.00;7678.25;7675.50;7677.25
2026-15-09 13:05:00;7677.25;7680.00;7675.25;7679.75
2026-15-09 13:10:00;7679.50;7680.25;7678.25;7678.75
2026-15-09 13:15:00;7678.75;7681.50;7678.00;7680.00
2026-15-09 13:20:00;7680.25;7680.75;7678.25;7679.00
2026-15-09 13:25:00;7679.00;7679.50;7677.25;7678.25
2026-15-09 13:30:00;7678.25;7678.50;7675.50;7678.50
2026-15-09 13:35:00;7678.50;7680.00;7677.00;7677.25
2026-15-09 13:40:00;7677.25;7679.00;7676.75;7678.00
2026-15-09 13:45:00;7678.00;7679.75;7677.75;7678.00
2026-15-09 13:50:00;7678.25;7681.25;7677.50;7678.75
2026-15-09 13:55:00;7678.50;7682.25;7678.00;7681.75
2026-15-09 14:00:00;7681.75;7683.25;7679.25;7681.75
2026-15-09 14:05:00;7682.00;7682.00;7679.75;7680.75
2026-15-09 14:10:00;7681.00;7684.25;7680.50;7683.75
2026-15-09 14:15:00;7683.75;7685.25;7681.50;7683.50
2026-15-09 14:20:00;7683.50;7683.75;7678.50;7679.50
2026-15-09 14:25:00;7679.50;7683.75;7679.50;7683.00
2026-15-09 14:30:00;7683.00;7685.75;7679.75;7685.75
2026-15-09 14:35:00;7686.00;7686.25;7683.75;7685.25
2026-15-09 14:40:00;7685.25;7685.50;7681.75;7684.00
2026-15-09 14:45:00;7684.00;7695.00;7683.50;7692.50
2026-15-09 14:50:00;7692.50;7696.25;7690.75;7695.75
2026-15-09 14:55:00;7696.00;7697.50;7687.75;7689.25
2026-15-09 15:00:00;7689.00;7692.25;7688.00;7692.25
2026-15-09 15:05:00;7692.25;7692.50;7689.25;7689.75
2026-15-09 15:10:00;7690.00;7691.25;7688.00;7688.50
2026-15-09 15:15:00;7688.50;7692.50;7687.75;7689.25
2026-15-09 15:20:00;7689.00;7690.75;7687.50;7690.25
2026-15-09 15:25:00;7690.25;7693.50;7684.25;7684.25
2026-15-09 15:30:00;7684.50;7687.00;7670.25;7672.00
2026-15-09 15:35:00;7672.00;7681.75;7671.75;7681.00
2026-15-09 15:40:00;7681.00;7683.25;7677.00;7682.50
2026-15-09 15:45:00;7682.50;7684.75;7675.00;7676.25
2026-15-09 15:50:00;7676.25;7680.50;7674.50;7679.50
2026-15-09 15:55:00;7679.50;7680.00;7676.50;7678.25
2026-15-09 16:00:00;7678.50;7678.50;7671.00;7671.00
2026-15-09 16:05:00;7671.00;7673.75;7667.50;7668.00
2026-15-09 16:10:00;7667.75;7667.75;7661.50;7662.25
2026-15-09 16:15:00;7662.25;7667.00;7661.75;7664.75
2026-15-09 16:20:00;7665.00;7666.25;7654.00;7658.75
2026-15-09 16:25:00;7659.00;7659.75;7657.00;7657.00
2026-15-09 16:30:00;7657.25;7658.75;7652.00;7655.75
2026-15-09 16:35:00;7655.75;7658.50;7652.50;7653.50
2026-15-09 16:40:00;7653.50;7654.75;7650.75;7654.00
2026-15-09 16:45:00;7654.25;7656.00;7651.50;7651.50
2026-15-09 16:50:00;7651.25;7652.00;7643.50;7647.75
2026-15-09 16:55:00;7647.75;7650.75;7645.50;7646.25
2026-15-09 17:00:00;7646.50;7654.00;7646.25;7654.00
2026-15-09 17:05:00;7654.00;7655.00;7650.00;7650.75
2026-15-09 17:10:00;7651.00;7653.00;7649.00;7651.75
2026-15-09 17:15:00;7651.50;7655.75;7650.00;7654.50
2026-15-09 17:20:00;7654.50;7657.25;7651.75;7656.75
2026-15-09 17:25:00;7656.75;7657.25;7653.75;7656.75
2026-15-09 17:30:00;7657.00;7657.75;7651.25;7655.25
2026-15-09 17:35:00;7655.50;7657.25;7653.50;7655.00
2026-15-09 17:40:00;7655.00;7659.75;7655.00;7657.25
2026-15-09 17:45:00;7657.25;7657.75;7651.00;7651.75
2026-15-09 17:50:00;7651.75;7657.75;7651.50;7652.75
2026-15-09 17:55:00;7653.00;7658.00;7651.50;7653.00
2026-15-09 18:00:00;7653.00;7655.25;7651.75;7655.25
2026-15-09 18:05:00;7655.00;7655.00;7648.00;7649.25
2026-15-09 18:10:00;7649.25;7650.25;7648.50;7649.75
2026-15-09 18:15:00;7649.75;7653.00;7649.00;7653.00
2026-15-09 18:20:00;7652.75;7659.00;7652.75;7658.75
2026-15-09 18:25:00;7658.75;7661.00;7657.00;7658.00
2026-15-09 18:30:00;7657.75;7660.00;7655.00;7658.75
2026-15-09 18:35:00;7658.50;7659.50;7656.50;7657.25
2026-15-09 18:40:00;7657.25;7658.75;7656.50;7658.25
2026-15-09 18:45:00;7658.25;7659.50;7655.00;7656.50
2026-15-09 18:50:00;7656.50;7662.25;7656.25;7662.00
2026-15-09 18:55:00;7662.00;7662.75;7657.50;7659.25
2026-15-09 19:00:00;7659.50;7660.25;7653.25;7653.50
2026-15-09 19:05:00;7653.50;7656.25;7652.25;7654.00
2026-15-09 19:10:00;7654.00;7657.50;7653.00;7653.00
2026-15-09 19:15:00;7653.00;7653.25;7650.50;7652.25
2026-15-09 19:20:00;7652.00;7652.75;7648.50;7648.50
2026-15-09 19:25:00;7648.50;7651.25;7648.00;7650.75
2026-15-09 19:30:00;7650.75;7654.00;7650.25;7652.25
2026-15-09 19:35:00;7652.25;7653.75;7651.25;7653.25
2026-15-09 19:40:00;7653.25;7654.75;7651.00;7653.75
2026-15-09 19:45:00;7653.50;7655.00;7651.50;7652.00
2026-15-09 19:50:00;7651.75;7655.00;7651.75;7654.75
2026-15-09 19:55:00;7654.75;7656.25;7653.75;7655.25
2026-15-09 20:00:00;7655.50;7657.50;7653.50;7657.50
2026-15-09 20:05:00;7657.50;7659.25;7656.50;7659.25
2026-15-09 20:10:00;7659.25;7662.00;7658.00;7660.25
2026-15-09 20:15:00;7660.50;7660.75;7657.00;7657.50
2026-15-09 20:20:00;7657.50;7658.75;7656.25;7657.00
2026-15-09 20:25:00;7657.25;7659.25;7655.75;7659.25
2026-15-09 20:30:00;7659.25;7659.25;7653.50;7654.25
2026-15-09 20:35:00;7654.25;7655.50;7653.75;7655.00
2026-15-09 20:40:00;7654.75;7658.50;7653.50;7654.00
2026-15-09 20:45:00;7654.25;7654.75;7649.50;7650.75
2026-15-09 20:50:00;7650.75;7653.75;7650.75;7653.25
2026-15-09 20:55:00;7653.00;7657.25;7652.50;7657.00
2026-15-09 21:00:00;7657.25;7658.75;7655.00;7655.75
2026-15-09 21:05:00;7655.75;7656.25;7654.50;7655.75
2026-15-09 21:10:00;7655.75;7656.00;7653.00;7654.00
2026-15-09 21:15:00;7654.00;7655.25;7653.00;7654.50
2026-15-09 21:20:00;7654.25;7654.50;7653.00;7653.75
2026-15-09 21:25:00;7653.50;7654.00;7651.75;7652.50
2026-15-09 21:30:00;7652.50;7653.50;7651.50;7651.75
2026-15-09 21:35:00;7652.00;7652.00;7648.50;7649.25
2026-15-09 21:40:00;7649.50;7651.00;7648.00;7650.25
2026-15-09 21:45:00;7650.25;7653.25;7649.25;7652.75
2026-15-09 21:50:00;7652.75;7653.50;7648.75;7652.75
2026-15-09 21:55:00;7652.75;7657.75;7651.00;7656.75
2026-15-09 22:00:00;7656.75;7662.25;7656.50;7661.75
2026-15-09 22:05:00;7662.00;7662.75;7661.00;7662.00
2026-15-09 22:10:00;7661.75;7665.00;7661.50;7664.25
2026-15-09 22:15:00;7664.50;7664.75;7663.00;7663.75
2026-15-09 22:20:00;7663.75;7664.25;7663.00;7664.00
2026-15-09 22:25:00;7663.75;7664.25;7663.00;7663.50
2026-15-09 22:30:00;7663.25;7665.25;7663.00;7663.25
2026-15-09 22:35:00;7663.50;7664.00;7663.00;7663.25
2026-15-09 22:40:00;7663.00;7664.25;7663.00;7663.50
2026-15-09 22:45:00;7663.75;7664.50;7663.00;7664.50
2026-15-09 22:50:00;7664.25;7664.50;7663.25;7663.75
2026-15-09 22:55:00;7663.50;7664.00;7663.25;7663.75
2026-16-09 00:00:00;7663.25;7665.00;7661.75;7663.75
2026-16-09 00:05:00;7663.50;7663.50;7661.75;7662.75
2026-16-09 00:10:00;7662.75;7662.75;7661.50;7661.75
2026-16-09 00:15:00;7662.00;7663.00;7661.75;7661.75
2026-16-09 00:20:00;7661.75;7663.75;7661.50;7663.00
2026-16-09 00:25:00;7663.00;7663.75;7662.75;7663.25
2026-16-09 00:30:00;7663.00;7665.00;7663.00;7664.50
2026-16-09 00:35:00;7664.50;7666.75;7664.50;7666.50
2026-16-09 00:40:00;7666.25;7666.25;7665.00;7665.75
2026-16-09 00:45:00;7665.75;7666.75;7665.25;7666.50
2026-16-09 00:50:00;7666.50;7667.00;7666.25;7667.00
2026-16-09 00:55:00;7667.00;7667.25;7666.50;7666.50
2026-16-09 01:00:00;7666.50;7666.75;7664.75;7665.00
2026-16-09 01:05:00;7665.00;7665.25;7664.50;7664.75
2026-16-09 01:10:00;7665.00;7665.25;7664.25;7664.25
2026-16-09 01:15:00;7664.50;7664.75;7663.50;7663.75
2026-16-09 01:20:00;7663.75;7664.00;7663.25;7663.50
2026-16-09 01:25:00;7663.50;7663.75;7662.50;7663.00
2026-16-09 01:30:00;7662.75;7663.50;7662.75;7663.00
2026-16-09 01:35:00;7663.00;7664.25;7662.50;7664.25
2026-16-09 01:40:00;7664.25;7666.25;7664.00;7665.50
2026-16-09 01:45:00;7665.75;7666.25;7664.75;7665.00
2026-16-09 01:50:00;7665.00;7666.50;7664.75;7666.50
2026-16-09 01:55:00;7666.50;7666.50;7665.00;7665.50
2026-16-09 02:00:00;7665.50;7667.00;7663.00;7664.25
2026-16-09 02:05:00;7664.50;7665.75;7664.00;7664.00
2026-16-09 02:10:00;7664.25;7667.25;7663.50;7666.25
2026-16-09 02:15:00;7666.25;7667.00;7665.00;7666.50
2026-16-09 02:20:00;7666.25;7666.50;7665.25;7665.25
2026-16-09 02:25:00;7665.00;7666.25;7664.50;7666.25
2026-16-09 02:30:00;7666.25;7667.25;7664.50;7664.75
2026-16-09 02:35:00;7664.75;7665.75;7663.75;7665.50
2026-16-09 02:40:00;7665.50;7665.75;7664.50;7664.50
2026-16-09 02:45:00;7664.50;7666.25;7663.75;7665.50
2026-16-09 02:50:00;7665.75;7666.25;7665.25;7665.75
2026-16-09 02:55:00;7665.50;7665.75;7664.25;7665.00
2026-16-09 03:00:00;7665.00;7665.75;7663.25;7663.25
2026-16-09 03:05:00;7663.25;7663.50;7660.00;7661.00
2026-16-09 03:10:00;7661.00;7666.50;7660.00;7666.25
2026-16-09 03:15:00;7666.25;7666.75;7665.00;7666.00
2026-16-09 03:20:00;7666.00;7667.50;7665.50;7667.00
2026-16-09 03:25:00;7667.00;7667.75;7666.00;7666.00
2026-16-09 03:30:00;7666.00;7666.00;7663.50;7665.00
2026-16-09 03:35:00;7665.25;7665.75;7661.75;7662.50
2026-16-09 03:40:00;7662.25;7663.50;7662.25;7662.25
2026-16-09 03:45:00;7662.25;7664.25;7661.75;7661.75
2026-16-09 03:50:00;7661.75;7662.00;7659.00;7659.50
2026-16-09 03:55:00;7659.50;7660.25;7658.75;7659.00
2026-16-09 04:00:00;7659.00;7664.25;7659.00;7663.25
2026-16-09 04:05:00;7663.25;7663.50;7660.50;7662.25
2026-16-09 04:10:00;7662.25;7663.50;7659.75;7660.75
2026-16-09 04:15:00;7660.75;7662.50;7660.50;7662.25
2026-16-09 04:20:00;7662.00;7663.75;7661.25;7663.50
2026-16-09 04:25:00;7663.25;7666.25;7663.25;7666.00
2026-16-09 04:30:00;7666.00;7668.00;7665.50;7667.00
2026-16-09 04:35:00;7667.00;7668.25;7666.25;7666.75
2026-16-09 04:40:00;7666.75;7666.75;7664.25;7665.00
2026-16-09 04:45:00;7665.00;7666.50;7665.00;7666.00
2026-16-09 04:50:00;7665.75;7667.25;7665.25;7666.50
2026-16-09 04:55:00;7666.75;7668.25;7666.25;7668.00
2026-16-09 05:00:00;7668.00;7671.00;7668.00;7670.25
2026-16-09 05:05:00;7670.00;7671.50;7669.75;7670.25
2026-16-09 05:10:00;7670.50;7673.50;7669.50;7672.50
2026-16-09 05:15:00;7672.75;7676.00;7672.50;7675.50
2026-16-09 05:20:00;7675.75;7678.00;7674.75;7676.75
2026-16-09 05:25:00;7676.75;7677.25;7674.00;7674.00
2026-16-09 05:30:00;7673.75;7674.00;7671.50;7671.50
2026-16-09 05:35:00;7671.75;7671.75;7670.00;7671.50
2026-16-09 05:40:00;7671.75;7672.75;7671.00;7672.25
2026-16-09 05:45:00;7672.25;7674.00;7672.25;7672.75
2026-16-09 05:50:00;7672.50;7673.75;7672.50;7672.50
2026-16-09 05:55:00;7672.25;7673.50;7672.00;7672.75
2026-16-09 06:00:00;7672.75;7674.50;7672.50;7674.00
2026-16-09 06:05:00;7673.75;7673.75;7672.50;7672.75
2026-16-09 06:10:00;7672.75;7673.25;7672.25;7672.25
2026-16-09 06:15:00;7672.25;7672.75;7671.25;7671.25
2026-16-09 06:20:00;7671.50;7673.25;7671.50;7672.50
2026-16-09 06:25:00;7672.50;7672.50;7670.25;7670.75
2026-16-09 06:30:00;7670.50;7671.00;7667.50;7668.00
2026-16-09 06:35:00;7668.00;7669.00;7667.25;7668.50
2026-16-09 06:40:00;7668.50;7669.75;7667.25;7668.00
2026-16-09 06:45:00;7668.00;7670.00;7668.00;7669.75
2026-16-09 06:50:00;7669.75;7670.50;7668.75;7669.00
2026-16-09 06:55:00;7669.00;7669.50;7668.00;7668.00
2026-16-09 07:00:00;7668.00;7668.50;7665.50;7668.25
2026-16-09 07:05:00;7668.50;7669.25;7667.25;7669.00
2026-16-09 07:10:00;7669.00;7670.00;7668.00;7669.25
2026-16-09 07:15:00;7669.25;7671.25;7669.25;7670.50
2026-16-09 07:20:00;7670.25;7670.75;7668.75;7669.50
2026-16-09 07:25:00;7669.50;7671.50;7668.75;7671.25
2026-16-09 07:30:00;7671.25;7671.25;7669.50;7670.75
2026-16-09 07:35:00;7670.75;7672.00;7670.50;7671.25
2026-16-09 07:40:00;7671.25;7673.50;7671.25;7673.50
2026-16-09 07:45:00;7673.25;7674.00;7670.25;7670.25
2026-16-09 07:50:00;7670.25;7671.75;7670.00;7671.50
2026-16-09 07:55:00;7671.50;7672.00;7670.50;7670.75
2026-16-09 08:00:00;7670.50;7674.50;7669.50;7670.25
2026-16-09 08:05:00;7670.25;7674.00;7670.25;7673.00
2026-16-09 08:10:00;7673.00;7675.25;7672.75;7673.75
2026-16-09 08:15:00;7673.50;7674.25;7672.25;7674.00
2026-16-09 08:20:00;7674.00;7674.25;7671.00;7672.00
2026-16-09 08:25:00;7672.00;7672.75;7669.75;7671.50
2026-16-09 08:30:00;7671.50;7672.25;7669.75;7671.75
2026-16-09 08:35:00;7671.50;7671.75;7670.00;7670.75
2026-16-09 08:40:00;7670.75;7671.00;7669.25;7671.00
2026-16-09 08:45:00;7671.00;7671.50;7669.50;7671.00
2026-16-09 08:50:00;7670.75;7674.50;7670.75;7673.00
2026-16-09 08:55:00;7672.75;7674.50;7672.00;7673.75
2026-16-09 09:00:00;7673.75;7678.00;7672.50;7677.50
2026-16-09 09:05:00;7677.50;7677.75;7674.25;7676.00
2026-16-09 09:10:00;7676.25;7677.25;7675.00;7676.50
2026-16-09 09:15:00;7676.50;7676.75;7672.25;7672.25
2026-16-09 09:20:00;7672.25;7675.50;7671.75;7674.50
2026-16-09 09:25:00;7674.25;7675.50;7674.00;7674.50
2026-16-09 09:30:00;7674.50;7676.75;7674.50;7675.00
2026-16-09 09:35:00;7675.25;7675.25;7672.75;7673.00
2026-16-09 09:40:00;7673.00;7673.75;7672.00;7672.25
2026-16-09 09:45:00;7672.50;7673.00;7671.75;7672.00
2026-16-09 09:50:00;7672.00;7672.25;7669.75;7669.75
2026-16-09 09:55:00;7669.75;7672.75;7669.75;7670.75
2026-16-09 10:00:00;7670.75;7671.25;7666.75;7667.25
2026-16-09 10:05:00;7667.25;7668.25;7664.75;7666.25
2026-16-09 10:10:00;7666.00;7666.50;7663.50;7666.00
2026-16-09 10:15:00;7666.00;7672.25;7665.75;7668.50
2026-16-09 10:20:00;7668.50;7671.25;7666.50;7667.00
2026-16-09 10:25:00;7667.00;7669.00;7665.25;7668.50
2026-16-09 10:30:00;7668.50;7671.00;7666.00;7667.75
2026-16-09 10:35:00;7667.75;7668.50;7665.75;7665.75
2026-16-09 10:40:00;7666.00;7670.50;7665.75;7670.00
2026-16-09 10:45:00;7670.25;7671.00;7668.75;7669.25
2026-16-09 10:50:00;7669.00;7672.25;7669.00;7671.75
2026-16-09 10:55:00;7671.50;7673.50;7671.50;7672.75
2026-16-09 11:00:00;7672.50;7673.25;7670.75;7672.75
2026-16-09 11:05:00;7672.75;7673.75;7671.00;7672.25
2026-16-09 11:10:00;7672.00;7672.50;7669.00;7669.25
2026-16-09 11:15:00;7669.25;7669.75;7665.50;7666.00
2026-16-09 11:20:00;7665.75;7667.75;7665.50;7665.75
2026-16-09 11:25:00;7666.00;7670.75;7665.75;7667.50
2026-16-09 11:30:00;7667.50;7669.50;7667.00;7669.00
2026-16-09 11:35:00;7669.25;7671.75;7668.50;7671.75
2026-16-09 11:40:00;7671.75;7674.75;7671.25;7673.50
2026-16-09 11:45:00;7673.75;7673.75;7670.75;7671.75
2026-16-09 11:50:00;7671.75;7674.25;7671.75;7673.75
2026-16-09 11:55:00;7673.75;7675.00;7673.00;7673.00
2026-16-09 12:00:00;7673.25;7674.00;7671.00;7671.25
2026-16-09 12:05:00;7671.25;7673.50;7670.25;7673.00
2026-16-09 12:10:00;7673.00;7673.50;7669.50;7671.75
2026-16-09 12:15:00;7671.75;7672.75;7670.50;7672.25
2026-16-09 12:20:00;7672.00;7673.00;7671.25;7671.75
2026-16-09 12:25:00;7672.00;7673.00;7671.50;7672.75
2026-16-09 12:30:00;7672.75;7673.00;7672.00;7672.00
2026-16-09 12:35:00;7672.25;7673.00;7671.75;7673.00
2026-16-09 12:40:00;7673.25;7673.50;7672.75;7673.25
2026-16-09 12:45:00;7673.25;7673.25;7672.00;7673.00
2026-16-09 12:50:00;7673.00;7673.25;7671.75;7672.00
2026-16-09 12:55:00;7672.00;7677.00;7671.75;7676.50
2026-16-09 13:00:00;7676.50;7681.50;7674.50;7675.75
2026-16-09 13:05:00;7675.75;7678.00;7673.50;7676.25
2026-16-09 13:10:00;7676.25;7677.25;7673.50;7673.50
2026-16-09 13:15:00;7673.75;7674.25;7672.00;7674.25
2026-16-09 13:20:00;7674.00;7675.25;7672.75;7674.75
2026-16-09 13:25:00;7675.00;7676.25;7674.50;7675.00
2026-16-09 13:30:00;7675.25;7677.75;7675.00;7677.25
2026-16-09 13:35:00;7677.25;7679.50;7676.75;7678.75
2026-16-09 13:40:00;7678.75;7681.25;7675.50;7680.00
2026-16-09 13:45:00;7680.00;7681.00;7679.75;7680.75
2026-16-09 13:50:00;7681.00;7683.00;7680.75;7682.75
2026-16-09 13:55:00;7682.75;7683.50;7681.75;7683.25
2026-16-09 14:00:00;7683.00;7689.25;7682.50;7683.75
2026-16-09 14:05:00;7684.00;7686.25;7682.75;7685.50
2026-16-09 14:10:00;7685.50;7685.50;7683.25;7683.25
2026-16-09 14:15:00;7683.25;7684.00;7682.00;7683.00
2026-16-09 14:20:00;7683.00;7683.25;7679.50;7679.75
2026-16-09 14:25:00;7680.00;7684.00;7680.00;7683.75
2026-16-09 14:30:00;7683.50;7684.00;7679.25;7681.25
2026-16-09 14:35:00;7681.00;7681.50;7675.50;7676.50
2026-16-09 14:40:00;7676.25;7677.50;7675.00;7675.25
2026-16-09 14:45:00;7675.00;7679.00;7674.00;7679.00
2026-16-09 14:50:00;7679.00;7680.75;7676.00;7676.00
2026-16-09 14:55:00;7676.00;7680.75;7675.50;7679.75
2026-16-09 15:00:00;7679.75;7681.00;7673.00;7673.75
2026-16-09 15:05:00;7673.75;7677.25;7673.25;7677.00
2026-16-09 15:10:00;7677.00;7680.50;7676.25;7680.50
2026-16-09 15:15:00;7680.50;7681.25;7677.50;7678.00
2026-16-09 15:20:00;7677.75;7682.25;7677.25;7679.75
2026-16-09 15:25:00;7680.00;7680.75;7676.25;7676.50
2026-16-09 15:30:00;7676.50;7679.00;7673.25;7673.75
2026-16-09 15:35:00;7674.00;7676.75;7669.25;7670.25
2026-16-09 15:40:00;7670.00;7673.25;7669.00;7669.75
2026-16-09 15:45:00;7669.75;7681.50;7669.50;7681.25
2026-16-09 15:50:00;7681.25;7686.50;7680.75;7684.50
2026-16-09 15:55:00;7684.50;7686.25;7681.75;7684.25
2026-16-09 16:00:00;7684.50;7686.50;7678.00;7678.75
2026-16-09 16:05:00;7678.75;7680.50;7675.25;7679.00
2026-16-09 16:10:00;7679.00;7680.00;7673.00;7677.50
2026-16-09 16:15:00;7677.75;7679.25;7674.00;7675.00
2026-16-09 16:20:00;7674.75;7675.50;7671.25;7671.75
2026-16-09 16:25:00;7671.75;7672.25;7669.50;7671.75
2026-16-09 16:30:00;7671.75;7674.25;7670.00;7673.75
2026-16-09 16:35:00;7673.75;7677.25;7671.25;7676.00
2026-16-09 16:40:00;7676.00;7680.75;7675.50;7680.75
2026-16-09 16:45:00;7680.50;7682.00;7678.00;7678.25
2026-16-09 16:50:00;7678.25;7681.25;7678.00;7678.75
2026-16-09 16:55:00;7679.00;7685.00;7679.00;7684.25
2026-16-09 17:00:00;7684.50;7688.50;7683.75;7687.25
2026-16-09 17:05:00;7687.25;7692.75;7684.50;7691.25
2026-16-09 17:10:00;7691.25;7692.50;7687.25;7689.75
2026-16-09 17:15:00;7690.00;7690.25;7685.75;7688.50
2026-16-09 17:20:00;7688.50;7688.50;7686.25;7688.00
2026-16-09 17:25:00;7687.75;7690.50;7685.25;7686.00
2026-16-09 17:30:00;7685.75;7687.00;7682.00;7683.75
2026-16-09 17:35:00;7683.75;7688.00;7683.50;7686.25
2026-16-09 17:40:00;7686.25;7688.25;7685.50;7688.00
2026-16-09 17:45:00;7687.75;7699.00;7687.00;7692.50
2026-16-09 17:50:00;7692.75;7693.00;7688.75;7689.75
2026-16-09 17:55:00;7690.00;7690.75;7688.25;7689.00
2026-16-09 18:00:00;7689.00;7689.75;7685.25;7685.50
2026-16-09 18:05:00;7685.25;7687.25;7685.00;7686.75
2026-16-09 18:10:00;7686.75;7687.25;7683.75;7685.75
2026-16-09 18:15:00;7685.75;7686.75;7684.75;7685.50
2026-16-09 18:20:00;7685.25;7685.25;7681.50;7681.75
2026-16-09 18:25:00;7681.75;7683.50;7680.25;7683.25
2026-16-09 18:30:00;7683.25;7684.00;7678.25;7678.75
2026-16-09 18:35:00;7678.75;7681.25;7678.50;7680.75
2026-16-09 18:40:00;7680.75;7682.00;7679.75;7680.75
2026-16-09 18:45:00;7680.75;7683.50;7680.75;7682.50
2026-16-09 18:50:00;7682.50;7683.00;7678.75;7680.75
2026-16-09 18:55:00;7680.75;7681.75;7679.25;7679.25
2026-16-09 19:00:00;7679.50;7679.75;7674.00;7675.50
2026-16-09 19:05:00;7675.50;7677.75;7675.50;7677.50
2026-16-09 19:10:00;7677.50;7679.75;7675.75;7678.75
2026-16-09 19:15:00;7678.75;7680.00;7678.25;7679.25
2026-16-09 19:20:00;7679.25;7680.75;7676.75;7677.75
2026-16-09 19:25:00;7677.75;7681.00;7677.75;7680.75
2026-16-09 19:30:00;7681.00;7682.25;7678.00;7679.50
2026-16-09 19:35:00;7679.50;7680.50;7677.75;7677.75
2026-16-09 19:40:00;7677.75;7678.00;7674.50;7674.75
2026-16-09 19:45:00;7674.75;7678.75;7674.75;7677.00
2026-16-09 19:50:00;7677.25;7680.00;7676.25;7679.25
2026-16-09 19:55:00;7679.25;7684.75;7677.75;7683.50
2026-16-09 20:00:00;7684.50;7691.00;7668.75;7683.75
2026-16-09 20:05:00;7684.00;7694.25;7682.75;7688.50
2026-16-09 20:10:00;7688.25;7690.25;7679.50;7681.25
2026-16-09 20:15:00;7681.25;7685.00;7678.00;7681.00
2026-16-09 20:20:00;7681.00;7684.50;7677.50;7680.25
2026-16-09 20:25:00;7680.25;7681.50;7669.25;7678.00
2026-16-09 20:30:00;7678.25;7680.75;7656.25;7657.50
2026-16-09 20:35:00;7657.25;7661.25;7641.00;7660.00
2026-16-09 20:40:00;7659.75;7683.25;7658.75;7671.25
2026-16-09 20:45:00;7671.50;7677.25;7655.25;7656.50
2026-16-09 20:50:00;7656.25;7659.25;7631.00;7631.75
2026-16-09 20:55:00;7632.00;7638.00;7617.50;7618.75
2026-16-09 21:00:00;7618.75;7633.75;7617.00;7627.50
2026-16-09 21:05:00;7627.25;7627.75;7609.75;7611.75
2026-16-09 21:10:00;7611.75;7613.50;7591.00;7592.50
2026-16-09 21:15:00;7592.50;7600.75;7584.00;7588.75
2026-16-09 21:20:00;7589.00;7593.00;7580.25;7586.25
2026-16-09 21:25:00;7586.50;7592.75;7575.00;7591.75
2026-16-09 21:30:00;7591.75;7606.00;7590.50;7605.25
2026-16-09 21:35:00;7605.50;7606.25;7594.00;7604.00
2026-16-09 21:40:00;7604.00;7608.00;7597.25;7600.75
2026-16-09 21:45:00;7600.75;7616.75;7600.50;7615.00
2026-16-09 21:50:00;7615.00;7623.25;7614.00;7621.75
2026-16-09 21:55:00;7621.75;7625.00;7618.50;7622.25
2026-16-09 22:00:00;7622.25;7626.00;7620.00;7623.75
2026-16-09 22:05:00;7623.50;7624.25;7620.50;7622.00
2026-16-09 22:10:00;7621.75;7622.75;7620.75;7621.75
2026-16-09 22:15:00;7621.75;7623.00;7620.00;7621.25
2026-16-09 22:20:00;7621.25;7621.50;7620.00;7620.00
2026-16-09 22:25:00;7620.00;7620.50;7617.25;7620.25
2026-16-09 22:30:00;7620.25;7622.75;7619.00;7622.25
2026-16-09 22:35:00;7622.00;7622.50;7620.50;7622.50
2026-16-09 22:40:00;7622.50;7623.00;7619.75;7621.25
2026-16-09 22:45:00;7621.25;7622.50;7620.75;7622.25
2026-16-09 22:50:00;7622.25;7623.00;7620.50;7621.50
2026-16-09 22:55:00;7621.50;7622.75;7618.50;7622.00
2026-17-09 00:00:00;7624.00;7625.00;7617.50;7618.00
2026-17-09 00:05:00;7618.25;7625.75;7618.25;7625.25
2026-17-09 00:10:00;7625.25;7628.25;7624.75;7626.25
2026-17-09 00:15:00;7626.25;7627.75;7625.50;7627.50
2026-17-09 00:20:00;7627.75;7629.75;7627.25;7629.25
2026-17-09 00:25:00;7629.50;7632.50;7629.00;7632.25
2026-17-09 00:30:00;7632.25;7634.75;7632.00;7634.25
2026-17-09 00:35:00;7634.50;7637.50;7634.00;7637.00
2026-17-09 00:40:00;7637.00;7639.75;7637.00;7638.75
2026-17-09 00:45:00;7638.50;7639.25;7635.75;7636.00
2026-17-09 00:50:00;7636.00;7636.50;7635.00;7635.25
2026-17-09 00:55:00;7635.25;7636.75;7634.75;7636.75
2026-17-09 01:00:00;7636.50;7638.25;7635.75;7637.00
2026-17-09 01:05:00;7637.00;7640.00;7636.50;7639.50
2026-17-09 01:10:00;7639.50;7640.00;7638.00;7638.50
2026-17-09 01:15:00;7638.75;7643.25;7638.75;7641.25
2026-17-09 01:20:00;7641.50;7644.75;7641.50;7644.25
2026-17-09 01:25:00;7644.25;7647.75;7643.00;7645.00
2026-17-09 01:30:00;7645.25;7648.25;7645.25;7647.75
2026-17-09 01:35:00;7647.75;7647.75;7645.00;7646.50
2026-17-09 01:40:00;7646.50;7654.00;7645.50;7652.00
2026-17-09 01:45:00;7652.25;7656.25;7651.50;7655.25
2026-17-09 01:50:00;7655.00;7657.00;7653.75;7655.75
2026-17-09 01:55:00;7655.50;7657.50;7654.75;7657.25
2026-17-09 02:00:00;7657.50;7660.00;7656.00;7659.00
2026-17-09 02:05:00;7658.75;7662.25;7657.50;7661.25
2026-17-09 02:10:00;7661.50;7662.00;7656.00;7656.00
2026-17-09 02:15:00;7656.00;7660.25;7654.00;7659.50
2026-17-09 02:20:00;7659.25;7660.00;7655.75;7657.50
2026-17-09 02:25:00;7657.00;7658.75;7656.00;7656.75
2026-17-09 02:30:00;7656.75;7663.50;7656.75;7662.25
2026-17-09 02:35:00;7662.25;7664.75;7661.75;7664.50
2026-17-09 02:40:00;7664.25;7667.75;7664.00;7665.50
2026-17-09 02:45:00;7665.50;7665.50;7662.00;7663.75
2026-17-09 02:50:00;7663.75;7664.00;7659.75;7660.75
2026-17-09 02:55:00;7660.75;7666.00;7660.50;7664.00
2026-17-09 03:00:00;7664.00;7665.00;7662.00;7664.50
2026-17-09 03:05:00;7664.25;7668.00;7664.00;7664.25
2026-17-09 03:10:00;7664.25;7664.25;7660.75;7663.75
2026-17-09 03:15:00;7663.50;7664.00;7662.00;7663.25
2026-17-09 03:20:00;7663.00;7664.50;7662.75;7663.25
2026-17-09 03:25:00;7663.50;7664.25;7662.50;7663.25
2026-17-09 03:30:00;7663.25;7666.75;7663.25;7664.25
2026-17-09 03:35:00;7664.50;7666.25;7662.00;7662.25
2026-17-09 03:40:00;7662.00;7663.75;7659.50;7663.50
2026-17-09 03:45:00;7663.25;7664.25;7663.00;7663.50
2026-17-09 03:50:00;7663.25;7663.75;7660.50;7662.50
2026-17-09 03:55:00;7662.50;7663.00;7658.25;7660.00
2026-17-09 04:00:00;7660.00;7664.00;7659.75;7664.00
2026-17-09 04:05:00;7664.00;7664.75;7660.75;7661.50
2026-17-09 04:10:00;7661.50;7662.75;7661.00;7662.00
2026-17-09 04:15:00;7661.50;7663.75;7661.50;7663.25
2026-17-09 04:20:00;7663.25;7664.25;7662.25;7663.50
2026-17-09 04:25:00;7663.25;7665.25;7662.75;7663.75
2026-17-09 04:30:00;7664.00;7667.25;7663.75;7666.00
2026-17-09 04:35:00;7666.25;7668.75;7665.75;7668.00
2026-17-09 04:40:00;7667.75;7669.75;7667.50;7668.75
2026-17-09 04:45:00;7668.50;7668.75;7666.75;7667.75
2026-17-09 04:50:00;7667.50;7668.50;7665.00;7665.50
2026-17-09 04:55:00;7665.25;7666.50;7664.75;7665.25
2026-17-09 05:00:00;7665.25;7666.50;7664.75;7666.25
2026-17-09 05:05:00;7666.25;7667.50;7666.00;7666.25
2026-17-09 05:10:00;7666.50;7667.50;7664.75;7667.25
2026-17-09 05:15:00;7667.50;7667.75;7665.75;7666.25
2026-17-09 05:20:00;7666.00;7668.00;7664.75;7668.00
2026-17-09 05:25:00;7668.00;7668.25;7667.50;7668.00
2026-17-09 05:30:00;7667.75;7668.50;7666.75;7667.75
2026-17-09 05:35:00;7668.00;7668.75;7667.00;7668.75
2026-17-09 05:40:00;7668.75;7670.25;7668.50;7669.50
2026-17-09 05:45:00;7669.50;7669.75;7666.75;7669.25
2026-17-09 05:50:00;7669.25;7669.25;7667.75;7668.00
2026-17-09 05:55:00;7668.25;7670.00;7668.00;7669.00
2026-17-09 06:00:00;7668.75;7670.25;7668.75;7669.75
2026-17-09 06:05:00;7669.75;7669.75;7668.25;7668.75
2026-17-09 06:10:00;7668.75;7669.00;7667.25;7668.25
2026-17-09 06:15:00;7668.25;7668.25;7666.75;7666.75
2026-17-09 06:20:00;7666.75;7667.00;7666.25;7666.50
2026-17-09 06:25:00;7666.50;7668.00;7665.75;7667.25
2026-17-09 06:30:00;7667.25;7667.75;7666.00;7666.75
2026-17-09 06:35:00;7667.00;7669.25;7666.75;7669.00
2026-17-09 06:40:00;7669.00;7670.25;7668.50;7668.75
2026-17-09 06:45:00;7669.00;7670.25;7668.75;7668.75
2026-17-09 06:50:00;7668.75;7668.75;7666.50;7667.00
2026-17-09 06:55:00;7667.00;7668.00;7666.75;7667.25
2026-17-09 07:00:00;7667.25;7667.75;7666.50;7667.00
2026-17-09 07:05:00;7667.00;7667.00;7666.00;7666.00
2026-17-09 07:10:00;7666.00;7666.25;7664.00;7664.50
2026-17-09 07:15:00;7664.50;7664.75;7663.50;7663.75
2026-17-09 07:20:00;7663.75;7663.75;7662.50;7663.50
2026-17-09 07:25:00;7663.25;7665.25;7663.25;7663.50
2026-17-09 07:30:00;7663.50;7664.00;7661.25;7662.75
2026-17-09 07:35:00;7662.75;7662.75;7660.00;7661.25
2026-17-09 07:40:00;7661.25;7661.50;7659.00;7659.00
2026-17-09 07:45:00;7659.00;7660.00;7658.75;7659.25
2026-17-09 07:50:00;7659.25;7660.25;7657.75;7658.25
2026-17-09 07:55:00;7658.25;7658.25;7656.25;7657.25
2026-17-09 08:00:00;7657.00;7663.25;7656.75;7662.25
2026-17-09 08:05:00;7662.00;7664.50;7660.25;7661.50
2026-17-09 08:10:00;7661.50;7662.25;7659.75;7661.50
2026-17-09 08:15:00;7661.75;7662.00;7658.50;7661.50
2026-17-09 08:20:00;7661.50;7665.50;7660.75;7665.50
2026-17-09 08:25:00;7665.75;7671.50;7665.25;7671.25
2026-17-09 08:30:00;7671.25;7674.00;7671.00;7672.25
2026-17-09 08:35:00;7672.25;7675.00;7671.75;7672.00
2026-17-09 08:40:00;7672.25;7676.75;7672.25;7676.25
2026-17-09 08:45:00;7676.00;7677.50;7675.00;7676.00
2026-17-09 08:50:00;7676.00;7677.00;7675.50;7676.25
2026-17-09 08:55:00;7676.25;7676.25;7674.25;7675.25
2026-17-09 09:00:00;7675.25;7679.00;7673.50;7678.50
2026-17-09 09:05:00;7678.25;7683.25;7678.25;7682.50
2026-17-09 09:10:00;7682.75;7684.00;7679.50;7680.25
2026-17-09 09:15:00;7680.50;7683.75;7679.50;7680.75
2026-17-09 09:20:00;7680.50;7683.00;7678.75;7682.25
2026-17-09 09:25:00;7682.25;7687.00;7682.00;7686.75
2026-17-09 09:30:00;7686.50;7689.25;7685.75;7686.50
2026-17-09 09:35:00;7686.50;7686.75;7685.00;7686.50
2026-17-09 09:40:00;7686.25;7686.75;7684.75;7685.75
2026-17-09 09:45:00;7685.75;7686.25;7683.00;7683.00
2026-17-09 09:50:00;7683.00;7683.50;7680.50;7680.75
2026-17-09 09:55:00;7680.75;7680.75;7679.00;7680.25
2026-17-09 10:00:00;7680.00;7681.75;7678.25;7680.75
2026-17-09 10:05:00;7680.50;7681.00;7679.00;7679.50
2026-17-09 10:10:00;7679.25;7680.25;7673.50;7674.50
2026-17-09 10:15:00;7674.25;7675.25;7671.25;7672.75
2026-17-09 10:20:00;7672.75;7675.25;7672.25;7675.25
2026-17-09 10:25:00;7675.25;7678.25;7675.00;7677.75
2026-17-09 10:30:00;7677.75;7679.75;7676.25;7679.75
2026-17-09 10:35:00;7679.75;7680.50;7678.50;7680.25
2026-17-09 10:40:00;7680.50;7680.75;7678.00;7679.00
2026-17-09 10:45:00;7679.00;7680.75;7678.75;7680.25
2026-17-09 10:50:00;7680.50;7684.00;7680.25;7683.50
2026-17-09 10:55:00;7683.50;7684.50;7682.50;7683.25
2026-17-09 11:00:00;7683.25;7686.50;7683.00;7685.00
2026-17-09 11:05:00;7685.25;7687.00;7684.75;7686.25
2026-17-09 11:10:00;7686.50;7689.25;7686.50;7686.75
2026-17-09 11:15:00;7686.75;7687.75;7684.50;7684.50
2026-17-09 11:20:00;7684.50;7686.00;7684.25;7685.25
2026-17-09 11:25:00;7685.25;7685.25;7683.50;7683.75
2026-17-09 11:30:00;7683.50;7686.75;7683.50;7686.25
2026-17-09 11:35:00;7686.25;7687.00;7685.00;7685.25
2026-17-09 11:40:00;7685.00;7686.50;7685.00;7685.75
2026-17-09 11:45:00;7685.50;7685.75;7681.25;7682.00
2026-17-09 11:50:00;7682.25;7684.00;7682.25;7683.75
2026-17-09 11:55:00;7683.75;7685.00;7682.25;7682.75
2026-17-09 12:00:00;7682.50;7684.75;7682.50;7684.25
2026-17-09 12:05:00;7684.25;7687.00;7684.00;7685.75
2026-17-09 12:10:00;7685.75;7686.75;7685.25;7685.25
2026-17-09 12:15:00;7685.25;7686.00;7683.50;7683.50
2026-17-09 12:20:00;7683.50;7688.50;7683.50;7688.50
2026-17-09 12:25:00;7688.50;7689.50;7687.25;7687.50
2026-17-09 12:30:00;7687.75;7689.50;7685.75;7685.75
2026-17-09 12:35:00;7686.00;7688.25;7685.50;7687.25
2026-17-09 12:40:00;7687.25;7687.75;7684.25;7684.75
2026-17-09 12:45:00;7684.75;7685.50;7684.25;7685.00
2026-17-09 12:50:00;7685.00;7687.00;7685.00;7686.25
2026-17-09 12:55:00;7686.50;7688.75;7686.00;7687.50
2026-17-09 13:00:00;7687.75;7690.75;7687.50;7688.00
2026-17-09 13:05:00;7688.25;7688.75;7687.00;7687.00
2026-17-09 13:10:00;7687.00;7688.50;7685.75;7688.00
2026-17-09 13:15:00;7688.25;7688.75;7684.75;7686.00
2026-17-09 13:20:00;7686.25;7688.25;7685.75;7686.00
2026-17-09 13:25:00;7686.00;7687.25;7685.00;7686.25
2026-17-09 13:30:00;7686.00;7687.50;7685.25;7685.25
2026-17-09 13:35:00;7685.50;7687.25;7684.50;7686.50
2026-17-09 13:40:00;7686.25;7686.25;7683.00;7683.00
2026-17-09 13:45:00;7683.00;7685.00;7682.50;7683.50
2026-17-09 13:50:00;7683.75;7688.00;7682.25;7687.00
2026-17-09 13:55:00;7687.00;7695.50;7685.50;7695.25
2026-17-09 14:00:00;7695.00;7695.75;7690.00;7694.50
2026-17-09 14:05:00;7694.75;7701.75;7693.50;7701.50
2026-17-09 14:10:00;7701.50;7703.50;7700.75;7701.75
2026-17-09 14:15:00;7702.00;7708.25;7701.25;7708.00
2026-17-09 14:20:00;7708.25;7712.00;7708.00;7710.75
2026-17-09 14:25:00;7710.75;7716.75;7710.00;7716.50
2026-17-09 14:30:00;7716.25;7722.25;7713.00;7721.25
2026-17-09 14:35:00;7721.50;7722.25;7717.50;7720.75
2026-17-09 14:40:00;7720.50;7721.50;7717.50;7717.75
2026-17-09 14:45:00;7717.75;7718.00;7715.25;7716.25
2026-17-09 14:50:00;7716.50;7720.00;7716.25;7718.00
2026-17-09 14:55:00;7718.00;7719.25;7716.25;7717.50
2026-17-09 15:00:00;7717.75;7722.00;7716.50;7718.50
2026-17-09 15:05:00;7718.75;7719.50;7716.50;7716.50
2026-17-09 15:10:00;7716.50;7717.50;7714.75;7716.00
2026-17-09 15:15:00;7716.00;7718.50;7715.50;7715.75
2026-17-09 15:20:00;7716.00;7717.00;7713.50;7713.75
2026-17-09 15:25:00;7713.75;7717.00;7712.50;7713.50
2026-17-09 15:30:00;7713.50;7716.25;7695.50;7695.50
2026-17-09 15:35:00;7695.75;7697.75;7691.75;7693.00
2026-17-09 15:40:00;7693.00;7694.25;7688.25;7690.50
2026-17-09 15:45:00;7690.75;7696.00;7688.25;7694.75
2026-17-09 15:50:00;7695.00;7697.25;7691.25;7691.25
2026-17-09 15:55:00;7691.00;7693.75;7688.50;7693.75
2026-17-09 16:00:00;7693.50;7693.75;7683.75;7686.75
2026-17-09 16:05:00;7687.00;7687.25;7680.50;7683.00
2026-17-09 16:10:00;7683.00;7692.75;7681.75;7692.25
2026-17-09 16:15:00;7692.25;7695.75;7691.00;7695.75
2026-17-09 16:20:00;7695.50;7701.50;7693.25;7700.75
2026-17-09 16:25:00;7700.75;7703.75;7697.00;7697.50
2026-17-09 16:30:00;7697.50;7701.25;7696.25;7700.75
2026-17-09 16:35:00;7700.75;7701.50;7697.25;7697.75
2026-17-09 16:40:00;7697.75;7703.25;7697.25;7699.50
2026-17-09 16:45:00;7699.50;7700.25;7691.25;7693.00
2026-17-09 16:50:00;7693.00;7693.75;7685.50;7686.50
2026-17-09 16:55:00;7686.25;7691.50;7684.50;7688.25
2026-17-09 17:00:00;7688.00;7690.25;7686.00;7686.25
2026-17-09 17:05:00;7686.25;7689.25;7683.75;7688.00
2026-17-09 17:10:00;7688.00;7692.75;7686.75;7692.00
2026-17-09 17:15:00;7691.75;7695.50;7689.75;7694.75
2026-17-09 17:20:00;7695.00;7695.25;7691.00;7693.25
2026-17-09 17:25:00;7693.25;7698.00;7693.00;7696.25
2026-17-09 17:30:00;7696.25;7698.75;7695.25;7698.00
2026-17-09 17:35:00;7698.25;7701.25;7697.50;7701.00
2026-17-09 17:40:00;7700.75;7706.25;7700.75;7703.50
2026-17-09 17:45:00;7703.50;7705.50;7702.75;7704.25
2026-17-09 17:50:00;7704.50;7705.50;7701.75;7705.00
2026-17-09 17:55:00;7704.75;7706.50;7701.50;7706.50
2026-17-09 18:00:00;7706.50;7707.25;7704.25;7704.50
2026-17-09 18:05:00;7704.25;7706.25;7701.50;7705.75
2026-17-09 18:10:00;7705.75;7706.25;7702.25;7704.00
2026-17-09 18:15:00;7703.75;7705.00;7702.75;7704.00
2026-17-09 18:20:00;7703.75;7706.75;7703.25;7706.00
2026-17-09 18:25:00;7706.00;7707.50;7705.00;7706.25
2026-17-09 18:30:00;7706.25;7707.75;7700.50;7702.00
2026-17-09 18:35:00;7702.00;7704.25;7701.00;7703.00
2026-17-09 18:40:00;7703.00;7707.75;7702.00;7707.50
2026-17-09 18:45:00;7707.50;7708.00;7705.25;7705.75
2026-17-09 18:50:00;7706.00;7706.75;7704.75;7705.00
2026-17-09 18:55:00;7705.00;7706.00;7697.00;7706.00
2026-17-09 19:00:00;7706.00;7708.75;7704.25;7707.75
2026-17-09 19:05:00;7707.75;7709.25;7704.25;7705.25
2026-17-09 19:10:00;7705.00;7705.50;7702.75;7703.50
2026-17-09 19:15:00;7703.75;7704.50;7702.25;7703.25
2026-17-09 19:20:00;7703.00;7703.75;7699.75;7700.25
2026-17-09 19:25:00;7700.50;7702.50;7699.50;7702.00
2026-17-09 19:30:00;7702.00;7704.75;7700.25;7704.75
2026-17-09 19:35:00;7704.75;7705.25;7703.00;7703.75
2026-17-09 19:40:00;7703.75;7706.50;7703.75;7706.00
2026-17-09 19:45:00;7705.75;7708.00;7705.25;7706.00
2026-17-09 19:50:00;7706.00;7706.00;7704.25;7705.00
2026-17-09 19:55:00;7705.00;7707.75;7705.00;7707.75
2026-17-09 20:00:00;7707.75;7709.75;7706.50;7709.25
2026-17-09 20:05:00;7709.00;7710.00;7705.75;7706.75
2026-17-09 20:10:00;7706.50;7709.25;7705.75;7708.75
2026-17-09 20:15:00;7709.00;7711.25;7707.75;7710.25
2026-17-09 20:20:00;7710.25;7710.75;7707.00;7707.25
2026-17-09 20:25:00;7707.25;7709.75;7706.75;7708.50
2026-17-09 20:30:00;7708.75;7710.25;7706.25;7706.50
2026-17-09 20:35:00;7706.50;7706.75;7703.25;7703.50
2026-17-09 20:40:00;7703.50;7705.25;7702.75;7704.75
2026-17-09 20:45:00;7705.00;7708.00;7704.25;7706.25
2026-17-09 20:50:00;7706.25;7706.50;7703.25;7704.25
2026-17-09 20:55:00;7704.50;7706.00;7703.75;7705.75
2026-17-09 21:00:00;7705.75;7710.00;7705.50;7709.75
2026-17-09 21:05:00;7709.75;7711.75;7708.50;7709.25
2026-17-09 21:10:00;7709.25;7710.25;7708.00;7709.00
2026-17-09 21:15:00;7709.00;7710.50;7708.00;7710.25
2026-17-09 21:20:00;7710.25;7710.25;7707.00;7707.25
2026-17-09 21:25:00;7707.25;7709.00;7706.25;7706.75
2026-17-09 21:30:00;7706.75;7710.25;7706.75;7709.00
2026-17-09 21:35:00;7709.25;7711.50;7709.00;7710.50
2026-17-09 21:40:00;7710.75;7712.00;7708.00;7711.75
2026-17-09 21:45:00;7711.50;7711.75;7707.75;7708.25
2026-17-09 21:50:00;7708.50;7715.50;7707.75;7711.25
2026-17-09 21:55:00;7711.25;7712.75;7705.00;7707.50
2026-17-09 22:00:00;7707.25;7708.00;7704.75;7705.00
2026-17-09 22:05:00;7705.00;7708.50;7705.00;7708.00
2026-17-09 22:10:00;7707.75;7708.00;7704.00;7704.50
2026-17-09 22:15:00;7704.25;7705.25;7702.00;7702.25
2026-17-09 22:20:00;7702.00;7703.00;7702.00;7702.25
2026-17-09 22:25:00;7702.25;7703.00;7701.75;7702.00
2026-17-09 22:30:00;7701.75;7702.50;7701.50;7701.75
2026-17-09 22:35:00;7701.75;7703.00;7701.75;7702.50
2026-17-09 22:40:00;7702.50;7703.00;7701.50;7701.75
2026-17-09 22:45:00;7701.50;7702.00;7701.00;7701.50
2026-17-09 22:50:00;7701.50;7703.00;7701.00;7702.75
2026-17-09 22:55:00;7702.50;7704.00;7701.75;7702.25
2026-18-09 00:00:00;7703.50;7704.25;7701.00;7701.25
2026-18-09 00:05:00;7701.50;7702.00;7699.50;7700.00
2026-18-09 00:10:00;7700.25;7701.50;7700.25;7701.50
2026-18-09 00:15:00;7701.25;7701.50;7699.75;7700.50
2026-18-09 00:20:00;7700.75;7701.00;7698.50;7699.00
2026-18-09 00:25:00;7699.50;7700.00;7697.75;7698.00
2026-18-09 00:30:00;7697.75;7698.50;7697.50;7697.75
2026-18-09 00:35:00;7698.00;7699.25;7697.75;7698.25
2026-18-09 00:40:00;7698.25;7698.25;7697.00;7698.00
2026-18-09 00:45:00;7698.00;7698.25;7697.25;7698.00
2026-18-09 00:50:00;7698.00;7698.25;7697.00;7697.00
2026-18-09 00:55:00;7697.25;7699.25;7697.00;7699.00
2026-18-09 01:00:00;7699.25;7700.75;7699.25;7700.50
2026-18-09 01:05:00;7700.50;7701.75;7700.50;7701.75
2026-18-09 01:10:00;7701.75;7702.00;7699.50;7700.00
2026-18-09 01:15:00;7700.00;7700.25;7699.00;7700.25
2026-18-09 01:20:00;7700.00;7701.50;7700.00;7700.75
2026-18-09 01:25:00;7700.75;7701.00;7699.25;7700.00
2026-18-09 01:30:00;7700.00;7701.00;7699.50;7700.75
2026-18-09 01:35:00;7700.75;7701.50;7700.50;7701.00
2026-18-09 01:40:00;7701.00;7702.25;7701.00;7701.25
2026-18-09 01:45:00;7701.50;7702.50;7700.75;7701.50
2026-18-09 01:50:00;7701.50;7702.00;7700.50;7701.50
2026-18-09 01:55:00;7701.50;7701.75;7700.75;7700.75
2026-18-09 02:00:00;7700.75;7701.75;7698.50;7700.00
2026-18-09 02:05:00;7700.00;7701.00;7698.00;7700.00
2026-18-09 02:10:00;7700.25;7701.25;7698.00;7701.25
2026-18-09 02:15:00;7701.00;7702.00;7699.75;7701.50
2026-18-09 02:20:00;7701.50;7702.25;7700.25;7702.00
2026-18-09 02:25:00;7702.00;7702.75;7700.25;7701.00
2026-18-09 02:30:00;7701.00;7703.00;7701.00;7702.75
2026-18-09 02:35:00;7702.75;7702.75;7699.75;7699.75
2026-18-09 02:40:00;7699.75;7701.75;7698.75;7701.25
2026-18-09 02:45:00;7701.25;7701.50;7698.75;7699.00
2026-18-09 02:50:00;7699.00;7699.75;7698.25;7699.50
2026-18-09 02:55:00;7699.50;7699.50;7699.00;7699.50
2026-18-09 03:00:00;7699.50;7701.25;7698.00;7698.50
2026-18-09 03:05:00;7698.25;7699.75;7698.25;7698.50
2026-18-09 03:10:00;7698.50;7699.00;7697.50;7698.00
2026-18-09 03:15:00;7697.75;7697.75;7696.00;7697.50
2026-18-09 03:20:00;7697.50;7698.50;7696.75;7697.25
2026-18-09 03:25:00;7697.50;7697.50;7696.75;7697.25
2026-18-09 03:30:00;7697.50;7697.75;7696.25;7697.25
2026-18-09 03:35:00;7697.00;7698.25;7696.50;7697.50
2026-18-09 03:40:00;7697.50;7699.75;7697.50;7697.50
2026-18-09 03:45:00;7697.75;7700.75;7697.75;7700.00
2026-18-09 03:50:00;7700.25;7700.50;7698.50;7700.00
2026-18-09 03:55:00;7700.00;7701.25;7699.25;7701.00
2026-18-09 04:00:00;7701.00;7701.75;7700.75;7700.75
2026-18-09 04:05:00;7700.75;7701.50;7700.00;7700.25
2026-18-09 04:10:00;7700.25;7700.75;7699.00;7700.75
2026-18-09 04:15:00;7700.75;7701.50;7700.25;7701.50
2026-18-09 04:20:00;7701.75;7703.00;7701.25;7702.75
2026-18-09 04:25:00;7702.75;7703.25;7701.75;7703.00
2026-18-09 04:30:00;7703.00;7704.00;7702.50;7703.75
2026-18-09 04:35:00;7704.00;7704.00;7702.25;7703.00
2026-18-09 04:40:00;7703.00;7704.25;7702.75;7703.00
2026-18-09 04:45:00;7703.00;7704.00;7703.00;7703.75
2026-18-09 04:50:00;7704.00;7705.00;7702.75;7703.75
2026-18-09 04:55:00;7703.50;7704.50;7703.00;7703.75
2026-18-09 05:00:00;7703.75;7705.75;7703.50;7705.75
2026-18-09 05:05:00;7705.75;7708.00;7705.75;7707.50
2026-18-09 05:10:00;7707.50;7709.50;7707.50;7709.25
2026-18-09 05:15:00;7709.00;7709.00;7707.00;7708.00
2026-18-09 05:20:00;7708.00;7709.50;7708.00;7708.50
2026-18-09 05:25:00;7708.75;7709.75;7708.75;7709.00
2026-18-09 05:30:00;7709.00;7710.50;7708.50;7709.75
2026-18-09 05:35:00;7710.00;7711.00;7710.00;7710.75
2026-18-09 05:40:00;7710.75;7712.00;7710.75;7711.50
2026-18-09 05:45:00;7711.75;7714.25;7711.75;7713.75
2026-18-09 05:50:00;7713.75;7714.25;7712.75;7713.25
2026-18-09 05:55:00;7713.25;7713.50;7712.50;7713.50
2026-18-09 06:00:00;7713.75;7714.75;7713.00;7714.50
2026-18-09 06:05:00;7714.50;7715.25;7714.25;7715.00
2026-18-09 06:10:00;7715.00;7715.75;7714.50;7714.75
2026-18-09 06:15:00;7714.75;7715.50;7713.75;7714.75
2026-18-09 06:20:00;7714.50;7714.75;7713.75;7714.00
2026-18-09 06:25:00;7713.75;7715.00;7712.75;7715.00
2026-18-09 06:30:00;7715.25;7717.00;7715.25;7716.00
2026-18-09 06:35:00;7716.00;7716.25;7715.25;7716.00
2026-18-09 06:40:00;7716.00;7719.25;7715.50;7718.75
2026-18-09 06:45:00;7719.00;7719.50;7718.50;7719.25
2026-18-09 06:50:00;7719.50;7721.25;7719.50;7720.25
2026-18-09 06:55:00;7720.25;7721.75;7720.00;7721.75
2026-18-09 07:00:00;7721.50;7722.50;7721.25;7722.50
2026-18-09 07:05:00;7722.25;7722.50;7721.75;7722.00
2026-18-09 07:10:00;7722.25;7723.00;7722.00;7722.75
2026-18-09 07:15:00;7723.00;7723.50;7722.50;7722.75
2026-18-09 07:20:00;7723.00;7723.50;7722.25;7723.50
2026-18-09 07:25:00;7723.75;7724.50;7722.25;7723.25
2026-18-09 07:30:00;7723.50;7725.50;7723.00;7725.00
2026-18-09 07:35:00;7725.00;7728.00;7725.00;7727.75
2026-18-09 07:40:00;7727.75;7730.00;7727.25;7730.00
2026-18-09 07:45:00;7729.75;7730.25;7727.00;7727.00
2026-18-09 07:50:00;7727.00;7728.50;7726.25;7726.50
2026-18-09 07:55:00;7726.25;7727.00;7725.75;7726.75
2026-18-09 08:00:00;7726.75;7729.25;7726.75;7728.00
2026-18-09 08:05:00;7728.00;7728.25;7726.75;7727.25
2026-18-09 08:10:00;7727.50;7728.25;7727.25;7728.00
2026-18-09 08:15:00;7728.00;7729.00;7725.75;7726.50
2026-18-09 08:20:00;7726.50;7730.25;7726.25;7729.50
2026-18-09 08:25:00;7729.50;7730.75;7728.25;7728.75
2026-18-09 08:30:00;7728.75;7733.50;7728.75;7733.00
2026-18-09 08:35:00;7733.00;7734.25;7732.25;7734.25
2026-18-09 08:40:00;7734.00;7734.50;7732.50;7733.50
2026-18-09 08:45:00;7733.50;7734.50;7732.50;7734.00
2026-18-09 08:50:00;7734.00;7734.50;7733.25;7733.50
2026-18-09 08:55:00;7733.75;7734.75;7733.25;7733.75
2026-18-09 09:00:00;7733.75;7734.75;7732.25;7733.50
2026-18-09 09:05:00;7733.50;7734.00;7732.25;7733.75
2026-18-09 09:10:00;7733.75;7736.00;7733.25;7733.25
2026-18-09 09:15:00;7733.25;7735.25;7733.00;7734.50
2026-18-09 09:20:00;7734.50;7735.25;7733.75;7734.75
2026-18-09 09:25:00;7735.00;7738.00;7734.75;7737.75
2026-18-09 09:30:00;7737.75;7739.25;7735.00;7735.75
2026-18-09 09:35:00;7736.00;7737.00;7734.50;7736.50
2026-18-09 09:40:00;7736.50;7736.50;7733.25;7734.25
2026-18-09 09:45:00;7734.25;7735.75;7733.75;7735.25
2026-18-09 09:50:00;7735.50;7736.75;7734.25;7736.75
2026-18-09 09:55:00;7736.50;7736.50;7733.75;7734.50
2026-18-09 10:00:00;7734.25;7735.50;7732.50;7732.50
2026-18-09 10:05:00;7732.50;7733.50;7730.50;7730.50
2026-18-09 10:10:00;7730.75;7731.50;7728.75;7729.25
2026-18-09 10:15:00;7729.25;7730.25;7728.50;7730.25
2026-18-09 10:20:00;7730.25;7732.00;7728.50;7729.00
2026-18-09 10:25:00;7729.25;7729.75;7725.00;7725.25
2026-18-09 10:30:00;7725.50;7727.75;7724.50;7727.50
2026-18-09 10:35:00;7727.50;7728.25;7726.25;7727.50
2026-18-09 10:40:00;7727.25;7729.25;7726.75;7729.00
2026-18-09 10:45:00;7728.75;7730.25;7728.25;7728.50
2026-18-09 10:50:00;7728.75;7729.50;7727.50;7727.50
2026-18-09 10:55:00;7727.50;7729.00;7727.00;7727.50
2026-18-09 11:00:00;7727.50;7727.50;7725.50;7726.50
2026-18-09 11:05:00;7726.50;7728.50;7726.25;7726.75
2026-18-09 11:10:00;7726.75;7728.25;7726.25;7726.75
2026-18-09 11:15:00;7726.75;7728.50;7726.50;7728.25
2026-18-09 11:20:00;7728.50;7728.50;7727.00;7727.00
2026-18-09 11:25:00;7727.00;7727.25;7723.50;7723.75
2026-18-09 11:30:00;7723.75;7723.75;7721.50;7721.75
2026-18-09 11:35:00;7721.75;7723.00;7718.75;7718.75
2026-18-09 11:40:00;7718.75;7720.00;7717.25;7717.25
2026-18-09 11:45:00;7717.50;7719.00;7716.75;7718.25
2026-18-09 11:50:00;7718.00;7719.75;7717.50;7719.00
2026-18-09 11:55:00;7719.00;7719.25;7716.75;7717.00
2026-18-09 12:00:00;7716.75;7718.25;7716.00;7717.00
2026-18-09 12:05:00;7716.75;7718.50;7716.50;7717.50
2026-18-09 12:10:00;7717.75;7718.50;7716.75;7718.50
2026-18-09 12:15:00;7718.25;7719.75;7718.00;7719.00
2026-18-09 12:20:00;7719.00;7720.25;7718.75;7719.00
2026-18-09 12:25:00;7719.00;7719.25;7717.25;7719.25
2026-18-09 12:30:00;7719.25;7723.00;7719.00;7722.75
2026-18-09 12:35:00;7723.00;7725.25;7722.75;7724.50
2026-18-09 12:40:00;7724.75;7725.25;7724.25;7724.75
2026-18-09 12:45:00;7724.75;7725.00;7721.75;7722.50
2026-18-09 12:50:00;7722.75;7722.75;7720.25;7720.75
2026-18-09 12:55:00;7720.75;7721.75;7719.75;7720.25
2026-18-09 13:00:00;7720.25;7724.00;7717.25;7724.00
2026-18-09 13:05:00;7724.00;7724.00;7713.75;7717.75
2026-18-09 13:10:00;7718.00;7719.25;7714.75;7717.50
2026-18-09 13:15:00;7717.25;7717.25;7711.75;7713.25
2026-18-09 13:20:00;7713.25;7714.75;7711.50;7713.25
2026-18-09 13:25:00;7713.25;7714.00;7712.25;7713.00
2026-18-09 13:30:00;7712.75;7716.50;7712.75;7715.00
2026-18-09 13:35:00;7715.00;7717.75;7714.50;7716.25
2026-18-09 13:40:00;7716.25;7716.50;7712.25;7713.00
2026-18-09 13:45:00;7713.00;7714.25;7712.00;7713.75
2026-18-09 13:50:00;7713.50;7714.00;7712.25;7713.50
2026-18-09 13:55:00;7713.75;7714.00;7710.25;7712.00
2026-18-09 14:00:00;7712.25;7714.50;7708.25;7712.50
2026-18-09 14:05:00;7712.50;7715.00;7705.50;7705.50
2026-18-09 14:10:00;7705.75;7705.75;7702.00;7703.00
2026-18-09 14:15:00;7703.25;7705.50;7701.00;7701.00
2026-18-09 14:20:00;7701.00;7702.50;7697.75;7697.75
2026-18-09 14:25:00;7698.00;7700.50;7697.75;7699.00
2026-18-09 14:30:00;7699.00;7703.00;7698.00;7702.25
2026-18-09 14:35:00;7702.00;7703.25;7699.50;7702.00
2026-18-09 14:40:00;7702.00;7703.75;7700.75;7702.50
2026-18-09 14:45:00;7702.25;7703.50;7701.00;7701.00
2026-18-09 14:50:00;7701.00;7702.25;7700.50;7701.50
2026-18-09 14:55:00;7701.75;7702.00;7699.25;7700.75
2026-18-09 15:00:00;7700.75;7702.25;7699.25;7700.25
2026-18-09 15:05:00;7700.25;7702.50;7700.00;7701.75
2026-18-09 15:10:00;7701.75;7703.00;7701.00;7701.50
2026-18-09 15:15:00;7701.50;7703.25;7701.00;7702.75
2026-18-09 15:20:00;7702.50;7702.75;7698.00;7698.25
2026-18-09 15:25:00;7698.00;7710.00;7692.25;7710.00
2026-18-09 15:30:00;7710.00;7714.50;7706.25;7706.75
2026-18-09 15:35:00;7706.75;7708.00;7701.75;7705.00
2026-18-09 15:40:00;7705.25;7710.25;7703.50;7705.00
2026-18-09 15:45:00;7705.00;7707.50;7700.50;7701.00
2026-18-09 15:50:00;7700.75;7701.25;7694.75;7695.00
2026-18-09 15:55:00;7695.00;7697.00;7691.25;7693.00
2026-18-09 16:00:00;7693.00;7695.25;7685.00;7686.25
2026-18-09 16:05:00;7686.25;7690.50;7684.00;7690.25
2026-18-09 16:10:00;7690.00;7695.00;7687.50;7688.00
2026-18-09 16:15:00;7687.75;7689.50;7683.25;7689.25
2026-18-09 16:20:00;7689.25;7691.75;7686.50;7687.25
2026-18-09 16:25:00;7687.25;7692.00;7686.25;7689.00
2026-18-09 16:30:00;7688.75;7690.00;7686.25;7687.50
2026-18-09 16:35:00;7687.50;7693.50;7685.25;7690.50
2026-18-09 16:40:00;7690.50;7690.75;7684.00;7685.50
2026-18-09 16:45:00;7685.75;7690.75;7684.00;7690.00
2026-18-09 16:50:00;7690.00;7695.25;7688.75;7693.75
2026-18-09 16:55:00;7694.00;7695.25;7691.75;7695.00
2026-18-09 17:00:00;7695.00;7695.50;7689.50;7692.50
2026-18-09 17:05:00;7692.25;7696.00;7691.50;7693.00
2026-18-09 17:10:00;7692.75;7695.00;7690.50;7691.25
2026-18-09 17:15:00;7691.25;7693.50;7690.00;7693.25
2026-18-09 17:20:00;7693.25;7694.50;7692.00;7693.75
2026-18-09 17:25:00;7693.75;7696.25;7693.50;7695.50
2026-18-09 17:30:00;7695.50;7697.00;7690.50;7693.75
2026-18-09 17:35:00;7693.50;7694.75;7687.75;7688.50
2026-18-09 17:40:00;7688.25;7689.50;7686.50;7688.25
2026-18-09 17:45:00;7688.50;7689.50;7686.25;7687.00
2026-18-09 17:50:00;7687.00;7689.00;7684.25;7684.75
2026-18-09 17:55:00;7685.00;7687.50;7683.75;7685.25
2026-18-09 18:00:00;7685.25;7685.50;7682.00;7683.50
2026-18-09 18:05:00;7683.50;7687.75;7683.25;7687.00
2026-18-09 18:10:00;7687.00;7687.50;7685.00;7685.75
2026-18-09 18:15:00;7685.75;7687.25;7684.25;7686.50
2026-18-09 18:20:00;7686.50;7686.50;7677.25;7677.75
2026-18-09 18:25:00;7677.75;7684.75;7675.00;7683.25
2026-18-09 18:30:00;7683.25;7689.00;7681.25;7687.00
2026-18-09 18:35:00;7687.00;7688.50;7684.00;7685.50
2026-18-09 18:40:00;7685.50;7688.75;7684.00;7686.75
2026-18-09 18:45:00;7686.75;7687.75;7683.50;7687.50
2026-18-09 18:50:00;7687.50;7691.50;7687.50;7690.50
2026-18-09 18:55:00;7690.50;7691.50;7689.00;7689.75
2026-18-09 19:00:00;7690.00;7690.75;7687.50;7689.75
2026-18-09 19:05:00;7689.50;7691.50;7688.50;7689.25
2026-18-09 19:10:00;7689.25;7689.50;7686.25;7689.25
2026-18-09 19:15:00;7689.25;7691.00;7688.50;7689.50
2026-18-09 19:20:00;7689.75;7691.25;7688.50;7691.25
2026-18-09 19:25:00;7691.25;7692.00;7689.75;7690.00
2026-18-09 19:30:00;7690.25;7690.75;7688.25;7690.25
2026-18-09 19:35:00;7690.25;7693.50;7690.25;7693.00
2026-18-09 19:40:00;7693.00;7694.00;7691.50;7694.00
2026-18-09 19:45:00;7694.00;7694.50;7692.25;7692.75
2026-18-09 19:50:00;7692.50;7695.00;7692.50;7694.25
2026-18-09 19:55:00;7694.00;7695.00;7693.50;7694.50
2026-18-09 20:00:00;7694.75;7696.00;7693.00;7695.25
2026-18-09 20:05:00;7695.50;7695.75;7693.75;7694.25
2026-18-09 20:10:00;7694.50;7695.50;7693.00;7694.50
2026-18-09 20:15:00;7694.50;7697.75;7694.50;7697.75
2026-18-09 20:20:00;7697.75;7703.25;7697.50;7700.25
2026-18-09 20:25:00;7700.00;7701.75;7698.75;7701.75
2026-18-09 20:30:00;7701.75;7702.25;7699.50;7702.25
2026-18-09 20:35:00;7702.00;7702.50;7699.00;7700.50
2026-18-09 20:40:00;7700.50;7702.75;7699.75;7702.50
2026-18-09 20:45:00;7702.25;7712.25;7702.25;7709.75
2026-18-09 20:50:00;7709.75;7715.75;7709.00;7712.25
2026-18-09 20:55:00;7712.25;7712.25;7708.75;7710.00
2026-18-09 21:00:00;7709.75;7711.75;7708.00;7710.50
2026-18-09 21:05:00;7710.50;7712.00;7708.00;7709.25
2026-18-09 21:10:00;7709.50;7711.25;7707.75;7709.00
2026-18-09 21:15:00;7709.00;7709.75;7707.50;7709.25
2026-18-09 21:20:00;7709.25;7710.50;7707.50;7708.50
2026-18-09 21:25:00;7708.25;7709.00;7705.75;7706.25
2026-18-09 21:30:00;7706.25;7706.50;7704.25;7704.75
2026-18-09 21:35:00;7704.75;7710.00;7704.25;7709.50
2026-18-09 21:40:00;7709.50;7712.25;7708.25;7712.00
2026-18-09 21:45:00;7712.25;7715.00;7711.00;7715.00
2026-18-09 21:50:00;7714.75;7716.75;7710.25;7712.75
2026-18-09 21:55:00;7712.75;7718.25;7710.25;7712.25
2026-18-09 22:00:00;7712.25;7723.50;7711.50;7722.25
2026-18-09 22:05:00;7722.25;7724.00;7721.75;7722.50
2026-18-09 22:10:00;7722.75;7729.25;7722.50;7725.50
2026-18-09 22:15:00;7725.50;7726.25;7723.75;7723.75
2026-18-09 22:20:00;7724.00;7725.50;7724.00;7725.00
2026-18-09 22:25:00;7724.75;7726.00;7724.75;7726.00
2026-18-09 22:30:00;7726.25;7726.75;7724.75;7725.50
2026-18-09 22:35:00;7725.50;7726.00;7724.50;7725.75
2026-18-09 22:40:00;7725.75;7727.50;7725.50;7727.25
2026-18-09 22:45:00;7727.00;7728.75;7726.00;7726.75
2026-18-09 22:50:00;7726.75;7728.00;7724.75;7725.00
2026-18-09 22:55:00;7725.00;7725.75;7724.00;7725.00
2026-21-09 00:00:00;7722.00;7724.25;7713.75;7716.25
2026-21-09 00:05:00;7716.50;7721.75;7716.50;7721.75
2026-21-09 00:10:00;7721.75;7726.50;7721.25;7725.75
2026-21-09 00:15:00;7725.50;7727.75;7724.25;7726.00
2026-21-09 00:20:00;7725.75;7727.00;7725.25;7725.50
2026-21-09 00:25:00;7725.50;7728.00;7725.50;7727.75
2026-21-09 00:30:00;7727.75;7730.75;7727.25;7730.75
2026-21-09 00:35:00;7730.75;7733.75;7730.75;7731.25
2026-21-09 00:40:00;7731.00;7733.00;7729.75;7730.25
2026-21-09 00:45:00;7730.25;7732.25;7729.25;7730.25
2026-21-09 00:50:00;7730.25;7731.50;7730.00;7730.75
2026-21-09 00:55:00;7731.00;7734.50;7731.00;7733.75
2026-21-09 01:00:00;7733.75;7734.00;7731.75;7732.00
2026-21-09 01:05:00;7732.00;7732.50;7731.50;7732.25
2026-21-09 01:10:00;7732.00;7732.75;7731.50;7732.00
2026-21-09 01:15:00;7732.25;7732.50;7731.25;7732.00
2026-21-09 01:20:00;7732.25;7732.50;7731.25;7732.50
2026-21-09 01:25:00;7732.50;7733.50;7732.00;7733.00
2026-21-09 01:30:00;7733.25;7734.00;7732.75;7733.25
2026-21-09 01:35:00;7733.25;7735.25;7733.25;7734.25
2026-21-09 01:40:00;7734.00;7734.75;7733.75;7734.25
2026-21-09 01:45:00;7734.00;7734.50;7733.00;7733.50
2026-21-09 01:50:00;7733.50;7733.75;7732.50;7733.00
2026-21-09 01:55:00;7733.50;7735.00;7733.25;7734.50
2026-21-09 02:00:00;7734.50;7736.25;7733.25;7735.75
2026-21-09 02:05:00;7736.00;7737.75;7735.00;7735.75
2026-21-09 02:10:00;7735.75;7736.00;7733.50;7734.50
2026-21-09 02:15:00;7734.25;7734.75;7730.75;7731.50
2026-21-09 02:20:00;7731.25;7736.75;7731.00;7736.25
2026-21-09 02:25:00;7736.00;7737.75;7735.50;7736.50
2026-21-09 02:30:00;7736.50;7740.25;7736.50;7739.75
2026-21-09 02:35:00;7739.75;7740.75;7738.75;7740.75
2026-21-09 02:40:00;7740.50;7741.25;7738.00;7738.50
2026-21-09 02:45:00;7738.50;7739.00;7737.75;7738.25
2026-21-09 02:50:00;7738.25;7740.00;7738.00;7738.75
2026-21-09 02:55:00;7738.75;7740.25;7737.75;7739.50
2026-21-09 03:00:00;7739.50;7742.50;7739.50;7741.50
2026-21-09 03:05:00;7741.25;7743.75;7741.00;7743.25
2026-21-09 03:10:00;7743.25;7743.50;7741.00;7742.50
2026-21-09 03:15:00;7742.25;7743.25;7741.50;7742.25
2026-21-09 03:20:00;7742.00;7742.50;7741.00;7742.00
2026-21-09 03:25:00;7742.00;7743.50;7740.75;7741.00
2026-21-09 03:30:00;7741.00;7742.75;7740.75;7742.50
2026-21-09 03:35:00;7742.50;7742.50;7741.00;7742.00
2026-21-09 03:40:00;7742.25;7743.25;7741.75;7742.25
2026-21-09 03:45:00;7742.25;7742.25;7739.50;7740.25
2026-21-09 03:50:00;7740.25;7741.50;7739.00;7740.50
2026-21-09 03:55:00;7740.50;7740.75;7738.25;7738.75
2026-21-09 04:00:00;7738.50;7741.50;7737.75;7740.75
2026-21-09 04:05:00;7740.75;7741.00;7738.75;7740.25
2026-21-09 04:10:00;7740.25;7740.50;7739.25;7739.75
2026-21-09 04:15:00;7739.75;7740.00;7738.25;7739.00
2026-21-09 04:20:00;7738.75;7740.25;7738.25;7739.75
2026-21-09 04:25:00;7739.75;7740.75;7739.25;7739.75
2026-21-09 04:30:00;7739.50;7739.50;7737.50;7738.75
2026-21-09 04:35:00;7738.50;7740.00;7738.50;7739.50
2026-21-09 04:40:00;7739.25;7740.75;7739.25;7740.00
2026-21-09 04:45:00;7740.00;7742.50;7740.00;7742.50
2026-21-09 04:50:00;7742.50;7742.75;7740.75;7741.25
2026-21-09 04:55:00;7741.25;7741.50;7739.75;7740.25
2026-21-09 05:00:00;7740.25;7743.50;7740.25;7743.25
2026-21-09 05:05:00;7743.25;7743.50;7742.50;7742.75
2026-21-09 05:10:00;7743.00;7743.75;7742.50;7743.50
2026-21-09 05:15:00;7743.50;7745.50;7743.25;7745.00
2026-21-09 05:20:00;7745.00;7745.25;7744.50;7745.00
2026-21-09 05:25:00;7744.75;7746.00;7744.00;7744.25
2026-21-09 05:30:00;7744.25;7744.50;7743.00;7744.25
2026-21-09 05:35:00;7744.50;7744.75;7743.50;7744.25
2026-21-09 05:40:00;7744.00;7744.75;7743.75;7744.50
2026-21-09 05:45:00;7744.50;7746.25;7744.50;7744.75
2026-21-09 05:50:00;7744.75;7745.50;7744.50;7745.25
2026-21-09 05:55:00;7745.00;7745.00;7744.00;7744.25
2026-21-09 06:00:00;7744.00;7746.00;7744.00;7744.00
2026-21-09 06:05:00;7744.00;7744.50;7742.50;7743.75
2026-21-09 06:10:00;7744.00;7744.25;7742.50;7744.25
2026-21-09 06:15:00;7744.00;7746.25;7744.00;7746.00
2026-21-09 06:20:00;7746.00;7746.50;7744.75;7745.25
2026-21-09 06:25:00;7745.25;7746.25;7745.25;7745.75
2026-21-09 06:30:00;7745.50;7745.50;7743.75;7744.75
2026-21-09 06:35:00;7744.75;7745.00;7744.25;7745.00
2026-21-09 06:40:00;7744.75;7746.00;7744.75;7744.75
2026-21-09 06:45:00;7745.00;7746.00;7745.00;7745.25
2026-21-09 06:50:00;7745.50;7745.50;7744.75;7745.00
2026-21-09 06:55:00;7745.00;7745.50;7744.50;7744.75
2026-21-09 07:00:00;7745.00;7745.25;7744.50;7744.50
2026-21-09 07:05:00;7744.25;7744.75;7743.50;7744.00
2026-21-09 07:10:00;7744.00;7744.25;7743.75;7743.75
2026-21-09 07:15:00;7743.75;7744.50;7743.25;7743.75
2026-21-09 07:20:00;7744.00;7744.75;7743.50;7744.75
2026-21-09 07:25:00;7744.75;7744.75;7743.50;7744.50
2026-21-09 07:30:00;7744.25;7746.00;7744.00;7745.50
2026-21-09 07:35:00;7745.50;7747.75;7745.00;7746.50
2026-21-09 07:40:00;7746.75;7748.50;7745.75;7746.00
2026-21-09 07:45:00;7745.75;7746.00;7744.00;7744.00
2026-21-09 07:50:00;7744.25;7745.75;7743.75;7745.25
2026-21-09 07:55:00;7745.00;7746.00;7745.00;7745.50
2026-21-09 08:00:00;7745.50;7748.00;7745.50;7748.00
2026-21-09 08:05:00;7747.75;7748.00;7746.50;7748.00
2026-21-09 08:10:00;7747.75;7749.25;7746.25;7747.00
2026-21-09 08:15:00;7746.75;7748.25;7746.75;7747.00
2026-21-09 08:20:00;7747.25;7747.25;7745.50;7746.25
2026-21-09 08:25:00;7746.25;7747.50;7745.50;7747.50
2026-21-09 08:30:00;7747.25;7749.75;7747.25;7749.75
2026-21-09 08:35:00;7749.75;7749.75;7748.50;7749.00
2026-21-09 08:40:00;7749.00;7749.75;7748.75;7749.00
2026-21-09 08:45:00;7749.25;7750.75;7749.25;7750.50
2026-21-09 08:50:00;7750.50;7751.00;7748.50;7749.50
2026-21-09 08:55:00;7749.25;7752.25;7749.25;7752.00
2026-21-09 09:00:00;7752.00;7757.25;7751.50;7757.00
2026-21-09 09:05:00;7757.00;7757.00;7754.50;7756.00
2026-21-09 09:10:00;7756.25;7756.25;7752.00;7755.25
2026-21-09 09:15:00;7755.25;7757.00;7754.50;7756.00
2026-21-09 09:20:00;7756.00;7756.00;7753.00;7754.25
2026-21-09 09:25:00;7754.25;7755.75;7752.75;7755.75
2026-21-09 09:30:00;7755.75;7756.75;7754.75;7755.75
2026-21-09 09:35:00;7756.00;7757.00;7755.00;7756.00
2026-21-09 09:40:00;7756.00;7756.25;7753.00;7754.25
2026-21-09 09:45:00;7754.25;7755.25;7752.50;7754.50
2026-21-09 09:50:00;7754.50;7757.75;7754.25;7757.75
2026-21-09 09:55:00;7757.75;7759.00;7757.25;7757.25
2026-21-09 10:00:00;7757.25;7761.50;7757.00;7760.25
2026-21-09 10:05:00;7760.25;7760.75;7758.25;7760.50
2026-21-09 10:10:00;7760.50;7761.25;7759.50;7760.25
2026-21-09 10:15:00;7760.50;7760.75;7759.50;7759.50
2026-21-09 10:20:00;7759.50;7761.25;7759.00;7760.25
2026-21-09 10:25:00;7760.25;7760.75;7759.25;7760.00
2026-21-09 10:30:00;7759.75;7763.25;7759.50;7762.50
2026-21-09 10:35:00;7762.50;7763.50;7761.50;7762.00
2026-21-09 10:40:00;7762.00;7764.00;7761.50;7763.50
2026-21-09 10:45:00;7763.25;7764.25;7762.00;7763.25
2026-21-09 10:50:00;7763.00;7763.00;7760.75;7760.75
2026-21-09 10:55:00;7760.75;7761.75;7760.50;7761.00
2026-21-09 11:00:00;7761.25;7761.25;7759.25;7759.75
2026-21-09 11:05:00;7759.50;7762.25;7759.25;7760.75
2026-21-09 11:10:00;7761.00;7761.25;7760.00;7760.75
2026-21-09 11:15:00;7761.00;7761.75;7760.00;7760.25
2026-21-09 11:20:00;7760.50;7762.50;7760.00;7761.25
2026-21-09 11:25:00;7761.00;7763.25;7760.75;7761.00
2026-21-09 11:30:00;7760.75;7761.50;7760.50;7761.50
2026-21-09 11:35:00;7761.50;7762.25;7761.00;7762.00
2026-21-09 11:40:00;7762.00;7762.75;7761.50;7762.25
2026-21-09 11:45:00;7762.25;7762.75;7761.75;7762.25
2026-21-09 11:50:00;7762.25;7764.50;7762.25;7764.25
2026-21-09 11:55:00;7764.00;7764.25;7762.25;7762.50
2026-21-09 12:00:00;7762.25;7764.50;7762.25;7764.50
2026-21-09 12:05:00;7764.25;7765.50;7764.00;7764.75
2026-21-09 12:10:00;7765.00;7765.50;7764.50;7765.50
2026-21-09 12:15:00;7765.75;7766.75;7765.25;7765.50
2026-21-09 12:20:00;7765.50;7766.00;7764.75;7765.25
2026-21-09 12:25:00;7765.25;7767.00;7765.00;7766.25
2026-21-09 12:30:00;7766.25;7769.00;7765.25;7768.25
2026-21-09 12:35:00;7768.25;7768.50;7765.75;7767.50
2026-21-09 12:40:00;7767.25;7767.50;7766.50;7767.25
2026-21-09 12:45:00;7767.25;7768.75;7766.25;7766.75
2026-21-09 12:50:00;7766.75;7768.00;7766.25;7768.00
2026-21-09 12:55:00;7767.75;7768.00;7765.75;7766.00
2026-21-09 13:00:00;7765.75;7767.00;7765.00;7765.00
2026-21-09 13:05:00;7765.25;7765.25;7763.25;7764.00
2026-21-09 13:10:00;7763.75;7764.75;7763.25;7764.50
2026-21-09 13:15:00;7764.25;7766.00;7763.50;7765.75
2026-21-09 13:20:00;7765.75;7765.75;7763.00;7763.50
2026-21-09 13:25:00;7763.50;7764.50;7763.25;7764.25
2026-21-09 13:30:00;7764.00;7766.75;7763.75;7766.25
2026-21-09 13:35:00;7766.25;7767.75;7764.50;7766.50
2026-21-09 13:40:00;7766.50;7768.25;7766.25;7768.25
2026-21-09 13:45:00;7768.00;7768.50;7767.00;7768.00
2026-21-09 13:50:00;7768.25;7769.75;7767.25;7769.25
2026-21-09 13:55:00;7769.00;7771.25;7767.50;7767.50
2026-21-09 14:00:00;7767.75;7769.50;7764.00;7769.50
2026-21-09 14:05:00;7769.50;7770.50;7768.25;7768.75
2026-21-09 14:10:00;7768.75;7769.00;7765.25;7765.25
2026-21-09 14:15:00;7765.25;7766.50;7765.00;7765.50
2026-21-09 14:20:00;7765.75;7767.00;7763.25;7764.00
2026-21-09 14:25:00;7764.00;7765.00;7763.25;7763.50
2026-21-09 14:30:00;7763.50;7765.00;7763.25;7763.75
2026-21-09 14:35:00;7764.00;7764.50;7763.00;7764.00
2026-21-09 14:40:00;7764.00;7768.00;7763.75;7767.50
2026-21-09 14:45:00;7767.50;7767.75;7763.00;7763.75
2026-21-09 14:50:00;7763.75;7764.00;7762.50;7763.00
2026-21-09 14:55:00;7762.75;7762.75;7761.25;7761.50
2026-21-09 15:00:00;7761.50;7763.50;7760.75;7763.25
2026-21-09 15:05:00;7763.25;7764.25;7762.00;7764.00
2026-21-09 15:10:00;7764.25;7764.50;7761.75;7762.50
2026-21-09 15:15:00;7762.50;7763.75;7761.50;7763.25
2026-21-09 15:20:00;7763.50;7763.50;7759.75;7759.75
2026-21-09 15:25:00;7760.00;7763.25;7758.75;7760.50
2026-21-09 15:30:00;7760.50;7764.50;7758.25;7761.75
2026-21-09 15:35:00;7762.00;7765.00;7761.25;7764.50
2026-21-09 15:40:00;7764.25;7766.25;7762.25;7766.00
2026-21-09 15:45:00;7766.25;7769.25;7765.75;7767.75
2026-21-09 15:50:00;7767.75;7773.25;7767.25;7773.00
2026-21-09 15:55:00;7772.75;7775.00;7770.50;7774.75
2026-21-09 16:00:00;7774.75;7776.00;7772.00;7772.25
2026-21-09 16:05:00;7772.50;7772.75;7767.75;7771.50
2026-21-09 16:10:00;7771.25;7777.00;7771.25;7775.50
2026-21-09 16:15:00;7775.50;7782.75;7775.25;7782.00
2026-21-09 16:20:00;7781.75;7789.50;7780.25;7788.50
2026-21-09 16:25:00;7788.50;7791.00;7787.25;7788.00
2026-21-09 16:30:00;7788.25;7791.50;7786.50;7789.25
2026-21-09 16:35:00;7789.25;7793.50;7789.00;7790.75
2026-21-09 16:40:00;7790.75;7793.25;7786.25;7787.75
2026-21-09 16:45:00;7787.75;7790.75;7785.00;7787.75
2026-21-09 16:50:00;7787.50;7790.00;7786.25;7789.75
2026-21-09 16:55:00;7789.50;7792.25;7787.50;7790.00
2026-21-09 17:00:00;7790.00;7793.50;7789.00;7793.25
2026-21-09 17:05:00;7793.50;7794.50;7791.50;7793.25
2026-21-09 17:10:00;7793.50;7796.25;7791.50;7796.00
2026-21-09 17:15:00;7796.25;7800.00;7796.25;7799.50
2026-21-09 17:20:00;7799.50;7799.75;7796.75;7797.25
2026-21-09 17:25:00;7797.25;7798.75;7795.75;7796.25
2026-21-09 17:30:00;7796.25;7798.25;7795.75;7796.50
2026-21-09 17:35:00;7796.50;7803.50;7796.25;7802.75
2026-21-09 17:40:00;7802.75;7805.00;7801.25;7805.00
2026-21-09 17:45:00;7804.75;7809.75;7804.75;7807.50
2026-21-09 17:50:00;7807.25;7811.50;7804.50;7804.50
2026-21-09 17:55:00;7804.75;7805.75;7803.00;7805.25
2026-21-09 18:00:00;7805.25;7808.75;7802.75;7808.00
2026-21-09 18:05:00;7808.25;7815.25;7806.25;7814.50
2026-21-09 18:10:00;7814.50;7816.50;7812.00;7813.25
2026-21-09 18:15:00;7813.50;7815.75;7812.00;7813.75
2026-21-09 18:20:00;7813.75;7815.00;7812.00;7814.25
2026-21-09 18:25:00;7814.25;7818.25;7813.75;7816.00
2026-21-09 18:30:00;7816.00;7824.75;7815.75;7822.25
2026-21-09 18:35:00;7822.00;7823.50;7816.25;7816.75
2026-21-09 18:40:00;7816.50;7819.50;7815.75;7818.00
2026-21-09 18:45:00;7818.00;7821.25;7817.75;7820.00
2026-21-09 18:50:00;7820.25;7821.00;7817.25;7819.25
2026-21-09 18:55:00;7819.25;7821.25;7818.00;7821.00
2026-21-09 19:00:00;7821.25;7822.75;7819.50;7820.50
2026-21-09 19:05:00;7820.50;7823.00;7820.50;7821.50
2026-21-09 19:10:00;7821.75;7827.00;7821.25;7826.00
2026-21-09 19:15:00;7826.25;7827.75;7824.00;7826.50
2026-21-09 19:20:00;7826.50;7828.00;7823.00;7824.00
2026-21-09 19:25:00;7823.75;7826.00;7822.00;7826.00
2026-21-09 19:30:00;7826.25;7826.50;7820.75;7821.50
2026-21-09 19:35:00;7821.50;7823.50;7820.50;7820.75
2026-21-09 19:40:00;7820.75;7827.25;7820.00;7826.75
2026-21-09 19:45:00;7826.75;7830.00;7825.25;7826.00
2026-21-09 19:50:00;7825.75;7828.50;7825.50;7827.25
2026-21-09 19:55:00;7827.25;7827.75;7825.25;7826.75
2026-21-09 20:00:00;7827.00;7830.25;7827.00;7830.25
2026-21-09 20:05:00;7830.00;7831.75;7829.25;7830.00
2026-21-09 20:10:00;7830.00;7832.50;7828.75;7830.75
2026-21-09 20:15:00;7830.75;7832.50;7829.75;7831.50
2026-21-09 20:20:00;7831.50;7837.00;7831.00;7836.50
2026-21-09 20:25:00;7836.25;7838.25;7835.50;7837.00
2026-21-09 20:30:00;7837.00;7838.25;7833.75;7835.50
2026-21-09 20:35:00;7835.75;7837.75;7834.00;7837.50
2026-21-09 20:40:00;7837.50;7839.75;7836.75;7839.75
2026-21-09 20:45:00;7839.50;7842.25;7839.00;7842.00
2026-21-09 20:50:00;7841.75;7844.75;7841.50;7843.00
2026-21-09 20:55:00;7843.25;7844.00;7840.00;7841.25
2026-21-09 21:00:00;7841.50;7843.50;7840.00;7840.00
2026-21-09 21:05:00;7840.00;7840.50;7838.25;7840.25
2026-21-09 21:10:00;7840.50;7843.00;7837.75;7842.75
2026-21-09 21:15:00;7842.75;7843.00;7840.75;7842.00
2026-21-09 21:20:00;7841.75;7842.00;7838.75;7839.25
2026-21-09 21:25:00;7839.25;7841.25;7838.25;7839.25
2026-21-09 21:30:00;7839.25;7843.75;7838.75;7843.00
2026-21-09 21:35:00;7843.00;7847.25;7842.25;7846.00
2026-21-09 21:40:00;7845.75;7846.50;7840.75;7842.50
2026-21-09 21:45:00;7842.25;7843.50;7839.00;7839.75
2026-21-09 21:50:00;7839.75;7839.75;7834.75;7835.00
2026-21-09 21:55:00;7835.00;7837.25;7832.00;7833.25
2026-21-09 22:00:00;7833.25;7835.00;7828.50;7829.50
2026-21-09 22:05:00;7829.50;7832.75;7829.00;7831.75
2026-21-09 22:10:00;7831.75;7832.00;7829.75;7831.00
2026-21-09 22:15:00;7831.00;7831.25;7827.25;7828.50
2026-21-09 22:20:00;7828.25;7829.00;7828.00;7828.00
2026-21-09 22:25:00;7828.00;7830.75;7828.00;7830.25
2026-21-09 22:30:00;7830.25;7830.50;7828.75;7829.25
2026-21-09 22:35:00;7829.25;7829.50;7827.50;7828.00
2026-21-09 22:40:00;7828.00;7828.25;7826.75;7827.50
2026-21-09 22:45:00;7827.25;7828.00;7826.50;7827.25
2026-21-09 22:50:00;7827.25;7828.25;7827.00;7828.25
2026-21-09 22:55:00;7828.00;7830.25;7827.75;7829.25
2026-22-09 00:00:00;7830.00;7832.25;7829.00;7832.00
2026-22-09 00:05:00;7832.00;7833.00;7831.25;7833.00
2026-22-09 00:10:00;7832.75;7833.50;7830.50;7832.25
2026-22-09 00:15:00;7832.50;7833.75;7831.50;7833.00
2026-22-09 00:20:00;7833.00;7833.25;7831.75;7832.75
2026-22-09 00:25:00;7833.00;7835.00;7832.75;7834.75
2026-22-09 00:30:00;7834.50;7835.75;7833.50;7834.75
2026-22-09 00:35:00;7834.50;7835.00;7834.00;7834.25
2026-22-09 00:40:00;7834.25;7834.50;7832.75;7834.50
2026-22-09 00:45:00;7834.50;7835.00;7833.00;7834.75
2026-22-09 00:50:00;7835.00;7835.25;7833.75;7835.25
2026-22-09 00:55:00;7835.50;7835.75;7834.50;7834.50
2026-22-09 01:00:00;7834.75;7835.50;7833.50;7834.75
2026-22-09 01:05:00;7835.00;7836.00;7834.75;7836.00
2026-22-09 01:10:00;7836.00;7837.75;7835.50;7836.75
2026-22-09 01:15:00;7836.75;7837.25;7835.00;7836.00
2026-22-09 01:20:00;7836.25;7836.25;7835.25;7835.50
2026-22-09 01:25:00;7835.75;7835.75;7834.00;7835.00
2026-22-09 01:30:00;7835.00;7835.75;7834.00;7835.50
2026-22-09 01:35:00;7835.75;7836.25;7834.75;7835.25
2026-22-09 01:40:00;7835.25;7836.75;7835.25;7836.00
2026-22-09 01:45:00;7836.00;7836.25;7835.00;7835.50
2026-22-09 01:50:00;7835.75;7835.75;7834.75;7835.50
2026-22-09 01:55:00;7835.75;7836.25;7835.00;7835.25
2026-22-09 02:00:00;7835.25;7837.50;7834.50;7837.00
2026-22-09 02:05:00;7837.25;7839.75;7836.75;7839.75
2026-22-09 02:10:00;7840.00;7840.00;7837.75;7837.75
2026-22-09 02:15:00;7838.00;7838.00;7835.25;7835.50
2026-22-09 02:20:00;7835.75;7836.75;7835.00;7836.25
2026-22-09 02:25:00;7836.25;7837.50;7835.50;7837.25
2026-22-09 02:30:00;7837.25;7838.50;7834.00;7834.00
2026-22-09 02:35:00;7834.25;7834.75;7832.25;7833.50
2026-22-09 02:40:00;7833.25;7835.25;7832.50;7834.75
2026-22-09 02:45:00;7835.00;7836.25;7834.50;7835.00
2026-22-09 02:50:00;7835.50;7836.00;7834.75;7836.00
2026-22-09 02:55:00;7836.00;7836.00;7834.75;7835.25
2026-22-09 03:00:00;7835.50;7835.50;7833.75;7834.50
2026-22-09 03:05:00;7834.50;7835.25;7833.50;7834.25
2026-22-09 03:10:00;7834.50;7834.50;7832.50;7833.75
2026-22-09 03:15:00;7834.00;7834.00;7832.00;7832.50
2026-22-09 03:20:00;7832.50;7833.50;7831.75;7833.25
2026-22-09 03:25:00;7833.25;7834.25;7832.50;7833.50
2026-22-09 03:30:00;7833.75;7835.00;7832.25;7835.00
2026-22-09 03:35:00;7835.25;7836.25;7834.50;7835.25
2026-22-09 03:40:00;7835.25;7836.00;7834.75;7835.00
2026-22-09 03:45:00;7835.00;7836.00;7834.25;7834.50
2026-22-09 03:50:00;7834.25;7835.50;7834.00;7835.25
2026-22-09 03:55:00;7835.50;7835.50;7833.50;7833.50
2026-22-09 04:00:00;7833.50;7836.50;7833.25;7836.25
2026-22-09 04:05:00;7836.50;7836.50;7835.00;7835.00
2026-22-09 04:10:00;7835.25;7835.25;7833.75;7834.25
2026-22-09 04:15:00;7834.25;7834.75;7833.50;7834.25
2026-22-09 04:20:00;7834.25;7836.00;7834.25;7835.00
2026-22-09 04:25:00;7835.00;7835.75;7834.75;7835.25
2026-22-09 04:30:00;7835.50;7835.50;7833.50;7834.25
2026-22-09 04:35:00;7834.00;7835.50;7834.00;7835.25
2026-22-09 04:40:00;7835.25;7836.00;7834.50;7835.25
2026-22-09 04:45:00;7835.25;7835.50;7834.75;7835.00
2026-22-09 04:50:00;7834.75;7835.25;7834.25;7835.25
2026-22-09 04:55:00;7834.75;7835.25;7834.00;7834.75
2026-22-09 05:00:00;7834.75;7834.75;7833.25;7834.00
2026-22-09 05:05:00;7834.00;7834.00;7832.50;7833.00
2026-22-09 05:10:00;7833.00;7834.00;7832.75;7834.00
2026-22-09 05:15:00;7834.00;7835.00;7833.75;7834.25
2026-22-09 05:20:00;7834.50;7834.75;7834.00;7834.00
2026-22-09 05:25:00;7834.00;7834.50;7834.00;7834.00
2026-22-09 05:30:00;7834.25;7834.25;7833.25;7834.25
2026-22-09 05:35:00;7834.50;7835.50;7834.50;7834.50
2026-22-09 05:40:00;7834.50;7834.75;7833.50;7833.50
2026-22-09 05:45:00;7833.75;7833.75;7832.75;7833.75
2026-22-09 05:50:00;7833.75;7833.75;7832.75;7833.00
2026-22-09 05:55:00;7832.75;7833.50;7831.00;7833.00
2026-22-09 06:00:00;7833.00;7834.00;7832.75;7833.75
2026-22-09 06:05:00;7833.75;7833.75;7832.75;7833.00
2026-22-09 06:10:00;7832.75;7835.00;7832.50;7834.25
2026-22-09 06:15:00;7834.00;7834.50;7833.00;7833.25
2026-22-09 06:20:00;7833.25;7834.25;7833.00;7834.25
2026-22-09 06:25:00;7834.25;7835.50;7833.75;7834.50
2026-22-09 06:30:00;7834.75;7836.00;7834.75;7835.00
2026-22-09 06:35:00;7835.00;7836.00;7834.75;7835.25
2026-22-09 06:40:00;7835.25;7836.50;7834.75;7835.00
2026-22-09 06:45:00;7835.00;7835.50;7834.25;7834.25
2026-22-09 06:50:00;7834.50;7834.50;7833.50;7834.00
2026-22-09 06:55:00;7834.25;7834.75;7834.00;7834.25
2026-22-09 07:00:00;7834.25;7834.25;7832.75;7833.50
2026-22-09 07:05:00;7833.50;7834.25;7832.75;7833.00
2026-22-09 07:10:00;7833.00;7834.25;7832.75;7834.00
2026-22-09 07:15:00;7834.25;7834.25;7832.50;7833.00
2026-22-09 07:20:00;7833.00;7835.00;7832.75;7833.25
2026-22-09 07:25:00;7833.00;7834.00;7832.75;7833.50
2026-22-09 07:30:00;7833.75;7834.50;7832.25;7834.25
2026-22-09 07:35:00;7834.50;7836.25;7834.50;7836.25
2026-22-09 07:40:00;7836.25;7837.25;7836.00;7837.00
2026-22-09 07:45:00;7837.00;7839.50;7837.00;7839.00
2026-22-09 07:50:00;7839.25;7839.25;7837.75;7838.25
2026-22-09 07:55:00;7838.00;7839.00;7837.75;7838.25
2026-22-09 08:00:00;7838.25;7838.25;7834.25;7835.00
2026-22-09 08:05:00;7834.75;7837.00;7834.25;7837.00
2026-22-09 08:10:00;7836.75;7837.75;7835.75;7837.00
2026-22-09 08:15:00;7836.75;7837.75;7835.25;7835.25
2026-22-09 08:20:00;7835.25;7836.25;7833.75;7834.75
2026-22-09 08:25:00;7834.75;7836.75;7834.75;7836.75
2026-22-09 08:30:00;7836.50;7837.25;7836.25;7836.75
2026-22-09 08:35:00;7836.75;7838.50;7836.75;7837.50
2026-22-09 08:40:00;7837.50;7838.25;7836.25;7837.00
2026-22-09 08:45:00;7836.75;7838.25;7836.25;7837.50
2026-22-09 08:50:00;7837.50;7838.25;7836.00;7836.00
2026-22-09 08:55:00;7836.25;7837.75;7836.00;7836.25
2026-22-09 09:00:00;7836.25;7837.75;7834.75;7836.25
2026-22-09 09:05:00;7836.50;7837.50;7834.00;7836.25
2026-22-09 09:10:00;7835.75;7837.00;7833.75;7836.00
2026-22-09 09:15:00;7835.75;7837.50;7834.25;7834.25
2026-22-09 09:20:00;7834.25;7836.50;7834.25;7835.50
2026-22-09 09:25:00;7835.50;7835.75;7834.50;7835.00
2026-22-09 09:30:00;7835.25;7835.25;7832.75;7833.00
2026-22-09 09:35:00;7833.25;7833.25;7831.75;7832.50
2026-22-09 09:40:00;7832.25;7832.75;7831.50;7832.25
2026-22-09 09:45:00;7832.50;7832.75;7829.25;7829.75
2026-22-09 09:50:00;7829.75;7830.25;7827.50;7828.25
2026-22-09 09:55:00;7828.00;7829.25;7826.50;7826.50
2026-22-09 10:00:00;7826.50;7826.75;7822.75;7823.00
2026-22-09 10:05:00;7823.00;7825.50;7822.00;7823.00
2026-22-09 10:10:00;7823.00;7823.25;7820.25;7820.25
2026-22-09 10:15:00;7820.50;7820.50;7816.25;7819.00
2026-22-09 10:20:00;7819.00;7819.25;7815.00;7817.00
2026-22-09 10:25:00;7816.75;7821.75;7812.25;7813.50
2026-22-09 10:30:00;7813.50;7816.00;7810.50;7813.75
2026-22-09 10:35:00;7813.50;7824.50;7813.50;7823.25
2026-22-09 10:40:00;7823.25;7829.00;7821.25;7828.50
2026-22-09 10:45:00;7828.50;7833.75;7827.00;7833.50
2026-22-09 10:50:00;7833.50;7836.00;7832.50;7835.00
2026-22-09 10:55:00;7834.75;7836.00;7832.50;7833.50
2026-22-09 11:00:00;7833.25;7836.25;7827.25;7827.25
2026-22-09 11:05:00;7827.25;7831.00;7827.00;7829.00
2026-22-09 11:10:00;7829.00;7831.25;7826.00;7827.25
2026-22-09 11:15:00;7827.00;7830.75;7826.50;7827.50
2026-22-09 11:20:00;7827.25;7828.25;7825.50;7826.75
2026-22-09 11:25:00;7827.00;7827.75;7826.25;7827.00
2026-22-09 11:30:00;7827.25;7830.00;7827.25;7829.00
2026-22-09 11:35:00;7829.00;7829.00;7827.00;7827.75
2026-22-09 11:40:00;7827.75;7833.50;7827.75;7833.25
2026-22-09 11:45:00;7833.25;7833.25;7831.50;7832.00
2026-22-09 11:50:00;7832.25;7843.00;7832.25;7838.25
2026-22-09 11:55:00;7838.00;7842.25;7833.00;7838.75
2026-22-09 12:00:00;7838.75;7840.00;7835.00;7839.25
2026-22-09 12:05:00;7839.25;7840.75;7838.00;7839.25
2026-22-09 12:10:00;7839.25;7840.00;7835.00;7837.25
2026-22-09 12:15:00;7837.25;7838.50;7836.00;7836.50
2026-22-09 12:20:00;7836.75;7837.25;7835.25;7836.00
2026-22-09 12:25:00;7835.75;7837.75;7834.75;7836.75
2026-22-09 12:30:00;7836.75;7838.00;7836.25;7837.00
2026-22-09 12:35:00;7837.00;7838.50;7836.50;7838.50
2026-22-09 12:40:00;7838.50;7841.50;7837.75;7840.75
2026-22-09 12:45:00;7840.75;7842.75;7838.75;7842.50
2026-22-09 12:50:00;7842.50;7843.75;7841.50;7842.50
2026-22-09 12:55:00;7842.50;7842.75;7838.00;7838.25
2026-22-09 13:00:00;7838.25;7839.50;7835.25;7837.75
2026-22-09 13:05:00;7837.75;7838.75;7828.25;7833.25
2026-22-09 13:10:00;7833.50;7836.50;7831.00;7833.75
2026-22-09 13:15:00;7833.75;7835.50;7833.75;7834.50
2026-22-09 13:20:00;7834.50;7837.75;7833.50;7837.00
2026-22-09 13:25:00;7837.25;7838.25;7835.25;7835.75
2026-22-09 13:30:00;7835.75;7837.50;7835.25;7836.50
2026-22-09 13:35:00;7836.50;7840.25;7836.50;7838.50
2026-22-09 13:40:00;7838.75;7839.50;7837.25;7839.00
2026-22-09 13:45:00;7839.00;7842.00;7837.00;7839.00
2026-22-09 13:50:00;7839.00;7839.25;7836.75;7836.75
2026-22-09 13:55:00;7837.00;7839.50;7835.25;7835.50
2026-22-09 14:00:00;7835.75;7839.50;7835.25;7838.75
2026-22-09 14:05:00;7838.75;7840.00;7834.00;7835.75
2026-22-09 14:10:00;7836.00;7838.25;7836.00;7837.00
2026-22-09 14:15:00;7837.00;7839.00;7835.25;7836.50
2026-22-09 14:20:00;7836.50;7839.75;7836.50;7838.25
2026-22-09 14:25:00;7838.00;7840.25;7838.00;7840.00
2026-22-09 14:30:00;7840.00;7842.75;7839.25;7841.25
2026-22-09 14:35:00;7841.50;7841.75;7838.00;7838.00
2026-22-09 14:40:00;7838.00;7841.50;7838.00;7839.00
2026-22-09 14:45:00;7839.00;7839.75;7838.00;7838.75
2026-22-09 14:50:00;7838.75;7839.00;7835.75;7836.75
2026-22-09 14:55:00;7836.50;7837.75;7835.75;7837.00
2026-22-09 15:00:00;7837.25;7840.50;7836.50;7839.50
2026-22-09 15:05:00;7839.50;7842.00;7836.75;7840.00
2026-22-09 15:10:00;7840.00;7841.25;7838.75;7841.00
2026-22-09 15:15:00;7840.75;7843.25;7839.75;7840.75
2026-22-09 15:20:00;7840.50;7841.00;7839.00;7839.50
2026-22-09 15:25:00;7839.25;7839.75;7836.25;7837.00
2026-22-09 15:30:00;7837.00;7847.25;7835.50;7844.75
2026-22-09 15:35:00;7845.00;7848.50;7843.50;7846.25
2026-22-09 15:40:00;7846.25;7846.25;7840.50;7842.75
2026-22-09 15:45:00;7842.75;7843.75;7835.50;7839.75
2026-22-09 15:50:00;7839.75;7840.75;7836.50;7837.00
2026-22-09 15:55:00;7837.25;7838.00;7833.25;7835.00
2026-22-09 16:00:00;7835.00;7839.50;7834.50;7837.75
2026-22-09 16:05:00;7837.75;7838.75;7834.25;7834.50
2026-22-09 16:10:00;7834.50;7845.75;7834.50;7840.25
2026-22-09 16:15:00;7840.25;7841.25;7832.00;7835.25
2026-22-09 16:20:00;7835.25;7836.50;7832.50;7834.25
2026-22-09 16:25:00;7834.00;7835.50;7831.50;7831.75
2026-22-09 16:30:00;7832.00;7837.50;7831.50;7833.75
2026-22-09 16:35:00;7833.50;7840.50;7829.25;7831.50
2026-22-09 16:40:00;7831.50;7832.25;7826.75;7829.50
2026-22-09 16:45:00;7829.50;7834.00;7826.50;7833.75
2026-22-09 16:50:00;7833.50;7835.75;7830.00;7832.50
2026-22-09 16:55:00;7832.50;7834.50;7829.50;7831.00
2026-22-09 17:00:00;7831.00;7834.25;7830.25;7832.00
2026-22-09 17:05:00;7832.00;7834.75;7830.00;7830.25
2026-22-09 17:10:00;7830.50;7833.00;7828.50;7832.50
2026-22-09 17:15:00;7832.50;7833.75;7830.75;7832.00
2026-22-09 17:20:00;7832.25;7833.50;7830.75;7831.50
2026-22-09 17:25:00;7831.75;7834.25;7829.75;7830.25
2026-22-09 17:30:00;7830.25;7830.50;7825.75;7826.50
2026-22-09 17:35:00;7826.75;7827.00;7823.00;7824.00
2026-22-09 17:40:00;7824.00;7825.75;7822.25;7824.50
2026-22-09 17:45:00;7824.50;7827.50;7824.00;7825.25
2026-22-09 17:50:00;7825.25;7826.25;7824.00;7824.50
2026-22-09 17:55:00;7824.25;7827.00;7822.75;7826.75
2026-22-09 18:00:00;7826.75;7828.75;7824.75;7826.25
2026-22-09 18:05:00;7826.25;7830.25;7825.00;7829.00
2026-22-09 18:10:00;7829.00;7830.25;7828.00;7830.00
2026-22-09 18:15:00;7830.00;7830.00;7826.50;7826.75
2026-22-09 18:20:00;7826.75;7828.50;7823.50;7824.00
2026-22-09 18:25:00;7823.75;7826.00;7823.25;7825.50
2026-22-09 18:30:00;7825.50;7828.75;7825.00;7828.50
2026-22-09 18:35:00;7828.75;7828.75;7824.75;7826.50
2026-22-09 18:40:00;7826.75;7827.00;7824.25;7826.75
2026-22-09 18:45:00;7826.75;7833.75;7826.50;7833.00
2026-22-09 18:50:00;7833.00;7833.75;7830.75;7831.50
2026-22-09 18:55:00;7831.75;7832.75;7830.00;7832.00
2026-22-09 19:00:00;7832.00;7832.75;7829.75;7829.75
2026-22-09 19:05:00;7829.75;7833.00;7828.75;7830.00
2026-22-09 19:10:00;7830.00;7831.00;7828.75;7829.50
2026-22-09 19:15:00;7829.50;7829.75;7828.00;7829.00
2026-22-09 19:20:00;7829.00;7829.00;7827.25;7828.50
2026-22-09 19:25:00;7828.25;7832.50;7828.00;7832.25
2026-22-09 19:30:00;7832.25;7832.50;7829.25;7830.00
2026-22-09 19:35:00;7830.25;7830.25;7828.00;7828.50
2026-22-09 19:40:00;7828.25;7831.50;7827.25;7831.50
2026-22-09 19:45:00;7831.25;7832.25;7829.75;7831.00
2026-22-09 19:50:00;7831.00;7839.00;7829.75;7837.25
2026-22-09 19:55:00;7837.50;7838.75;7836.00;7837.50
2026-22-09 20:00:00;7837.50;7838.50;7833.50;7835.50
2026-22-09 20:05:00;7835.75;7838.00;7835.00;7837.25
2026-22-09 20:10:00;7837.25;7838.00;7835.00;7835.75
2026-22-09 20:15:00;7835.75;7837.50;7835.50;7837.00
2026-22-09 20:20:00;7836.75;7840.50;7836.75;7839.25
2026-22-09 20:25:00;7839.00;7839.75;7837.50;7837.75
2026-22-09 20:30:00;7837.75;7839.25;7836.50;7837.00
2026-22-09 20:35:00;7837.00;7837.25;7833.75;7835.50
2026-22-09 20:40:00;7835.50;7838.50;7833.50;7837.50
2026-22-09 20:45:00;7837.50;7838.50;7836.75;7838.00
2026-22-09 20:50:00;7838.00;7838.25;7836.25;7837.00
2026-22-09 20:55:00;7836.75;7837.00;7832.75;7834.25
2026-22-09 21:00:00;7834.00;7835.50;7833.50;7835.00
2026-22-09 21:05:00;7835.25;7836.50;7834.50;7835.25
2026-22-09 21:10:00;7835.25;7837.50;7835.00;7836.75
2026-22-09 21:15:00;7836.75;7839.25;7836.50;7839.00
2026-22-09 21:20:00;7839.00;7839.75;7837.50;7838.50
2026-22-09 21:25:00;7838.75;7841.50;7838.25;7840.25
2026-22-09 21:30:00;7840.50;7845.75;7839.50;7845.25
2026-22-09 21:35:00;7845.25;7846.75;7844.25;7845.50
2026-22-09 21:40:00;7845.25;7845.75;7839.75;7841.50
2026-22-09 21:45:00;7841.75;7844.50;7841.50;7844.00
2026-22-09 21:50:00;7844.00;7846.00;7840.00;7840.25
2026-22-09 21:55:00;7840.25;7840.25;7829.75;7831.00
2026-22-09 22:00:00;7830.75;7833.25;7830.25;7832.50
2026-22-09 22:05:00;7832.75;7834.25;7831.25;7833.50
2026-22-09 22:10:00;7833.25;7834.00;7832.00;7832.00
2026-22-09 22:15:00;7832.00;7832.25;7831.00;7831.00
2026-22-09 22:20:00;7831.25;7831.50;7828.75;7830.00
2026-22-09 22:25:00;7830.00;7830.75;7829.50;7830.25
2026-22-09 22:30:00;7830.00;7830.50;7829.50;7829.75
2026-22-09 22:35:00;7829.75;7830.00;7829.00;7829.25
2026-22-09 22:40:00;7829.25;7830.00;7828.75;7828.75
2026-22-09 22:45:00;7829.00;7829.25;7827.25;7827.75
2026-22-09 22:50:00;7828.00;7829.00;7826.75;7827.75
2026-22-09 22:55:00;7827.75;7828.75;7826.00;7827.75
2026-23-09 00:00:00;7830.00;7833.75;7829.00;7830.25
2026-23-09 00:05:00;7830.25;7833.25;7830.25;7831.50
2026-23-09 00:10:00;7831.50;7832.50;7830.25;7832.25
2026-23-09 00:15:00;7832.25;7832.75;7831.25;7831.75
2026-23-09 00:20:00;7831.75;7834.00;7831.75;7833.00
2026-23-09 00:25:00;7833.25;7833.50;7832.00;7832.25
2026-23-09 00:30:00;7832.50;7833.75;7832.50;7833.25
2026-23-09 00:35:00;7833.50;7833.75;7832.50;7832.75
2026-23-09 00:40:00;7833.00;7834.00;7832.75;7832.75
2026-23-09 00:45:00;7833.00;7833.00;7830.25;7830.25
2026-23-09 00:50:00;7830.25;7831.75;7829.75;7831.75
2026-23-09 00:55:00;7831.75;7832.00;7831.25;7831.25
2026-23-09 01:00:00;7831.50;7832.50;7831.50;7832.00
2026-23-09 01:05:00;7832.25;7832.75;7832.00;7832.25
2026-23-09 01:10:00;7832.25;7832.25;7831.50;7831.75
2026-23-09 01:15:00;7832.00;7832.25;7831.50;7832.25
2026-23-09 01:20:00;7832.25;7833.25;7832.00;7832.75
2026-23-09 01:25:00;7832.50;7832.50;7831.75;7832.50
2026-23-09 01:30:00;7832.25;7832.75;7832.25;7832.75
2026-23-09 01:35:00;7832.75;7833.00;7832.50;7833.00
2026-23-09 01:40:00;7832.75;7833.00;7832.25;7832.25
2026-23-09 01:45:00;7832.50;7832.50;7831.00;7831.50
2026-23-09 01:50:00;7831.50;7832.75;7831.00;7832.50
2026-23-09 01:55:00;7832.50;7834.00;7832.00;7833.50
2026-23-09 02:00:00;7833.25;7833.75;7830.50;7833.00
2026-23-09 02:05:00;7833.00;7833.50;7831.50;7832.50
2026-23-09 02:10:00;7832.50;7833.75;7832.00;7832.50
2026-23-09 02:15:00;7832.25;7833.00;7831.50;7832.00
2026-23-09 02:20:00;7832.25;7832.50;7830.25;7832.25
2026-23-09 02:25:00;7832.50;7832.75;7831.00;7831.00
2026-23-09 02:30:00;7831.00;7832.25;7830.25;7830.50
2026-23-09 02:35:00;7830.50;7831.75;7830.00;7831.25
2026-23-09 02:40:00;7831.50;7831.75;7830.75;7831.25
2026-23-09 02:45:00;7831.25;7831.75;7829.00;7829.00
2026-23-09 02:50:00;7829.25;7830.25;7828.00;7828.00
2026-23-09 02:55:00;7828.25;7829.25;7827.75;7829.00
2026-23-09 03:00:00;7829.00;7829.50;7827.75;7829.25
2026-23-09 03:05:00;7829.25;7831.25;7829.00;7830.75
2026-23-09 03:10:00;7830.75;7830.75;7829.50;7830.75
2026-23-09 03:15:00;7830.50;7831.50;7829.75;7831.50
2026-23-09 03:20:00;7831.50;7832.75;7831.00;7832.75
2026-23-09 03:25:00;7832.50;7834.25;7831.75;7833.75
2026-23-09 03:30:00;7833.75;7835.25;7832.25;7833.00
2026-23-09 03:35:00;7833.00;7833.75;7832.25;7833.50
2026-23-09 03:40:00;7833.50;7833.50;7831.00;7831.50
2026-23-09 03:45:00;7831.25;7832.50;7831.25;7832.00
2026-23-09 03:50:00;7832.00;7832.75;7831.50;7832.25
2026-23-09 03:55:00;7832.25;7832.75;7831.50;7832.50
2026-23-09 04:00:00;7832.75;7832.75;7831.25;7831.50
2026-23-09 04:05:00;7831.75;7832.00;7830.25;7830.25
2026-23-09 04:10:00;7830.25;7830.50;7829.00;7829.50
2026-23-09 04:15:00;7829.50;7832.50;7827.25;7830.75
2026-23-09 04:20:00;7830.50;7832.00;7830.50;7832.00
2026-23-09 04:25:00;7832.00;7833.25;7831.75;7832.00
2026-23-09 04:30:00;7832.25;7832.75;7831.75;7832.00
2026-23-09 04:35:00;7831.75;7832.25;7831.00;7831.25
2026-23-09 04:40:00;7831.25;7832.25;7831.00;7831.50
2026-23-09 04:45:00;7831.50;7833.00;7831.50;7832.25
2026-23-09 04:50:00;7832.25;7832.75;7832.00;7832.75
2026-23-09 04:55:00;7833.00;7833.00;7832.25;7832.25
2026-23-09 05:00:00;7832.25;7832.50;7831.75;7832.00
2026-23-09 05:05:00;7832.25;7832.75;7831.75;7832.50
2026-23-09 05:10:00;7832.50;7833.75;7832.50;7833.75
2026-23-09 05:15:00;7833.75;7834.00;7832.75;7833.50
2026-23-09 05:20:00;7833.50;7835.25;7833.50;7835.00
2026-23-09 05:25:00;7835.00;7836.00;7834.25;7834.25
2026-23-09 05:30:00;7834.25;7836.00;7834.00;7836.00
2026-23-09 05:35:00;7836.25;7836.25;7835.25;7835.75
2026-23-09 05:40:00;7835.75;7837.50;7835.75;7836.25
2026-23-09 05:45:00;7836.25;7837.00;7836.25;7836.50
2026-23-09 05:50:00;7836.50;7837.25;7836.50;7837.00
2026-23-09 05:55:00;7837.00;7837.00;7835.50;7836.00
2026-23-09 06:00:00;7835.75;7838.00;7835.75;7837.75
2026-23-09 06:05:00;7837.75;7839.25;7837.75;7838.75
2026-23-09 06:10:00;7838.75;7839.50;7838.25;7838.75
2026-23-09 06:15:00;7839.00;7839.50;7838.75;7839.50
2026-23-09 06:20:00;7839.50;7840.50;7839.00;7839.25
2026-23-09 06:25:00;7839.00;7839.50;7838.75;7839.00
2026-23-09 06:30:00;7839.25;7840.50;7839.25;7840.00
2026-23-09 06:35:00;7840.25;7840.75;7839.75;7840.00
2026-23-09 06:40:00;7840.00;7840.75;7839.75;7840.50
2026-23-09 06:45:00;7840.25;7840.75;7840.00;7840.50
2026-23-09 06:50:00;7840.50;7840.75;7839.00;7839.50
2026-23-09 06:55:00;7839.50;7839.75;7838.25;7839.00
2026-23-09 07:00:00;7839.00;7839.50;7837.50;7838.75
2026-23-09 07:05:00;7838.50;7839.50;7838.00;7838.50
2026-23-09 07:10:00;7838.50;7839.75;7838.50;7838.75
2026-23-09 07:15:00;7838.75;7839.25;7838.00;7838.50
2026-23-09 07:20:00;7838.25;7838.25;7836.75;7837.50
2026-23-09 07:25:00;7837.25;7839.00;7837.25;7838.25
2026-23-09 07:30:00;7838.50;7838.50;7835.50;7836.00
2026-23-09 07:35:00;7836.00;7837.50;7835.75;7837.25
2026-23-09 07:40:00;7837.00;7838.25;7835.75;7836.75
2026-23-09 07:45:00;7836.75;7838.50;7836.50;7837.00
2026-23-09 07:50:00;7837.00;7838.75;7837.00;7838.00
2026-23-09 07:55:00;7838.25;7838.25;7836.00;7836.25
2026-23-09 08:00:00;7836.50;7839.50;7836.00;7837.75
2026-23-09 08:05:00;7837.75;7840.25;7837.50;7837.75
2026-23-09 08:10:00;7838.00;7839.75;7838.00;7839.75
2026-23-09 08:15:00;7839.75;7840.00;7838.75;7839.25
2026-23-09 08:20:00;7839.25;7839.50;7836.00;7837.75
2026-23-09 08:25:00;7838.00;7839.50;7838.00;7838.50
2026-23-09 08:30:00;7838.75;7841.00;7838.50;7841.00
2026-23-09 08:35:00;7841.25;7842.75;7841.00;7842.50
2026-23-09 08:40:00;7842.25;7843.25;7841.25;7843.00
2026-23-09 08:45:00;7842.75;7842.75;7839.00;7842.00
2026-23-09 08:50:00;7842.00;7842.00;7839.25;7839.75
2026-23-09 08:55:00;7839.50;7839.50;7837.00;7837.50
2026-23-09 09:00:00;7837.25;7839.00;7836.75;7839.00
2026-23-09 09:05:00;7839.00;7839.25;7836.00;7836.25
2026-23-09 09:10:00;7836.50;7838.75;7835.75;7838.50
2026-23-09 09:15:00;7838.75;7839.25;7836.75;7837.00
2026-23-09 09:20:00;7837.25;7837.75;7836.00;7836.00
2026-23-09 09:25:00;7836.00;7839.25;7835.25;7838.75
2026-23-09 09:30:00;7838.75;7839.00;7835.75;7836.25
2026-23-09 09:35:00;7836.25;7838.75;7836.25;7837.00
2026-23-09 09:40:00;7837.00;7838.75;7837.00;7838.00
2026-23-09 09:45:00;7838.25;7840.25;7837.75;7840.00
2026-23-09 09:50:00;7840.00;7841.25;7838.00;7838.50
2026-23-09 09:55:00;7838.50;7840.50;7838.50;7839.25
2026-23-09 10:00:00;7839.50;7840.50;7837.25;7838.00
2026-23-09 10:05:00;7838.00;7840.25;7837.00;7840.00
2026-23-09 10:10:00;7839.75;7841.25;7839.75;7840.50
2026-23-09 10:15:00;7840.50;7841.00;7839.25;7840.75
2026-23-09 10:20:00;7840.75;7842.25;7840.50;7841.75
2026-23-09 10:25:00;7841.75;7842.00;7839.00;7839.50
2026-23-09 10:30:00;7839.50;7840.25;7839.00;7839.50
2026-23-09 10:35:00;7839.75;7839.75;7835.50;7836.75
2026-23-09 10:40:00;7836.50;7837.25;7835.00;7835.50
2026-23-09 10:45:00;7835.50;7836.25;7834.25;7836.25
2026-23-09 10:50:00;7836.25;7836.75;7835.50;7836.50
2026-23-09 10:55:00;7836.75;7837.75;7836.00;7836.75
2026-23-09 11:00:00;7836.50;7838.00;7834.75;7835.25
2026-23-09 11:05:00;7835.00;7837.50;7834.75;7837.25
2026-23-09 11:10:00;7837.00;7837.00;7834.75;7835.00
2026-23-09 11:15:00;7835.00;7835.75;7834.00;7835.75
2026-23-09 11:20:00;7836.00;7838.50;7835.25;7838.50
2026-23-09 11:25:00;7838.75;7839.25;7837.00;7837.00
2026-23-09 11:30:00;7837.00;7838.00;7836.00;7836.75
2026-23-09 11:35:00;7836.75;7838.00;7836.50;7836.50
2026-23-09 11:40:00;7836.50;7836.75;7835.25;7836.00
2026-23-09 11:45:00;7835.75;7835.75;7832.50;7833.75
2026-23-09 11:50:00;7833.75;7835.50;7833.50;7835.25
2026-23-09 11:55:00;7835.00;7835.50;7833.75;7834.75
2026-23-09 12:00:00;7834.75;7837.00;7834.25;7836.25
2026-23-09 12:05:00;7836.25;7837.25;7835.75;7836.50
2026-23-09 12:10:00;7836.75;7838.00;7836.00;7837.75
2026-23-09 12:15:00;7837.75;7839.25;7837.75;7839.25
2026-23-09 12:20:00;7839.25;7839.25;7836.75;7837.50
2026-23-09 12:25:00;7837.75;7838.50;7837.00;7838.25
2026-23-09 12:30:00;7838.50;7838.50;7836.00;7836.00
2026-23-09 12:35:00;7836.00;7837.50;7834.50;7837.25
2026-23-09 12:40:00;7837.00;7837.00;7835.25;7836.00
2026-23-09 12:45:00;7836.00;7836.00;7834.25;7834.75
2026-23-09 12:50:00;7835.00;7835.75;7834.00;7835.75
2026-23-09 12:55:00;7835.75;7837.00;7835.75;7836.00
2026-23-09 13:00:00;7835.75;7836.25;7833.00;7833.50
2026-23-09 13:05:00;7833.25;7834.50;7832.25;7834.00
2026-23-09 13:10:00;7834.00;7835.00;7833.00;7833.50
2026-23-09 13:15:00;7833.50;7835.25;7833.25;7833.75
2026-23-09 13:20:00;7833.50;7833.75;7828.00;7828.50
2026-23-09 13:25:00;7828.50;7830.00;7826.50;7827.00
2026-23-09 13:30:00;7827.00;7827.25;7823.25;7824.00
2026-23-09 13:35:00;7824.00;7824.50;7820.00;7822.25
2026-23-09 13:40:00;7822.25;7822.50;7819.00;7821.75
2026-23-09 13:45:00;7821.50;7827.25;7821.50;7826.25
2026-23-09 13:50:00;7826.00;7827.25;7824.50;7825.75
2026-23-09 13:55:00;7825.75;7827.25;7825.50;7826.50
2026-23-09 14:00:00;7826.50;7828.25;7822.50;7822.75
2026-23-09 14:05:00;7822.75;7824.25;7821.50;7822.50
2026-23-09 14:10:00;7822.50;7823.25;7819.50;7820.50
2026-23-09 14:15:00;7820.50;7821.50;7818.75;7820.75
2026-23-09 14:20:00;7820.75;7822.50;7819.75;7822.50
2026-23-09 14:25:00;7822.50;7823.25;7820.75;7822.50
2026-23-09 14:30:00;7822.50;7824.00;7822.25;7823.25
2026-23-09 14:35:00;7823.00;7824.75;7822.50;7823.50
2026-23-09 14:40:00;7823.50;7823.50;7821.25;7821.50
2026-23-09 14:45:00;7821.75;7823.50;7820.75;7821.75
2026-23-09 14:50:00;7821.75;7821.75;7819.75;7821.00
2026-23-09 14:55:00;7820.75;7824.00;7819.50;7823.50
2026-23-09 15:00:00;7823.75;7824.00;7821.50;7822.50
2026-23-09 15:05:00;7822.75;7822.75;7820.25;7820.75
2026-23-09 15:10:00;7820.75;7821.75;7819.25;7821.50
2026-23-09 15:15:00;7821.25;7823.50;7820.25;7822.50
2026-23-09 15:20:00;7822.25;7823.25;7820.50;7821.50
2026-23-09 15:25:00;7821.75;7825.75;7821.25;7823.50
2026-23-09 15:30:00;7823.50;7826.25;7819.75;7819.75
2026-23-09 15:35:00;7819.75;7820.25;7815.75;7816.75
2026-23-09 15:40:00;7817.00;7817.75;7814.50;7814.50
2026-23-09 15:45:00;7814.75;7815.00;7805.00;7806.25
2026-23-09 15:50:00;7806.50;7808.25;7801.75;7802.25
2026-23-09 15:55:00;7802.25;7804.00;7799.25;7801.75
2026-23-09 16:00:00;7801.75;7805.50;7798.25;7799.50
2026-23-09 16:05:00;7799.75;7800.75;7793.75;7795.00
2026-23-09 16:10:00;7795.00;7795.25;7787.50;7790.75
2026-23-09 16:15:00;7790.75;7793.75;7785.75;7785.75
2026-23-09 16:20:00;7785.75;7788.00;7779.25;7783.25
2026-23-09 16:25:00;7783.00;7784.75;7778.00;7783.00
2026-23-09 16:30:00;7783.00;7789.50;7782.50;7788.75
2026-23-09 16:35:00;7788.50;7793.50;7782.75;7783.00
2026-23-09 16:40:00;7783.00;7788.00;7781.00;7786.00
2026-23-09 16:45:00;7786.00;7788.00;7784.75;7786.75
2026-23-09 16:50:00;7787.00;7800.75;7783.00;7798.50
2026-23-09 16:55:00;7798.75;7799.50;7793.00;7797.25
2026-23-09 17:00:00;7797.25;7797.50;7790.50;7793.00
2026-23-09 17:05:00;7793.00;7795.00;7790.25;7794.00
2026-23-09 17:10:00;7794.25;7795.00;7790.75;7791.25
2026-23-09 17:15:00;7791.50;7793.25;7788.00;7791.00
2026-23-09 17:20:00;7791.00;7794.75;7789.50;7793.50
2026-23-09 17:25:00;7793.50;7795.00;7784.25;7785.00
2026-23-09 17:30:00;7785.00;7785.75;7783.00;7783.75
2026-23-09 17:35:00;7783.75;7785.50;7782.00;7784.00
2026-23-09 17:40:00;7783.75;7787.25;7780.75;7786.25
2026-23-09 17:45:00;7786.25;7787.00;7779.00;7779.50
2026-23-09 17:50:00;7779.25;7781.50;7776.50;7781.50
2026-23-09 17:55:00;7781.75;7783.00;7779.50;7780.50
2026-23-09 18:00:00;7780.50;7780.50;7777.00;7778.25
2026-23-09 18:05:00;7778.25;7781.00;7777.00;7779.00
2026-23-09 18:10:00;7779.00;7781.25;7778.50;7780.25
2026-23-09 18:15:00;7780.00;7781.50;7775.50;7778.00
2026-23-09 18:20:00;7777.75;7778.25;7775.25;7778.00
2026-23-09 18:25:00;7777.75;7779.00;7776.25;7778.25
2026-23-09 18:30:00;7778.25;7781.50;7777.75;7778.25
2026-23-09 18:35:00;7778.50;7779.50;7776.00;7777.00
2026-23-09 18:40:00;7777.00;7777.25;7772.00;7772.25
2026-23-09 18:45:00;7772.25;7775.25;7769.50;7770.00
2026-23-09 18:50:00;7770.00;7770.00;7764.25;7764.75
2026-23-09 18:55:00;7764.75;7769.75;7764.25;7768.50
2026-23-09 19:00:00;7768.50;7771.50;7758.75;7761.75
2026-23-09 19:05:00;7761.75;7766.50;7760.25;7765.75
2026-23-09 19:10:00;7765.50;7767.25;7762.50;7765.50
2026-23-09 19:15:00;7765.50;7773.75;7763.75;7773.25
2026-23-09 19:20:00;7773.50;7774.00;7766.00;7766.00
2026-23-09 19:25:00;7766.00;7768.25;7765.50;7767.00
2026-23-09 19:30:00;7767.25;7770.25;7764.75;7769.75
2026-23-09 19:35:00;7770.00;7770.50;7767.00;7767.75
2026-23-09 19:40:00;7768.00;7780.50;7765.75;7779.25
2026-23-09 19:45:00;7779.25;7783.00;7776.75;7778.50
2026-23-09 19:50:00;7778.50;7780.50;7776.50;7779.25
2026-23-09 19:55:00;7779.50;7785.25;7778.00;7784.25
2026-23-09 20:00:00;7784.25;7784.75;7775.50;7776.00
2026-23-09 20:05:00;7776.00;7779.00;7774.75;7778.25
2026-23-09 20:10:00;7778.50;7779.75;7777.25;7779.00
2026-23-09 20:15:00;7779.00;7781.75;7777.00;7779.50
2026-23-09 20:20:00;7779.50;7780.25;7777.50;7779.25
2026-23-09 20:25:00;7779.50;7780.25;7776.25;7777.25
2026-23-09 20:30:00;7777.00;7778.00;7773.50;7775.50
2026-23-09 20:35:00;7775.50;7776.25;7770.25;7771.50
2026-23-09 20:40:00;7771.50;7775.25;7771.50;7773.50
2026-23-09 20:45:00;7773.50;7776.00;7772.50;7775.75
2026-23-09 20:50:00;7775.75;7776.50;7772.75;7774.25
2026-23-09 20:55:00;7774.25;7778.25;7773.25;7776.75
2026-23-09 21:00:00;7777.00;7778.25;7772.50;7773.00
2026-23-09 21:05:00;7773.00;7778.00;7771.75;7776.25
2026-23-09 21:10:00;7776.25;7777.25;7773.00;7774.50
2026-23-09 21:15:00;7774.50;7775.00;7770.75;7773.00
2026-23-09 21:20:00;7772.75;7772.75;7770.50;7771.50
2026-23-09 21:25:00;7771.75;7773.25;7769.25;7771.75
2026-23-09 21:30:00;7771.75;7775.50;7770.25;7775.00
2026-23-09 21:35:00;7775.00;7775.50;7773.00;7775.50
2026-23-09 21:40:00;7775.50;7777.00;7768.25;7771.00
2026-23-09 21:45:00;7771.00;7775.25;7770.50;7774.75
2026-23-09 21:50:00;7775.00;7775.75;7761.00;7764.00
2026-23-09 21:55:00;7764.00;7776.00;7764.00;7773.75
2026-23-09 22:00:00;7774.00;7774.75;7771.25;7772.00
2026-23-09 22:05:00;7772.00;7772.50;7770.25;7772.00
2026-23-09 22:10:00;7772.25;7773.25;7771.00;7771.25
2026-23-09 22:15:00;7771.25;7772.75;7770.25;7772.50
2026-23-09 22:20:00;7772.75;7772.75;7771.75;7772.50
2026-23-09 22:25:00;7772.75;7772.75;7770.75;7772.00
2026-23-09 22:30:00;7772.00;7773.00;7771.00;7771.00
2026-23-09 22:35:00;7771.25;7773.75;7771.00;7773.25
2026-23-09 22:40:00;7773.25;7773.75;7773.00;7773.50
2026-23-09 22:45:00;7773.50;7774.25;7772.00;7772.00
2026-23-09 22:50:00;7772.00;7772.75;7772.00;7772.75
2026-23-09 22:55:00;7772.75;7773.00;7771.25;7772.75
2026-24-09 00:00:00;7774.75;7778.00;7773.50;7776.50
2026-24-09 00:05:00;7776.25;7778.00;7775.00;7778.00
2026-24-09 00:10:00;7778.00;7778.00;7777.25;7777.75
2026-24-09 00:15:00;7778.00;7779.25;7776.75;7777.25
2026-24-09 00:20:00;7777.25;7777.75;7776.25;7777.00
2026-24-09 00:25:00;7777.00;7777.50;7776.75;7777.00
2026-24-09 00:30:00;7776.75;7777.50;7775.50;7775.75
2026-24-09 00:35:00;7775.50;7775.50;7774.00;7774.50
2026-24-09 00:40:00;7774.75;7776.25;7774.50;7775.50
2026-24-09 00:45:00;7775.50;7775.50;7774.75;7775.50
2026-24-09 00:50:00;7775.50;7775.75;7774.75;7775.00
2026-24-09 00:55:00;7775.00;7775.00;7774.75;7775.00
2026-24-09 01:00:00;7775.25;7775.75;7774.25;7775.50
2026-24-09 01:05:00;7775.50;7775.50;7774.50;7775.00
2026-24-09 01:10:00;7774.75;7775.00;7773.00;7773.00
2026-24-09 01:15:00;7773.00;7774.25;7771.75;7772.00
2026-24-09 01:20:00;7772.25;7772.50;7769.75;7770.25
2026-24-09 01:25:00;7770.50;7770.75;7768.50;7769.50
2026-24-09 01:30:00;7769.50;7769.75;7768.00;7769.00
2026-24-09 01:35:00;7769.00;7770.00;7768.50;7769.50
2026-24-09 01:40:00;7769.50;7770.25;7768.25;7769.00
2026-24-09 01:45:00;7769.00;7770.25;7767.50;7767.75
2026-24-09 01:50:00;7767.75;7770.25;7767.00;7769.25
2026-24-09 01:55:00;7769.25;7769.25;7768.00;7768.25
2026-24-09 02:00:00;7768.25;7769.75;7767.00;7768.75
2026-24-09 02:05:00;7768.75;7769.25;7767.75;7768.25
2026-24-09 02:10:00;7768.25;7768.25;7764.75;7765.50
2026-24-09 02:15:00;7765.50;7769.00;7765.25;7768.75
2026-24-09 02:20:00;7769.00;7769.25;7766.00;7767.25
2026-24-09 02:25:00;7767.50;7767.75;7765.75;7766.50
2026-24-09 02:30:00;7766.50;7768.25;7766.00;7767.75
2026-24-09 02:35:00;7767.75;7768.00;7766.25;7766.25
2026-24-09 02:40:00;7766.25;7766.50;7763.50;7764.50
2026-24-09 02:45:00;7764.25;7764.25;7762.00;7763.00
2026-24-09 02:50:00;7763.00;7763.75;7761.50;7762.00
2026-24-09 02:55:00;7762.25;7765.25;7761.25;7764.50
2026-24-09 03:00:00;7764.25;7766.00;7764.00;7765.00
2026-24-09 03:05:00;7764.75;7768.00;7763.50;7767.00
2026-24-09 03:10:00;7766.75;7766.75;7764.75;7766.75
2026-24-09 03:15:00;7767.00;7767.25;7766.00;7766.75
2026-24-09 03:20:00;7766.50;7767.25;7765.50;7766.25
2026-24-09 03:25:00;7766.25;7767.00;7765.00;7765.25
2026-24-09 03:30:00;7765.25;7767.50;7764.75;7767.25
2026-24-09 03:35:00;7767.25;7767.25;7764.75;7765.25
2026-24-09 03:40:00;7765.25;7766.25;7763.75;7764.00
2026-24-09 03:45:00;7763.75;7764.00;7760.50;7762.25
2026-24-09 03:50:00;7762.50;7765.00;7759.50;7763.75
2026-24-09 03:55:00;7763.50;7765.00;7762.50;7764.75
2026-24-09 04:00:00;7764.75;7765.75;7762.00;7762.25
2026-24-09 04:05:00;7762.25;7762.25;7758.00;7759.00
2026-24-09 04:10:00;7759.25;7761.25;7759.00;7760.75
2026-24-09 04:15:00;7760.75;7764.75;7760.75;7764.25
2026-24-09 04:20:00;7764.25;7764.25;7762.75;7763.25
2026-24-09 04:25:00;7763.25;7764.00;7762.25;7763.25
2026-24-09 04:30:00;7763.00;7766.75;7763.00;7765.50
2026-24-09 04:35:00;7765.50;7766.75;7764.75;7765.00
2026-24-09 04:40:00;7765.25;7766.50;7765.00;7766.50
2026-24-09 04:45:00;7766.50;7766.75;7764.75;7765.50
2026-24-09 04:50:00;7765.75;7765.75;7764.00;7765.00
2026-24-09 04:55:00;7765.00;7765.50;7764.75;7764.75
2026-24-09 05:00:00;7764.75;7765.00;7763.00;7763.50
2026-24-09 05:05:00;7763.50;7763.50;7759.25;7759.50
2026-24-09 05:10:00;7759.50;7761.25;7758.75;7761.25
2026-24-09 05:15:00;7761.50;7762.00;7760.25;7761.00
2026-24-09 05:20:00;7761.00;7761.25;7760.00;7760.50
2026-24-09 05:25:00;7760.50;7761.25;7758.75;7759.25
2026-24-09 05:30:00;7759.25;7759.50;7757.50;7758.75
2026-24-09 05:35:00;7758.50;7759.25;7757.75;7759.25
2026-24-09 05:40:00;7759.25;7759.25;7756.00;7756.75
2026-24-09 05:45:00;7756.75;7758.75;7756.50;7758.50
2026-24-09 05:50:00;7758.25;7758.75;7757.25;7758.75
2026-24-09 05:55:00;7758.75;7759.50;7758.00;7759.50
2026-24-09 06:00:00;7759.25;7759.50;7741.25;7750.50
2026-24-09 06:05:00;7750.75;7751.75;7747.00;7748.25
2026-24-09 06:10:00;7748.50;7749.25;7746.25;7746.75
2026-24-09 06:15:00;7746.75;7748.00;7745.00;7747.75
2026-24-09 06:20:00;7748.00;7750.50;7747.50;7748.75
2026-24-09 06:25:00;7748.75;7753.00;7748.75;7752.75
2026-24-09 06:30:00;7752.75;7756.50;7752.00;7756.00
2026-24-09 06:35:00;7755.75;7757.25;7755.00;7756.25
2026-24-09 06:40:00;7756.25;7756.50;7754.25;7755.00
2026-24-09 06:45:00;7755.00;7755.00;7753.50;7754.50
2026-24-09 06:50:00;7754.50;7754.75;7753.75;7754.00
2026-24-09 06:55:00;7754.00;7754.75;7753.25;7754.25
2026-24-09 07:00:00;7754.25;7759.00;7754.25;7758.00
2026-24-09 07:05:00;7758.00;7760.00;7757.00;7757.25
2026-24-09 07:10:00;7757.25;7757.25;7754.25;7754.50
2026-24-09 07:15:00;7754.50;7755.50;7754.00;7755.00
2026-24-09 07:20:00;7755.00;7755.25;7751.75;7753.25
2026-24-09 07:25:00;7752.75;7756.25;7752.75;7756.25
2026-24-09 07:30:00;7756.00;7757.00;7754.75;7754.75
2026-24-09 07:35:00;7754.75;7755.00;7751.75;7752.50
2026-24-09 07:40:00;7752.50;7754.25;7749.25;7750.00
2026-24-09 07:45:00;7749.50;7749.75;7747.75;7748.00
2026-24-09 07:50:00;7747.75;7750.00;7747.50;7747.50
2026-24-09 07:55:00;7747.25;7747.25;7742.00;7742.00
2026-24-09 08:00:00;7742.00;7742.75;7738.75;7739.50
2026-24-09 08:05:00;7739.50;7746.00;7738.25;7745.00
2026-24-09 08:10:00;7745.00;7747.75;7744.00;7746.50
2026-24-09 08:15:00;7746.75;7748.00;7745.25;7745.50
2026-24-09 08:20:00;7745.50;7745.50;7741.75;7743.00
2026-24-09 08:25:00;7742.75;7743.50;7739.50;7741.00
2026-24-09 08:30:00;7741.00;7741.25;7737.25;7737.25
2026-24-09 08:35:00;7737.25;7738.00;7735.50;7736.75
2026-24-09 08:40:00;7737.00;7741.25;7736.75;7739.00
2026-24-09 08:45:00;7739.00;7740.25;7737.00;7738.50
2026-24-09 08:50:00;7738.50;7739.00;7735.50;7735.50
2026-24-09 08:55:00;7736.00;7737.25;7734.25;7735.50
2026-24-09 09:00:00;7735.25;7736.50;7730.75;7735.25
2026-24-09 09:05:00;7735.50;7743.25;7733.00;7742.75
2026-24-09 09:10:00;7742.75;7745.25;7741.50;7745.00
2026-24-09 09:15:00;7744.75;7745.75;7740.75;7744.50
2026-24-09 09:20:00;7744.50;7744.75;7741.25;7741.75
2026-24-09 09:25:00;7741.75;7745.00;7741.00;7744.75
2026-24-09 09:30:00;7744.75;7746.25;7743.00;7744.00
2026-24-09 09:35:00;7744.25;7748.00;7743.25;7746.25
2026-24-09 09:40:00;7746.25;7747.50;7744.25;7746.75
2026-24-09 09:45:00;7746.50;7747.25;7743.50;7744.25
2026-24-09 09:50:00;7744.00;7744.25;7740.75;7741.25
2026-24-09 09:55:00;7741.25;7741.25;7733.50;7734.00
2026-24-09 10:00:00;7734.00;7741.25;7732.00;7736.75
2026-24-09 10:05:00;7736.75;7737.75;7732.50;7733.50
2026-24-09 10:10:00;7733.25;7733.50;7725.00;7726.50
2026-24-09 10:15:00;7726.25;7730.75;7725.00;7727.50
2026-24-09 10:20:00;7727.25;7727.75;7724.25;7726.75
2026-24-09 10:25:00;7726.75;7728.75;7722.50;7723.25
2026-24-09 10:30:00;7723.50;7731.50;7722.00;7722.75
2026-24-09 10:35:00;7722.75;7725.25;7721.00;7724.75
2026-24-09 10:40:00;7724.75;7728.00;7722.00;7726.00
2026-24-09 10:45:00;7726.00;7727.75;7722.25;7723.00
2026-24-09 10:50:00;7722.75;7725.50;7721.50;7722.25
2026-24-09 10:55:00;7722.00;7723.75;7721.00;7723.25
2026-24-09 11:00:00;7723.50;7727.50;7722.50;7725.25
2026-24-09 11:05:00;7725.00;7729.75;7723.50;7727.75
2026-24-09 11:10:00;7727.75;7729.00;7723.50;7725.50
2026-24-09 11:15:00;7725.25;7726.75;7723.25;7726.50
2026-24-09 11:20:00;7726.25;7728.25;7724.25;7727.75
2026-24-09 11:25:00;7727.50;7729.50;7724.25;7725.00
2026-24-09 11:30:00;7724.75;7725.25;7721.25;7725.00
2026-24-09 11:35:00;7725.00;7725.75;7719.00;7721.25
2026-24-09 11:40:00;7721.25;7721.75;7707.25;7713.25
2026-24-09 11:45:00;7713.00;7719.50;7711.75;7719.25
2026-24-09 11:50:00;7719.00;7721.00;7716.50;7720.25
2026-24-09 11:55:00;7720.00;7724.50;7720.00;7724.25
2026-24-09 12:00:00;7724.00;7726.50;7722.00;7722.00
2026-24-09 12:05:00;7722.25;7722.75;7720.00;7721.00
2026-24-09 12:10:00;7721.00;7725.25;7721.00;7725.00
2026-24-09 12:15:00;7725.00;7728.25;7724.50;7726.50
2026-24-09 12:20:00;7726.75;7727.25;7720.75;7720.75
2026-24-09 12:25:00;7721.00;7725.25;7719.00;7721.75
2026-24-09 12:30:00;7721.75;7725.50;7719.50;7724.75
2026-24-09 12:35:00;7725.00;7730.25;7724.25;7729.25
2026-24-09 12:40:00;7729.75;7731.50;7729.25;7730.50
2026-24-09 12:45:00;7730.75;7737.75;7729.50;7737.00
2026-24-09 12:50:00;7737.00;7737.75;7730.75;7730.75
2026-24-09 12:55:00;7730.75;7733.50;7728.75;7733.00
2026-24-09 13:00:00;7733.00;7735.50;7730.50;7730.50
2026-24-09 13:05:00;7730.25;7731.50;7727.25;7729.00
2026-24-09 13:10:00;7729.00;7732.25;7726.25;7731.75
2026-24-09 13:15:00;7731.75;7736.25;7729.75;7732.50
2026-24-09 13:20:00;7732.50;7736.00;7731.25;7734.75
2026-24-09 13:25:00;7734.50;7734.50;7730.50;7730.75
2026-24-09 13:30:00;7730.75;7734.50;7729.00;7729.50
2026-24-09 13:35:00;7729.25;7729.75;7726.25;7727.00
2026-24-09 13:40:00;7727.00;7727.50;7725.25;7726.50
2026-24-09 13:45:00;7726.50;7726.50;7722.00;7722.25
2026-24-09 13:50:00;7722.50;7726.00;7722.00;7726.00
2026-24-09 13:55:00;7726.00;7734.00;7724.50;7732.25
2026-24-09 14:00:00;7732.00;7732.50;7726.50;7727.25
2026-24-09 14:05:00;7727.00;7730.75;7727.00;7730.00
2026-24-09 14:10:00;7730.00;7734.50;7729.50;7733.75
2026-24-09 14:15:00;7733.75;7737.75;7733.00;7736.50
2026-24-09 14:20:00;7736.25;7739.50;7735.25;7737.50
2026-24-09 14:25:00;7737.25;7738.25;7731.25;7734.00
2026-24-09 14:30:00;7733.75;7735.25;7727.75;7728.00
2026-24-09 14:35:00;7727.75;7728.50;7724.50;7727.25
2026-24-09 14:40:00;7727.25;7735.25;7727.00;7733.75
2026-24-09 14:45:00;7734.00;7735.75;7731.75;7732.25
2026-24-09 14:50:00;7732.00;7734.75;7729.75;7734.75
2026-24-09 14:55:00;7734.50;7737.25;7733.50;7735.00
2026-24-09 15:00:00;7734.75;7738.50;7734.75;7736.25
2026-24-09 15:05:00;7736.00;7736.75;7734.00;7735.25
2026-24-09 15:10:00;7735.50;7739.50;7735.25;7738.00
2026-24-09 15:15:00;7737.75;7741.50;7737.25;7740.75
2026-24-09 15:20:00;7740.50;7741.00;7737.50;7738.50
2026-24-09 15:25:00;7738.50;7739.25;7734.00;7734.00
2026-24-09 15:30:00;7734.25;7742.75;7730.00;7741.00
2026-24-09 15:35:00;7741.00;7744.75;7738.75;7744.00
2026-24-09 15:40:00;7744.00;7744.25;7737.50;7740.50
2026-24-09 15:45:00;7740.25;7747.75;7738.75;7743.75
2026-24-09 15:50:00;7743.75;7746.50;7741.25;7743.25
2026-24-09 15:55:00;7743.00;7749.00;7741.50;7747.75
2026-24-09 16:00:00;7748.00;7753.75;7746.25;7753.50
2026-24-09 16:05:00;7753.75;7758.00;7753.25;7755.50
2026-24-09 16:10:00;7755.75;7756.00;7751.75;7754.00
2026-24-09 16:15:00;7753.75;7757.50;7749.50;7755.75
2026-24-09 16:20:00;7756.00;7756.00;7751.75;7752.00
2026-24-09 16:25:00;7752.00;7757.25;7750.50;7754.50
2026-24-09 16:30:00;7754.50;7755.25;7749.00;7753.25
2026-24-09 16:35:00;7753.00;7755.25;7750.50;7753.00
2026-24-09 16:40:00;7753.00;7754.25;7745.50;7746.25
2026-24-09 16:45:00;7746.50;7748.75;7743.00;7746.50
2026-24-09 16:50:00;7746.50;7750.50;7741.50;7742.25
2026-24-09 16:55:00;7742.25;7742.50;7735.00;7738.25
2026-24-09 17:00:00;7738.50;7741.25;7736.25;7737.00
2026-24-09 17:05:00;7737.25;7738.00;7733.50;7734.50
2026-24-09 17:10:00;7734.25;7736.25;7725.25;7726.75
2026-24-09 17:15:00;7726.50;7734.75;7725.50;7731.50
2026-24-09 17:20:00;7731.50;7738.75;7729.50;7738.00
2026-24-09 17:25:00;7738.00;7738.00;7728.25;7729.25
2026-24-09 17:30:00;7729.25;7730.50;7726.75;7727.75
2026-24-09 17:35:00;7728.00;7733.50;7728.00;7730.75
2026-24-09 17:40:00;7730.75;7735.00;7728.75;7733.75
2026-24-09 17:45:00;7734.00;7736.50;7727.25;7728.50
2026-24-09 17:50:00;7728.75;7737.50;7728.00;7736.00
2026-24-09 17:55:00;7736.25;7737.25;7732.75;7735.75
2026-24-09 18:00:00;7735.75;7736.25;7730.00;7734.25
2026-24-09 18:05:00;7734.00;7735.00;7730.25;7732.00
2026-24-09 18:10:00;7731.75;7740.00;7729.50;7739.50
2026-24-09 18:15:00;7739.50;7778.00;7738.75;7762.00
2026-24-09 18:20:00;7762.00;7768.00;7759.25;7763.25
2026-24-09 18:25:00;7763.50;7767.50;7756.25;7765.50
2026-24-09 18:30:00;7765.50;7766.25;7757.00;7762.25
2026-24-09 18:35:00;7762.25;7772.00;7761.00;7771.75
2026-24-09 18:40:00;7771.50;7783.00;7769.75;7770.00
2026-24-09 18:45:00;7770.00;7780.50;7765.75;7779.50
2026-24-09 18:50:00;7779.50;7781.50;7772.25;7774.50
2026-24-09 18:55:00;7774.50;7783.50;7774.00;7776.50
2026-24-09 19:00:00;7776.25;7780.75;7769.00;7776.25
2026-24-09 19:05:00;7776.25;7780.50;7774.25;7776.00
2026-24-09 19:10:00;7775.75;7779.25;7770.00;7777.75
2026-24-09 19:15:00;7777.75;7778.00;7768.75;7768.75
2026-24-09 19:20:00;7768.75;7772.75;7766.00;7767.50
2026-24-09 19:25:00;7767.25;7767.50;7759.50;7766.25
2026-24-09 19:30:00;7766.00;7770.50;7761.75;7762.50
2026-24-09 19:35:00;7762.25;7764.25;7758.75;7762.50
2026-24-09 19:40:00;7762.25;7764.50;7755.00;7755.75
2026-24-09 19:45:00;7755.75;7762.25;7753.75;7760.50
2026-24-09 19:50:00;7760.50;7762.00;7757.50;7759.00
2026-24-09 19:55:00;7759.25;7764.75;7758.00;7763.00
2026-24-09 20:00:00;7763.25;7764.00;7749.50;7750.50
2026-24-09 20:05:00;7750.25;7763.50;7750.25;7761.25
2026-24-09 20:10:00;7761.25;7765.00;7759.50;7764.00
2026-24-09 20:15:00;7763.75;7769.00;7762.25;7766.25
2026-24-09 20:20:00;7766.25;7766.75;7761.75;7765.50
2026-24-09 20:25:00;7765.50;7774.25;7765.00;7769.50
2026-24-09 20:30:00;7769.50;7770.75;7764.50;7764.50
2026-24-09 20:35:00;7764.50;7777.75;7762.50;7772.00
2026-24-09 20:40:00;7772.00;7772.00;7765.50;7768.50
2026-24-09 20:45:00;7768.50;7770.75;7768.00;7769.25
2026-24-09 20:50:00;7769.25;7774.75;7768.75;7771.50
2026-24-09 20:55:00;7771.25;7777.00;7771.25;7773.25
2026-24-09 21:00:00;7773.25;7774.50;7764.00;7765.75
2026-24-09 21:05:00;7765.75;7769.50;7765.50;7768.25
2026-24-09 21:10:00;7768.00;7769.50;7765.75;7766.75
2026-24-09 21:15:00;7766.75;7771.25;7766.75;7770.50
2026-24-09 21:20:00;7770.25;7772.50;7768.50;7771.75
2026-24-09 21:25:00;7771.75;7772.50;7768.25;7769.50
2026-24-09 21:30:00;7769.50;7770.75;7767.50;7770.75
2026-24-09 21:35:00;7770.75;7771.25;7767.50;7771.00
2026-24-09 21:40:00;7770.75;7772.25;7768.25;7769.00
2026-24-09 21:45:00;7768.75;7770.25;7766.25;7766.25
2026-24-09 21:50:00;7766.25;7774.50;7766.25;7772.50
2026-24-09 21:55:00;7772.75;7772.75;7765.00;7765.50
2026-24-09 22:00:00;7765.25;7766.00;7760.25;7761.50
2026-24-09 22:05:00;7761.50;7762.50;7760.75;7761.75
2026-24-09 22:10:00;7761.75;7762.25;7757.25;7757.50
2026-24-09 22:15:00;7757.50;7758.50;7751.25;7753.00
2026-24-09 22:20:00;7753.00;7753.25;7751.00;7751.25
2026-24-09 22:25:00;7751.25;7752.00;7748.75;7749.50
2026-24-09 22:30:00;7749.50;7753.00;7749.50;7752.25
2026-24-09 22:35:00;7752.25;7753.75;7751.75;7753.75
2026-24-09 22:40:00;7753.75;7756.00;7752.75;7755.00
2026-24-09 22:45:00;7755.25;7758.25;7755.00;7758.00
2026-24-09 22:50:00;7758.00;7759.00;7757.50;7758.50
2026-24-09 22:55:00;7758.75;7760.75;7758.00;7759.50
2026-25-09 00:00:00;7759.00;7763.75;7756.75;7762.25
2026-25-09 00:05:00;7762.25;7762.50;7756.50;7759.25
2026-25-09 00:10:00;7759.50;7760.00;7757.50;7758.25
2026-25-09 00:15:00;7758.25;7758.75;7757.00;7757.00
2026-25-09 00:20:00;7756.75;7757.00;7755.00;7755.50
2026-25-09 00:25:00;7755.50;7756.00;7754.00;7755.00
2026-25-09 00:30:00;7755.00;7757.25;7754.50;7756.25
2026-25-09 00:35:00;7756.25;7756.75;7755.75;7755.75
2026-25-09 00:40:00;7755.75;7758.50;7755.50;7757.75
2026-25-09 00:45:00;7758.00;7758.00;7756.25;7757.25
2026-25-09 00:50:00;7757.25;7758.00;7757.00;7757.25
2026-25-09 00:55:00;7757.25;7757.75;7756.25;7756.75
2026-25-09 01:00:00;7756.75;7758.00;7756.75;7758.00
2026-25-09 01:05:00;7758.00;7759.25;7755.25;7756.25
2026-25-09 01:10:00;7756.00;7756.00;7754.25;7755.50
2026-25-09 01:15:00;7755.50;7756.25;7755.00;7755.50
2026-25-09 01:20:00;7755.50;7757.75;7754.75;7757.75
2026-25-09 01:25:00;7757.50;7759.25;7756.75;7757.50
2026-25-09 01:30:00;7757.75;7759.25;7757.75;7758.25
2026-25-09 01:35:00;7758.25;7759.25;7757.50;7758.00
2026-25-09 01:40:00;7758.25;7758.50;7755.25;7755.50
2026-25-09 01:45:00;7755.50;7756.50;7754.00;7755.00
2026-25-09 01:50:00;7755.00;7755.25;7750.75;7751.75
2026-25-09 01:55:00;7752.00;7752.50;7750.75;7751.50
2026-25-09 02:00:00;7751.25;7755.00;7751.00;7753.50
2026-25-09 02:05:00;7753.00;7753.75;7750.00;7753.00
2026-25-09 02:10:00;7753.00;7753.50;7751.25;7752.25
2026-25-09 02:15:00;7752.25;7754.00;7750.25;7753.25
2026-25-09 02:20:00;7753.25;7757.25;7752.75;7756.25
2026-25-09 02:25:00;7756.25;7757.25;7754.50;7755.00
2026-25-09 02:30:00;7754.75;7755.25;7751.75;7752.50
2026-25-09 02:35:00;7752.75;7753.25;7748.50;7749.50
2026-25-09 02:40:00;7749.50;7751.25;7748.75;7750.50
2026-25-09 02:45:00;7750.25;7752.50;7750.00;7752.25
2026-25-09 02:50:00;7752.25;7752.25;7749.50;7752.00
2026-25-09 02:55:00;7751.75;7752.75;7750.50;7751.75
2026-25-09 03:00:00;7751.75;7753.25;7749.25;7752.75
2026-25-09 03:05:00;7752.50;7754.50;7750.00;7753.50
2026-25-09 03:10:00;7753.50;7761.50;7753.25;7760.00
2026-25-09 03:15:00;7760.00;7763.25;7758.25;7760.00
2026-25-09 03:20:00;7760.25;7763.50;7760.00;7761.75
2026-25-09 03:25:00;7761.75;7763.75;7761.00;7761.50
2026-25-09 03:30:00;7761.50;7761.75;7757.75;7757.75
2026-25-09 03:35:00;7757.50;7762.75;7756.50;7762.75
2026-25-09 03:40:00;7762.75;7765.25;7762.25;7763.75
2026-25-09 03:45:00;7763.50;7763.75;7761.25;7763.50
2026-25-09 03:50:00;7763.25;7763.25;7760.50;7760.50
2026-25-09 03:55:00;7760.50;7762.25;7759.25;7762.00
2026-25-09 04:00:00;7762.25;7763.25;7761.25;7762.50
2026-25-09 04:05:00;7762.75;7764.50;7762.25;7764.25
2026-25-09 04:10:00;7764.25;7764.75;7762.50;7763.00
2026-25-09 04:15:00;7763.00;7765.25;7763.00;7765.00
2026-25-09 04:20:00;7765.00;7766.25;7764.75;7765.00
2026-25-09 04:25:00;7764.75;7764.75;7761.50;7762.00
2026-25-09 04:30:00;7761.75;7762.00;7758.25;7758.50
2026-25-09 04:35:00;7758.25;7759.75;7757.25;7759.50
2026-25-09 04:40:00;7759.75;7762.75;7759.50;7762.00
2026-25-09 04:45:00;7762.00;7762.75;7759.00;7759.50
2026-25-09 04:50:00;7759.50;7761.50;7758.50;7761.50
2026-25-09 04:55:00;7761.00;7762.25;7760.25;7762.00
2026-25-09 05:00:00;7762.00;7762.75;7761.00;7762.25
2026-25-09 05:05:00;7762.50;7766.00;7762.25;7765.25
2026-25-09 05:10:00;7765.25;7765.50;7763.75;7764.75
2026-25-09 05:15:00;7765.00;7766.25;7763.50;7765.25
2026-25-09 05:20:00;7765.25;7767.25;7765.00;7766.00
2026-25-09 05:25:00;7766.00;7766.50;7764.75;7765.25
2026-25-09 05:30:00;7765.50;7766.25;7764.50;7765.50
2026-25-09 05:35:00;7765.50;7766.25;7763.75;7765.75
2026-25-09 05:40:00;7765.75;7766.75;7761.50;7761.50
2026-25-09 05:45:00;7761.75;7763.00;7760.75;7762.75
2026-25-09 05:50:00;7762.50;7763.50;7761.50;7762.50
2026-25-09 05:55:00;7762.75;7764.25;7762.25;7763.75
2026-25-09 06:00:00;7763.75;7764.00;7760.25;7761.25
2026-25-09 06:05:00;7761.00;7761.75;7759.50;7760.75
2026-25-09 06:10:00;7760.75;7761.50;7760.00;7760.25
2026-25-09 06:15:00;7760.25;7761.75;7758.75;7759.50
2026-25-09 06:20:00;7759.50;7760.00;7758.50;7760.00
2026-25-09 06:25:00;7760.25;7760.75;7758.75;7759.00
2026-25-09 06:30:00;7759.25;7760.50;7758.50;7760.25
2026-25-09 06:35:00;7760.25;7761.75;7760.00;7761.50
2026-25-09 06:40:00;7761.50;7762.25;7760.25;7760.50
2026-25-09 06:45:00;7760.50;7761.75;7760.50;7761.00
2026-25-09 06:50:00;7760.75;7761.75;7759.50;7760.25
2026-25-09 06:55:00;7760.25;7760.50;7757.75;7759.50
2026-25-09 07:00:00;7759.25;7761.25;7759.00;7760.75
2026-25-09 07:05:00;7761.00;7763.25;7760.00;7763.00
2026-25-09 07:10:00;7763.00;7763.75;7762.00;7762.00
2026-25-09 07:15:00;7762.25;7764.25;7762.00;7762.75
2026-25-09 07:20:00;7762.75;7763.50;7760.75;7760.75
2026-25-09 07:25:00;7760.75;7763.75;7760.75;7763.50
2026-25-09 07:30:00;7763.50;7771.00;7763.00;7769.25
2026-25-09 07:35:00;7769.50;7771.75;7769.50;7771.00
2026-25-09 07:40:00;7771.00;7773.25;7770.25;7773.25
2026-25-09 07:45:00;7773.00;7774.00;7770.50;7770.75
2026-25-09 07:50:00;7770.50;7772.50;7770.50;7772.50
2026-25-09 07:55:00;7772.50;7772.50;7769.75;7770.00
2026-25-09 08:00:00;7770.00;7772.75;7769.75;7772.25
2026-25-09 08:05:00;7772.25;7773.50;7771.75;7773.25
2026-25-09 08:10:00;7773.50;7776.00;7773.00;7775.50
2026-25-09 08:15:00;7775.50;7777.75;7774.75;7777.00
2026-25-09 08:20:00;7777.00;7778.50;7775.75;7777.50
2026-25-09 08:25:00;7777.75;7778.00;7774.00;7775.00
2026-25-09 08:30:00;7775.25;7777.50;7774.25;7777.50
2026-25-09 08:35:00;7777.25;7777.75;7775.50;7776.50
2026-25-09 08:40:00;7776.50;7777.75;7776.00;7776.75
2026-25-09 08:45:00;7776.75;7777.50;7775.00;7777.00
2026-25-09 08:50:00;7777.00;7777.50;7775.00;7777.25
2026-25-09 08:55:00;7777.25;7778.25;7774.50;7774.75
2026-25-09 09:00:00;7774.75;7778.25;7774.25;7775.75
2026-25-09 09:05:00;7775.75;7778.00;7775.00;7777.00
2026-25-09 09:10:00;7777.00;7778.50;7776.25;7777.50
2026-25-09 09:15:00;7777.50;7778.50;7774.75;7775.50
2026-25-09 09:20:00;7775.75;7778.75;7775.50;7777.75
2026-25-09 09:25:00;7777.75;7780.50;7775.75;7780.25
2026-25-09 09:30:00;7780.25;7781.75;7773.50;7774.00
2026-25-09 09:35:00;7774.25;7777.00;7774.00;7774.75
2026-25-09 09:40:00;7774.75;7776.75;7774.25;7775.25
2026-25-09 09:45:00;7775.50;7778.50;7775.00;7775.25
2026-25-09 09:50:00;7775.25;7776.25;7774.50;7775.25
2026-25-09 09:55:00;7775.25;7776.75;7774.50;7775.25
2026-25-09 10:00:00;7775.25;7776.25;7771.75;7772.50
2026-25-09 10:05:00;7772.50;7775.50;7771.50;7775.00
2026-25-09 10:10:00;7775.00;7780.75;7775.00;7779.00
2026-25-09 10:15:00;7779.00;7781.75;7777.75;7779.00
2026-25-09 10:20:00;7779.00;7782.25;7778.50;7782.25
2026-25-09 10:25:00;7782.25;7784.50;7780.25;7784.25
2026-25-09 10:30:00;7784.25;7786.50;7783.25;7785.75
2026-25-09 10:35:00;7785.50;7786.25;7782.50;7783.50
2026-25-09 10:40:00;7783.50;7787.25;7783.50;7786.75
2026-25-09 10:45:00;7786.75;7788.75;7786.75;7787.25
2026-25-09 10:50:00;7787.25;7789.00;7786.75;7788.75
2026-25-09 10:55:00;7789.00;7790.75;7789.00;7789.25
2026-25-09 11:00:00;7789.25;7791.75;7788.75;7790.25
2026-25-09 11:05:00;7790.25;7792.50;7790.00;7792.25
2026-25-09 11:10:00;7792.25;7792.25;7790.00;7790.25
2026-25-09 11:15:00;7790.25;7792.50;7789.50;7789.75
2026-25-09 11:20:00;7790.00;7790.00;7788.00;7789.50
2026-25-09 11:25:00;7789.75;7789.75;7788.00;7788.25
2026-25-09 11:30:00;7788.25;7790.50;7786.50;7790.00
2026-25-09 11:35:00;7789.75;7790.50;7789.25;7790.50
2026-25-09 11:40:00;7790.50;7791.25;7789.00;7790.25
2026-25-09 11:45:00;7790.25;7790.25;7786.50;7787.75
2026-25-09 11:50:00;7787.75;7787.75;7786.00;7787.50
2026-25-09 11:55:00;7787.50;7789.00;7786.75;7786.75
2026-25-09 12:00:00;7787.00;7788.25;7785.00;7785.50
2026-25-09 12:05:00;7785.50;7786.50;7784.25;7786.00
2026-25-09 12:10:00;7786.25;7789.75;7785.75;7789.50
2026-25-09 12:15:00;7789.25;7791.50;7788.75;7789.25
2026-25-09 12:20:00;7789.25;7790.50;7788.50;7789.00
2026-25-09 12:25:00;7788.75;7789.75;7788.25;7788.75
2026-25-09 12:30:00;7788.75;7790.25;7787.25;7789.00
2026-25-09 12:35:00;7788.75;7789.50;7785.50;7785.75
2026-25-09 12:40:00;7785.75;7786.50;7785.00;7785.75
2026-25-09 12:45:00;7785.50;7786.75;7784.00;7785.75
2026-25-09 12:50:00;7785.50;7787.50;7783.50;7786.75
2026-25-09 12:55:00;7786.75;7786.75;7785.00;7785.75
2026-25-09 13:00:00;7785.75;7788.50;7785.25;7786.25
2026-25-09 13:05:00;7786.00;7793.50;7786.00;7793.25
2026-25-09 13:10:00;7793.25;7795.75;7793.00;7795.50
2026-25-09 13:15:00;7795.75;7798.75;7795.00;7796.50
2026-25-09 13:20:00;7796.25;7796.75;7795.25;7796.00
2026-25-09 13:25:00;7796.00;7798.00;7795.50;7795.50
2026-25-09 13:30:00;7795.50;7797.25;7794.50;7796.50
2026-25-09 13:35:00;7796.50;7800.75;7794.00;7794.25
2026-25-09 13:40:00;7794.50;7795.75;7794.25;7795.00
2026-25-09 13:45:00;7794.75;7796.00;7794.25;7794.50
2026-25-09 13:50:00;7794.50;7796.25;7793.75;7796.00
2026-25-09 13:55:00;7795.75;7796.00;7792.50;7792.50
2026-25-09 14:00:00;7792.50;7795.75;7792.00;7795.25
2026-25-09 14:05:00;7795.25;7796.25;7793.50;7794.00
2026-25-09 14:10:00;7794.00;7796.00;7791.50;7793.00
2026-25-09 14:15:00;7793.00;7793.25;7788.00;7789.75
2026-25-09 14:20:00;7789.75;7794.25;7789.00;7793.00
2026-25-09 14:25:00;7792.75;7794.75;7791.75;7792.50
2026-25-09 14:30:00;7792.75;7793.00;7787.25;7790.25
2026-25-09 14:35:00;7790.00;7790.75;7787.50;7788.00
2026-25-09 14:40:00;7788.50;7789.50;7783.25;7786.75
2026-25-09 14:45:00;7786.75;7792.75;7784.25;7785.50
2026-25-09 14:50:00;7785.50;7786.00;7783.00;7784.50
2026-25-09 14:55:00;7784.50;7786.25;7783.50;7785.00
2026-25-09 15:00:00;7785.00;7786.75;7782.00;7785.50
2026-25-09 15:05:00;7785.25;7787.50;7785.25;7787.50
2026-25-09 15:10:00;7787.50;7790.50;7786.50;7788.75
2026-25-09 15:15:00;7788.75;7789.00;7781.75;7781.75
2026-25-09 15:20:00;7781.75;7782.75;7779.00;7779.00
2026-25-09 15:25:00;7779.25;7781.25;7776.00;7777.75
2026-25-09 15:30:00;7777.50;7785.25;7767.25;7784.50
2026-25-09 15:35:00;7784.50;7788.25;7782.75;7787.50
2026-25-09 15:40:00;7787.50;7790.75;7783.50;7785.25
2026-25-09 15:45:00;7785.25;7787.00;7780.00;7785.25
2026-25-09 15:50:00;7785.25;7793.25;7784.00;7791.50
2026-25-09 15:55:00;7791.50;7793.75;7785.25;7787.50
2026-25-09 16:00:00;7787.50;7788.25;7765.25;7766.00
2026-25-09 16:05:00;7765.75;7767.75;7755.00;7767.00
2026-25-09 16:10:00;7767.00;7769.50;7758.00;7759.50
2026-25-09 16:15:00;7759.25;7762.50;7752.75;7760.50
2026-25-09 16:20:00;7760.50;7766.75;7759.25;7764.75
2026-25-09 16:25:00;7764.75;7770.00;7762.00;7764.25
2026-25-09 16:30:00;7764.00;7770.00;7762.00;7768.00
2026-25-09 16:35:00;7768.00;7775.75;7766.75;7772.75
2026-25-09 16:40:00;7772.75;7773.75;7764.75;7769.50
2026-25-09 16:45:00;7769.75;7774.75;7765.75;7773.25
2026-25-09 16:50:00;7773.25;7773.50;7765.25;7772.25
2026-25-09 16:55:00;7772.50;7779.25;7771.75;7778.00
2026-25-09 17:00:00;7778.25;7787.25;7776.75;7784.00
2026-25-09 17:05:00;7784.25;7789.00;7781.00;7781.50
2026-25-09 17:10:00;7781.25;7782.00;7773.50;7779.75
2026-25-09 17:15:00;7780.00;7782.00;7774.50;7775.50
2026-25-09 17:20:00;7775.75;7783.50;7774.50;7776.50
2026-25-09 17:25:00;7776.50;7781.00;7775.75;7777.75
2026-25-09 17:30:00;7778.00;7788.75;7778.00;7781.75
2026-25-09 17:35:00;7781.75;7782.25;7771.50;7772.50
2026-25-09 17:40:00;7772.50;7776.00;7767.00;7767.75
2026-25-09 17:45:00;7767.50;7774.00;7764.50;7773.50
2026-25-09 17:50:00;7773.50;7776.75;7765.50;7774.75
2026-25-09 17:55:00;7774.75;7790.75;7774.50;7790.50
2026-25-09 18:00:00;7790.50;7806.00;7788.75;7804.00
2026-25-09 18:05:00;7804.25;7809.00;7802.25;7806.00
2026-25-09 18:10:00;7806.25;7811.00;7803.50;7806.50
2026-25-09 18:15:00;7806.50;7809.50;7798.25;7801.00
2026-25-09 18:20:00;7800.75;7802.00;7791.00;7795.25
2026-25-09 18:25:00;7795.25;7807.50;7794.00;7807.00
2026-25-09 18:30:00;7807.00;7808.75;7794.25;7797.75
2026-25-09 18:35:00;7797.75;7804.25;7797.25;7800.75
2026-25-09 18:40:00;7800.75;7805.50;7797.50;7802.50
2026-25-09 18:45:00;7802.50;7802.75;7793.50;7797.25
2026-25-09 18:50:00;7797.50;7799.75;7796.00;7799.00
2026-25-09 18:55:00;7799.25;7801.00;7792.25;7795.25
2026-25-09 19:00:00;7795.25;7802.75;7794.00;7801.25
2026-25-09 19:05:00;7801.50;7802.75;7796.25;7801.50
2026-25-09 19:10:00;7801.50;7804.00;7797.75;7804.00
2026-25-09 19:15:00;7803.75;7804.00;7799.25;7800.00
2026-25-09 19:20:00;7800.00;7803.75;7799.50;7803.25
2026-25-09 19:25:00;7803.25;7804.25;7802.25;7804.00
2026-25-09 19:30:00;7804.00;7805.25;7796.75;7798.75
2026-25-09 19:35:00;7798.75;7803.00;7796.00;7800.00
2026-25-09 19:40:00;7800.00;7803.50;7799.75;7800.75
2026-25-09 19:45:00;7800.50;7803.00;7799.25;7802.25
2026-25-09 19:50:00;7802.25;7802.50;7797.00;7799.00
2026-25-09 19:55:00;7799.00;7802.75;7798.25;7802.75
2026-25-09 20:00:00;7802.75;7803.75;7801.25;7801.75
2026-25-09 20:05:00;7801.75;7802.50;7799.25;7802.25
2026-25-09 20:10:00;7802.25;7805.75;7800.25;7805.75
2026-25-09 20:15:00;7805.75;7806.25;7803.50;7804.25
2026-25-09 20:20:00;7804.25;7805.00;7802.25;7804.25
2026-25-09 20:25:00;7804.25;7805.25;7795.25;7800.25
2026-25-09 20:30:00;7800.50;7805.00;7800.25;7803.25
2026-25-09 20:35:00;7803.00;7803.50;7797.00;7797.50
2026-25-09 20:40:00;7797.50;7801.75;7796.25;7801.50
2026-25-09 20:45:00;7801.75;7802.50;7798.25;7799.75
2026-25-09 20:50:00;7799.75;7800.50;7797.50;7797.75
2026-25-09 20:55:00;7797.75;7799.75;7797.25;7798.00
2026-25-09 21:00:00;7798.25;7801.25;7795.25;7797.25
2026-25-09 21:05:00;7797.50;7800.00;7796.75;7798.50
2026-25-09 21:10:00;7798.25;7802.50;7797.50;7802.25
2026-25-09 21:15:00;7802.25;7803.00;7799.25;7799.50
2026-25-09 21:20:00;7799.50;7800.25;7796.25;7797.00
2026-25-09 21:25:00;7797.25;7797.25;7793.25;7794.75
2026-25-09 21:30:00;7794.75;7796.50;7793.75;7793.75
2026-25-09 21:35:00;7794.00;7801.25;7793.50;7801.00
2026-25-09 21:40:00;7801.00;7805.00;7799.25;7803.75
2026-25-09 21:45:00;7803.75;7811.75;7803.75;7809.00
2026-25-09 21:50:00;7809.25;7814.75;7809.25;7809.50
2026-25-09 21:55:00;7809.50;7810.50;7802.50;7804.75
2026-25-09 22:00:00;7804.75;7807.25;7802.50;7806.00
2026-25-09 22:05:00;7806.00;7806.50;7803.75;7804.75
2026-25-09 22:10:00;7804.75;7804.75;7803.00;7803.00
2026-25-09 22:15:00;7803.00;7803.75;7801.75;7803.25
2026-25-09 22:20:00;7803.25;7803.75;7802.25;7802.25
2026-25-09 22:25:00;7802.25;7803.25;7801.50;7802.25
2026-25-09 22:30:00;7802.50;7805.00;7802.25;7804.25
2026-25-09 22:35:00;7804.50;7805.50;7804.25;7805.00
2026-25-09 22:40:00;7804.75;7806.50;7804.75;7806.25
2026-25-09 22:45:00;7806.25;7806.50;7805.50;7805.50
2026-25-09 22:50:00;7805.50;7807.25;7805.50;7805.75
2026-25-09 22:55:00;7805.75;7806.00;7805.25;7805.75
2026-28-09 00:00:00;7796.00;7803.00;7786.75;7793.00
2026-28-09 00:05:00;7792.75;7794.75;7789.00;7790.75
2026-28-09 00:10:00;7791.00;7792.25;7786.00;7786.50
2026-28-09 00:15:00;7786.25;7788.25;7785.50;7786.00
2026-28-09 00:20:00;7786.00;7787.50;7783.00;7786.75
2026-28-09 00:25:00;7787.00;7789.50;7785.50;7785.75
2026-28-09 00:30:00;7785.75;7785.75;7781.50;7782.00
2026-28-09 00:35:00;7782.00;7783.25;7781.50;7783.00
2026-28-09 00:40:00;7783.00;7783.75;7782.75;7783.50
2026-28-09 00:45:00;7783.25;7783.50;7781.25;7781.50
2026-28-09 00:50:00;7781.25;7781.75;7778.75;7780.75
2026-28-09 00:55:00;7780.75;7781.75;7780.50;7781.00
2026-28-09 01:00:00;7781.25;7782.25;7780.25;7780.75
2026-28-09 01:05:00;7781.00;7783.00;7780.50;7781.75
2026-28-09 01:10:00;7782.00;7783.50;7781.75;7783.00
2026-28-09 01:15:00;7783.25;7783.50;7782.25;7783.25
2026-28-09 01:20:00;7783.50;7785.25;7783.25;7783.25
2026-28-09 01:25:00;7783.00;7784.00;7782.50;7783.25
2026-28-09 01:30:00;7783.50;7784.25;7781.25;7782.00
2026-28-09 01:35:00;7782.00;7782.75;7781.25;7781.75
2026-28-09 01:40:00;7781.50;7782.25;7778.75;7781.50
2026-28-09 01:45:00;7781.50;7785.00;7781.25;7784.00
2026-28-09 01:50:00;7784.25;7785.50;7780.25;7781.25
2026-28-09 01:55:00;7781.25;7784.50;7781.00;7784.00
2026-28-09 02:00:00;7783.75;7788.00;7782.75;7786.50
2026-28-09 02:05:00;7786.75;7788.00;7785.25;7787.75
2026-28-09 02:10:00;7787.50;7790.75;7787.50;7790.50
2026-28-09 02:15:00;7790.25;7790.25;7787.00;7788.75
2026-28-09 02:20:00;7788.75;7790.50;7788.25;7789.00
2026-28-09 02:25:00;7789.00;7789.75;7786.75;7787.50
2026-28-09 02:30:00;7787.50;7789.00;7783.50;7785.50
2026-28-09 02:35:00;7785.25;7786.00;7782.75;7784.50
2026-28-09 02:40:00;7784.50;7785.25;7781.50;7784.50
2026-28-09 02:45:00;7784.75;7788.75;7784.75;7787.25
2026-28-09 02:50:00;7787.50;7789.25;7786.50;7787.50
2026-28-09 02:55:00;7787.75;7788.00;7781.00;7782.50
2026-28-09 03:00:00;7782.50;7787.25;7782.25;7787.25
2026-28-09 03:05:00;7787.25;7787.25;7782.25;7785.25
2026-28-09 03:10:00;7784.75;7786.00;7783.75;7784.25
2026-28-09 03:15:00;7784.25;7785.00;7782.00;7783.25
2026-28-09 03:20:00;7783.50;7787.75;7783.25;7784.75
2026-28-09 03:25:00;7784.75;7787.75;7784.75;7786.75
2026-28-09 03:30:00;7786.75;7788.75;7786.00;7786.75
2026-28-09 03:35:00;7787.00;7787.25;7785.75;7787.25
2026-28-09 03:40:00;7787.25;7788.25;7784.75;7785.00
2026-28-09 03:45:00;7785.00;7785.75;7781.75;7782.50
2026-28-09 03:50:00;7782.50;7783.75;7780.75;7781.75
2026-28-09 03:55:00;7781.75;7784.25;7781.25;7781.50
2026-28-09 04:00:00;7781.25;7781.25;7777.25;7779.25
2026-28-09 04:05:00;7779.25;7779.25;7775.25;7778.75
2026-28-09 04:10:00;7778.50;7781.00;7778.25;7780.00
2026-28-09 04:15:00;7780.00;7780.00;7776.25;7777.75
2026-28-09 04:20:00;7778.00;7778.00;7775.50;7776.25
2026-28-09 04:25:00;7776.25;7780.00;7776.00;7778.50
2026-28-09 04:30:00;7778.50;7780.25;7776.50;7777.75
2026-28-09 04:35:00;7777.75;7779.00;7776.25;7777.25
2026-28-09 04:40:00;7777.25;7778.50;7776.50;7778.00
2026-28-09 04:45:00;7778.00;7778.25;7774.75;7775.25
2026-28-09 04:50:00;7775.00;7777.25;7774.00;7776.50
2026-28-09 04:55:00;7776.25;7776.25;7773.75;7775.25
2026-28-09 05:00:00;7775.25;7777.50;7775.00;7776.50
2026-28-09 05:05:00;7776.75;7778.75;7776.00;7778.25
2026-28-09 05:10:00;7778.25;7779.25;7776.00;7776.25
2026-28-09 05:15:00;7776.25;7777.50;7775.25;7776.00
2026-28-09 05:20:00;7776.25;7777.50;7775.25;7776.00
2026-28-09 05:25:00;7776.00;7776.25;7775.25;7775.25
2026-28-09 05:30:00;7775.50;7775.75;7773.25;7773.25
2026-28-09 05:35:00;7773.00;7774.50;7771.75;7773.75
2026-28-09 05:40:00;7774.00;7775.75;7772.50;7775.25
2026-28-09 05:45:00;7775.50;7777.00;7774.50;7776.50
2026-28-09 05:50:00;7776.50;7776.50;7774.00;7775.50
2026-28-09 05:55:00;7775.75;7775.75;7772.25;7772.50
2026-28-09 06:00:00;7772.75;7773.50;7771.50;7773.00
2026-28-09 06:05:00;7773.00;7775.00;7772.25;7774.50
2026-28-09 06:10:00;7774.75;7777.50;7774.75;7777.25
2026-28-09 06:15:00;7777.25;7777.25;7775.25;7777.00
2026-28-09 06:20:00;7777.25;7778.75;7777.25;7778.50
2026-28-09 06:25:00;7778.50;7778.50;7775.50;7776.75
2026-28-09 06:30:00;7776.50;7776.75;7775.50;7776.25
2026-28-09 06:35:00;7776.50;7777.00;7775.75;7776.50
2026-28-09 06:40:00;7776.50;7777.00;7776.00;7776.50
2026-28-09 06:45:00;7776.25;7776.50;7774.50;7775.00
2026-28-09 06:50:00;7775.25;7777.00;7775.25;7776.00
2026-28-09 06:55:00;7776.00;7776.50;7774.75;7775.25
2026-28-09 07:00:00;7775.25;7779.00;7775.25;7777.25
2026-28-09 07:05:00;7777.25;7777.75;7775.50;7776.25
2026-28-09 07:10:00;7776.25;7777.00;7773.50;7775.25
2026-28-09 07:15:00;7775.25;7776.25;7773.75;7774.50
2026-28-09 07:20:00;7774.50;7775.00;7773.00;7774.50
2026-28-09 07:25:00;7774.25;7776.75;7773.75;7775.25
2026-28-09 07:30:00;7775.25;7775.75;7772.00;7773.25
2026-28-09 07:35:00;7773.50;7775.25;7771.25;7772.00
2026-28-09 07:40:00;7772.00;7773.00;7770.50;7772.25
2026-28-09 07:45:00;7772.25;7774.25;7771.25;7773.50
2026-28-09 07:50:00;7773.75;7775.00;7772.25;7773.25
2026-28-09 07:55:00;7773.50;7777.00;7773.25;7775.75
2026-28-09 08:00:00;7776.00;7779.50;7774.75;7775.00
2026-28-09 08:05:00;7775.00;7781.50;7774.00;7780.00
2026-28-09 08:10:00;7780.00;7783.25;7777.00;7778.00
2026-28-09 08:15:00;7777.75;7779.50;7774.25;7774.75
2026-28-09 08:20:00;7774.75;7775.00;7771.25;7771.25
2026-28-09 08:25:00;7771.50;7771.75;7768.50;7769.50
2026-28-09 08:30:00;7769.25;7773.25;7768.25;7770.75
2026-28-09 08:35:00;7771.00;7774.00;7771.00;7773.50
2026-28-09 08:40:00;7773.50;7775.50;7771.50;7771.50
2026-28-09 08:45:00;7771.50;7774.75;7770.75;7774.75
2026-28-09 08:50:00;7774.75;7777.00;7772.50;7773.50
2026-28-09 08:55:00;7773.50;7776.75;7772.25;7776.25
2026-28-09 09:00:00;7776.25;7776.25;7770.25;7773.00
2026-28-09 09:05:00;7773.00;7773.25;7770.75;7772.00
2026-28-09 09:10:00;7772.00;7773.00;7768.25;7769.00
2026-28-09 09:15:00;7769.00;7770.75;7768.00;7770.00
2026-28-09 09:20:00;7770.25;7771.50;7767.50;7770.25
2026-28-09 09:25:00;7770.00;7772.00;7767.75;7768.75
2026-28-09 09:30:00;7768.75;7770.50;7766.75;7769.00
2026-28-09 09:35:00;7768.75;7770.50;7765.25;7768.25
2026-28-09 09:40:00;7768.25;7772.00;7765.25;7766.25
2026-28-09 09:45:00;7766.00;7772.25;7766.00;7771.50
2026-28-09 09:50:00;7771.50;7773.00;7768.50;7772.75
2026-28-09 09:55:00;7773.00;7775.25;7770.25;7771.00
2026-28-09 10:00:00;7771.00;7772.75;7768.25;7771.00
2026-28-09 10:05:00;7771.00;7772.75;7768.25;7771.50
2026-28-09 10:10:00;7771.25;7775.50;7770.25;7775.50
2026-28-09 10:15:00;7775.50;7776.75;7770.75;7771.25
2026-28-09 10:20:00;7771.25;7771.75;7768.50;7770.00
2026-28-09 10:25:00;7770.00;7774.25;7770.00;7774.00
2026-28-09 10:30:00;7774.00;7775.25;7771.25;7771.75
2026-28-09 10:35:00;7771.75;7772.25;7765.25;7767.50
2026-28-09 10:40:00;7767.50;7770.25;7767.00;7768.00
2026-28-09 10:45:00;7768.00;7769.50;7766.00;7768.75
2026-28-09 10:50:00;7768.50;7770.50;7767.00;7767.75
2026-28-09 10:55:00;7768.00;7769.25;7767.00;7767.75
2026-28-09 11:00:00;7767.25;7772.00;7764.25;7764.75
2026-28-09 11:05:00;7764.75;7766.00;7761.25;7761.75
2026-28-09 11:10:00;7761.75;7762.75;7760.00;7761.00
2026-28-09 11:15:00;7761.00;7765.75;7760.00;7765.75
2026-28-09 11:20:00;7765.75;7768.50;7765.50;7766.50
2026-28-09 11:25:00;7766.50;7766.75;7763.75;7766.25
2026-28-09 11:30:00;7766.25;7766.50;7761.25;7761.50
2026-28-09 11:35:00;7761.50;7765.25;7761.25;7763.50
2026-28-09 11:40:00;7763.50;7766.75;7763.25;7766.75
2026-28-09 11:45:00;7767.00;7768.25;7766.50;7767.50
2026-28-09 11:50:00;7767.75;7769.00;7765.75;7765.75
2026-28-09 11:55:00;7765.75;7766.75;7763.25;7764.75
2026-28-09 12:00:00;7764.75;7767.00;7764.00;7766.25
2026-28-09 12:05:00;7766.25;7766.25;7760.00;7761.25
2026-28-09 12:10:00;7761.00;7763.50;7757.00;7760.25
2026-28-09 12:15:00;7760.75;7762.75;7760.25;7760.25
2026-28-09 12:20:00;7760.25;7762.25;7759.50;7760.25
2026-28-09 12:25:00;7760.25;7762.00;7759.25;7762.00
2026-28-09 12:30:00;7761.75;7762.50;7759.50;7761.75
2026-28-09 12:35:00;7762.00;7762.75;7759.50;7760.50
2026-28-09 12:40:00;7760.50;7762.50;7760.25;7760.75
2026-28-09 12:45:00;7761.00;7763.00;7760.75;7762.25
2026-28-09 12:50:00;7762.00;7767.50;7761.50;7764.25
2026-28-09 12:55:00;7764.25;7764.50;7760.25;7761.50
2026-28-09 13:00:00;7761.50;7769.75;7761.50;7763.50
2026-28-09 13:05:00;7763.25;7764.25;7761.00;7764.25
2026-28-09 13:10:00;7764.25;7765.25;7762.00;7764.00
2026-28-09 13:15:00;7763.75;7770.75;7762.50;7762.75
2026-28-09 13:20:00;7763.00;7770.75;7762.50;7770.75
2026-28-09 13:25:00;7770.50;7770.50;7768.50;7770.25
2026-28-09 13:30:00;7770.00;7770.25;7766.00;7768.50
2026-28-09 13:35:00;7768.50;7769.25;7767.00;7768.25
2026-28-09 13:40:00;7768.25;7769.75;7767.25;7768.75
2026-28-09 13:45:00;7768.75;7769.75;7767.75;7768.50
2026-28-09 13:50:00;7768.50;7769.50;7766.25;7767.00
2026-28-09 13:55:00;7766.75;7770.00;7766.50;7768.25
2026-28-09 14:00:00;7768.25;7778.50;7762.75;7775.50
2026-28-09 14:05:00;7775.25;7779.50;7773.50;7776.25
2026-28-09 14:10:00;7776.25;7779.00;7773.25;7776.25
2026-28-09 14:15:00;7776.00;7779.25;7775.50;7779.00
2026-28-09 14:20:00;7778.75;7781.00;7772.75;7776.00
2026-28-09 14:25:00;7776.00;7781.25;7774.50;7774.50
2026-28-09 14:30:00;7774.50;7779.00;7773.75;7778.25
2026-28-09 14:35:00;7778.00;7778.50;7775.25;7776.75
2026-28-09 14:40:00;7776.75;7778.25;7774.00;7778.25
2026-28-09 14:45:00;7778.25;7780.50;7776.25;7777.00
2026-28-09 14:50:00;7777.00;7781.00;7776.50;7780.25
2026-28-09 14:55:00;7780.25;7781.75;7777.25;7780.75
2026-28-09 15:00:00;7780.50;7780.50;7774.50;7775.25
2026-28-09 15:05:00;7775.00;7776.75;7774.00;7776.00
2026-28-09 15:10:00;7776.00;7777.00;7775.25;7775.75
2026-28-09 15:15:00;7775.75;7778.25;7773.50;7774.75
2026-28-09 15:20:00;7774.75;7775.25;7772.00;7773.25
2026-28-09 15:25:00;7773.25;7774.25;7769.50;7772.75
2026-28-09 15:30:00;7772.75;7775.25;7763.75;7766.50
2026-28-09 15:35:00;7766.50;7766.50;7758.75;7764.00
2026-28-09 15:40:00;7763.75;7766.75;7759.25;7765.00
2026-28-09 15:45:00;7765.00;7772.75;7762.75;7769.50
2026-28-09 15:50:00;7769.75;7774.75;7764.50;7771.75
2026-28-09 15:55:00;7771.75;7773.75;7765.50;7773.00
2026-28-09 16:00:00;7773.00;7773.75;7766.00;7766.25
2026-28-09 16:05:00;7766.50;7770.00;7763.75;7767.00
2026-28-09 16:10:00;7767.00;7767.75;7759.25;7762.00
2026-28-09 16:15:00;7762.25;7766.50;7760.00;7764.25
2026-28-09 16:20:00;7764.50;7769.00;7761.25;7766.50
2026-28-09 16:25:00;7766.50;7767.75;7762.75;7764.00
2026-28-09 16:30:00;7764.00;7764.25;7760.25;7761.25
2026-28-09 16:35:00;7761.25;7762.25;7753.00;7753.75
2026-28-09 16:40:00;7753.75;7755.00;7741.25;7741.75
2026-28-09 16:45:00;7741.75;7742.25;7726.25;7731.75
2026-28-09 16:50:00;7731.75;7737.25;7728.00;7728.50
2026-28-09 16:55:00;7728.50;7733.75;7726.00;7730.75
2026-28-09 17:00:00;7730.75;7736.75;7730.50;7735.25
2026-28-09 17:05:00;7735.25;7746.25;7733.00;7746.00
2026-28-09 17:10:00;7746.25;7747.25;7740.00;7741.00
2026-28-09 17:15:00;7741.00;7742.00;7737.00;7740.50
2026-28-09 17:20:00;7740.50;7740.50;7735.50;7737.50
